ward_code,ward_name,ward_name_en,ward_full_name,ward_full_name_en,ward_type,province_code,province_name,province_name_en,center_lat,center_lng,bbox_south,bbox_north,bbox_west,bbox_east,area_km2
09877,An Khánh,An Khanh,Xã An Khánh,An Khanh Commune,Xã,01,Hà Nội,Hanoi,20.987788,105.707888,20.955372,21.011152,105.663925,105.742777,28.69
09700,Ba Vì,Ba Vi,Xã Ba Vì,Ba Vi Commune,Xã,01,Hà Nội,Hanoi,21.058094,105.341545,21.007239,21.11401,105.293377,105.387487,81.27
00004,Ba Đình,Ba Dinh,Phường Ba Đình,Ba Dinh Ward,Phường,01,Hà Nội,Hanoi,21.03853,105.838061,21.028247,21.050628,105.826595,105.850367,2.97
00292,Bạch Mai,Bach Mai,Phường Bạch Mai,Bach Mai Ward,Phường,01,Hà Nội,Hanoi,21.002211,105.851959,20.995188,21.009184,105.841259,105.862231,2.95
09676,Bất Bạt,Bat Bat,Xã Bất Bạt,Bat Bat Commune,Xã,01,Hà Nội,Hanoi,21.167423,105.332314,21.070456,21.208249,105.285352,105.376569,56.43
00577,Bát Tràng,Bat Trang,Xã Bát Tràng,Bat Trang Commune,Xã,01,Hà Nội,Hanoi,20.969142,105.911856,20.927075,21.012319,105.88128,105.944879,20.67
10126,Bình Minh,Binh Minh,Xã Bình Minh,Binh Minh Commune,Xã,01,Hà Nội,Hanoi,20.904172,105.761842,20.869891,20.939739,105.722392,105.801593,29.86
00118,Bồ Đề,Bo De,Phường Bồ Đề,Bo De Ward,Phường,01,Hà Nội,Hanoi,21.051365,105.870525,21.021044,21.08116,105.840993,105.890555,12.94
00166,Cầu Giấy,Cau Giay,Phường Cầu Giấy,Cau Giay Ward,Phường,01,Hà Nội,Hanoi,21.030915,105.788062,21.017657,21.041853,105.778648,105.801292,3.74
10237,Chương Dương,Chuong Duong,Xã Chương Dương,Chuong Duong Commune,Xã,01,Hà Nội,Hanoi,20.835352,105.900796,20.794717,20.87774,105.867764,105.936104,28.89
10015,Chương Mỹ,Chuong My,Phường Chương Mỹ,Chuong My Ward,Phường,01,Hà Nội,Hanoi,20.924878,105.698546,20.885511,20.96476,105.662111,105.736443,38.9
10330,Chuyên Mỹ,Chuyen My,Xã Chuyên Mỹ,Chuyen My Commune,Xã,01,Hà Nội,Hanoi,20.716266,105.883662,20.668409,20.762737,105.843683,105.922844,35.54
09634,Cổ Đô,Co Do,Xã Cổ Đô,Co Do Commune,Xã,01,Hà Nội,Hanoi,21.268806,105.397387,21.226525,21.305777,105.34728,105.445576,53.25
00082,Cửa Nam,Cua Nam,Phường Cửa Nam,Cua Nam Ward,Phường,01,Hà Nội,Hanoi,21.022639,105.850741,21.017931,21.029076,105.841439,105.862046,1.68
10180,Dân Hoà,Dan Hoa,Xã Dân Hoà,Dan Hoa Commune,Xã,01,Hà Nội,Hanoi,20.809595,105.792122,20.780329,20.841154,105.735706,105.841232,38.43
09856,Dương Hoà,Duong Hoa,Xã Dương Hoà,Duong Hoa Commune,Xã,01,Hà Nội,Hanoi,21.048906,105.67264,21.021869,21.076269,105.646224,105.696846,17.41
09886,Dương Nội,Duong Noi,Phường Dương Nội,Duong Noi Ward,Phường,01,Hà Nội,Hanoi,20.975166,105.74863,20.954546,20.99489,105.730075,105.76492,7.9
00565,Gia Lâm,Gia Lam,Xã Gia Lâm,Gia Lam Commune,Xã,01,Hà Nội,Hanoi,21.00279,105.94866,20.963198,21.041001,105.917909,105.977968,25.72
00025,Giảng Võ,Giang Vo,Phường Giảng Võ,Giang Vo Ward,Phường,01,Hà Nội,Hanoi,21.027563,105.814255,21.016598,21.036937,105.80138,105.830007,2.6
09982,Hạ Bằng,Ha Bang,Xã Hạ Bằng,Ha Bang Commune,Xã,01,Hà Nội,Hanoi,21.020257,105.561103,20.974264,21.05889,105.515504,105.596068,32.14
09556,Hà Đông,Ha Dong,Phường Hà Đông,Ha Dong Ward,Phường,01,Hà Nội,Hanoi,20.973487,105.778154,20.959396,20.989082,105.75366,105.799194,9
00256,Hai Bà Trưng,Hai Ba Trung,Phường Hai Bà Trưng,Hai Ba Trung Ward,Phường,01,Hà Nội,Hanoi,21.013624,105.851895,21.00766,21.02065,105.841327,105.865858,2.65
09772,Hát Môn,Hat Mon,Xã Hát Môn,Hat Mon Commune,Xã,01,Hà Nội,Hanoi,21.089621,105.622803,21.040282,21.137932,105.589499,105.664851,37.67
09988,Hoà Lạc,Hoa Lac,Xã Hoà Lạc,Hoa Lac Commune,Xã,01,Hà Nội,Hanoi,21.01221,105.513082,20.977692,21.048903,105.461253,105.556471,35.37
10096,Hoà Phú,Hoa Phu,Xã Hoà Phú,Hoa Phu Commune,Xã,01,Hà Nội,Hanoi,20.828616,105.716822,20.805091,20.859371,105.657001,105.761174,29.87
10417,Hoà Xá,Hoa Xa,Xã Hoà Xá,Hoa Xa Commune,Xã,01,Hà Nội,Hanoi,20.667373,105.790338,20.611816,20.722555,105.74258,105.834024,40.42
09832,Hoài Đức,Hoai Duc,Xã Hoài Đức,Hoai Duc Commune,Xã,01,Hà Nội,Hanoi,21.062018,105.704867,21.033615,21.090295,105.675552,105.729867,16.73
00070,Hoàn Kiếm,Hoan Kiem,Phường Hoàn Kiếm,Hoan Kiem Ward,Phường,01,Hà Nội,Hanoi,21.032025,105.850448,21.024377,21.040889,105.842494,105.860129,1.91
00337,Hoàng Liệt,Hoang Liet,Phường Hoàng Liệt,Hoang Liet Ward,Phường,01,Hà Nội,Hanoi,20.96149,105.831688,20.951114,20.971037,105.813136,105.84415,4.04
00331,Hoàng Mai,Hoang Mai,Phường Hoàng Mai,Hoang Mai Ward,Phường,01,Hà Nội,Hanoi,20.97458,105.861819,20.963936,20.983721,105.840873,105.889215,9.04
00097,Hồng Hà,Hong Ha,Phường Hồng Hà,Hong Ha Ward,Phường,01,Hà Nội,Hanoi,21.056479,105.845593,21.002414,21.093222,105.816613,105.878062,15.09
10465,Hồng Sơn,Hong Son,Xã Hồng Sơn,Hong Son Commune,Xã,01,Hà Nội,Hanoi,20.715875,105.705603,20.666529,20.765306,105.660757,105.771045,54.38
10210,Hồng Vân,Hong Van,Xã Hồng Vân,Hong Van Commune,Xã,01,Hà Nội,Hanoi,20.879834,105.887811,20.847752,20.912077,105.856387,105.924577,24.53
09931,Hưng Đạo,Hung Dao,Xã Hưng Đạo,Hung Dao Commune,Xã,01,Hà Nội,Hanoi,20.96737,105.670284,20.948901,20.990499,105.630787,105.725882,24.9
10489,Hương Sơn,Huong Son,Xã Hương Sơn,Huong Son Commune,Xã,01,Hà Nội,Hanoi,20.61925,105.762944,20.564283,20.675306,105.71509,105.812954,69.11
00364,Khương Đình,Khuong Dinh,Phường Khương Đình,Khuong Dinh Ward,Phường,01,Hà Nội,Hanoi,20.99098,105.814888,20.978993,21.003116,105.803225,105.824868,3.1
09552,Kiến Hưng,Kien Hung,Phường Kiến Hưng,Kien Hung Ward,Phường,01,Hà Nội,Hanoi,20.95493,105.779579,20.942501,20.965668,105.754763,105.803545,6.65
09910,Kiều Phú,Kieu Phu,Xã Kiều Phú,Kieu Phu Commune,Xã,01,Hà Nội,Hanoi,20.975417,105.607101,20.935366,21.013438,105.573681,105.636725,34.49
00382,Kim Anh,Kim Anh,Xã Kim Anh,Kim Anh Commune,Xã,01,Hà Nội,Hanoi,21.283486,105.766171,21.236573,21.354734,105.723505,105.803346,52.8
00229,Kim Liên,Kim Lien,Phường Kim Liên,Kim Lien Ward,Phường,01,Hà Nội,Hanoi,21.005653,105.832386,20.997767,21.014245,105.820207,105.841415,2.46
00199,Láng,Lang,Phường Láng,Lang Ward,Phường,01,Hà Nội,Hanoi,21.021111,105.806008,21.01055,21.030351,105.797617,105.814926,1.88
09787,Liên Minh,Lien Minh,Xã Liên Minh,Lien Minh Commune,Xã,01,Hà Nội,Hanoi,21.127928,105.645895,21.091576,21.170606,105.622955,105.677048,23.57
00328,Lĩnh Nam,Linh Nam,Phường Lĩnh Nam,Linh Nam Ward,Phường,01,Hà Nội,Hanoi,20.972519,105.891123,20.945519,21.006284,105.871081,105.907937,10.86
00145,Long Biên,Long Bien,Phường Long Biên,Long Bien Ward,Phường,01,Hà Nội,Hanoi,21.019847,105.896166,20.99374,21.052064,105.867461,105.929119,19.04
09022,Mê Linh,Me Linh,Xã Mê Linh,Me Linh Commune,Xã,01,Hà Nội,Hanoi,21.150783,105.732921,21.104755,21.187884,105.695744,105.772581,34.97
09661,Minh Châu,Minh Chau,Xã Minh Châu,Minh Chau Commune,Xã,01,Hà Nội,Hanoi,21.212345,105.45344,21.179855,21.244302,105.441066,105.467697,10.36
10441,Mỹ Đức,My Duc,Xã Mỹ Đức,My Duc Commune,Xã,01,Hà Nội,Hanoi,20.65564,105.717562,20.597056,20.71194,105.663787,105.777072,52.73
00685,Nam Phù,Nam Phu,Xã Nam Phù,Nam Phu Commune,Xã,01,Hà Nội,Hanoi,20.919832,105.883782,20.903022,20.935726,105.859117,105.913266,13.74
00160,Nghĩa Đô,Nghia Do,Phường Nghĩa Đô,Nghia Do Ward,Phường,01,Hà Nội,Hanoi,21.045091,105.794402,21.03027,21.05679,105.780959,105.806643,4.34
00008,Ngọc Hà,Ngoc Ha,Phường Ngọc Hà,Ngoc Ha Ward,Phường,01,Hà Nội,Hanoi,21.038124,105.816315,21.030623,21.047802,105.805235,105.828376,2.68
00679,Ngọc Hồi,Ngoc Hoi,Xã Ngọc Hồi,Ngoc Hoi Commune,Xã,01,Hà Nội,Hanoi,20.912349,105.837039,20.895349,20.929282,105.806054,105.862738,13.35
00433,Nội Bài,Noi Bai,Xã Nội Bài,Noi Bai Commune,Xã,01,Hà Nội,Hanoi,21.230801,105.794656,21.184182,21.28782,105.732233,105.838347,51.64
00190,Ô Chợ Dừa,O Cho Dua,Phường Ô Chợ Dừa,O Cho Dua Ward,Phường,01,Hà Nội,Hanoi,21.023275,105.825762,21.013935,21.032162,105.814991,105.836038,1.83
09817,Ô Diên,O Dien,Xã Ô Diên,O Dien Commune,Xã,01,Hà Nội,Hanoi,21.109411,105.704109,21.06917,21.143373,105.672146,105.736991,32.06
09952,Phú Cát,Phu Cat,Xã Phú Cát,Phu Cat Commune,Xã,01,Hà Nội,Hanoi,20.946065,105.560557,20.909693,20.989399,105.503639,105.620453,51.21
00619,Phú Diễn,Phu Dien,Phường Phú Diễn,Phu Dien Ward,Phường,01,Hà Nội,Hanoi,21.048875,105.765773,21.036604,21.060405,105.745357,105.782233,6.29
09568,Phú Lương,Phu Luong,Phường Phú Lương,Phu Luong Ward,Phường,01,Hà Nội,Hanoi,20.939428,105.766457,20.922602,20.954546,105.745291,105.791856,9.4
10030,Phú Nghĩa,Phu Nghia,Xã Phú Nghĩa,Phu Nghia Commune,Xã,01,Hà Nội,Hanoi,20.918207,105.641872,20.880711,20.955745,105.59755,105.677417,40.25
00091,Phú Thượng,Phu Thuong,Phường Phú Thượng,Phu Thuong Ward,Phường,01,Hà Nội,Hanoi,21.086015,105.801938,21.070445,21.097728,105.785841,105.820877,7.21
10273,Phú Xuyên,Phu Xuyen,Xã Phú Xuyên,Phu Xuyen Commune,Xã,01,Hà Nội,Hanoi,20.764167,105.917464,20.718687,20.810087,105.86831,105.969338,60.02
00541,Phù Đổng,Phu Dong,Xã Phù Đổng,Phu Dong Commune,Xã,01,Hà Nội,Hanoi,21.074081,105.945055,21.03738,21.121137,105.896453,106.002586,41.62
09739,Phúc Lộc,Phuc Loc,Xã Phúc Lộc,Phuc Loc Commune,Xã,01,Hà Nội,Hanoi,21.146755,105.574757,21.117232,21.173686,105.515146,105.627769,41.15
00136,Phúc Lợi,Phuc Loi,Phường Phúc Lợi,Phuc Loi Ward,Phường,01,Hà Nội,Hanoi,21.042304,105.918635,21.024735,21.058172,105.894653,105.938725,10.41
10459,Phúc Sơn,Phuc Son,Xã Phúc Sơn,Phuc Son Commune,Xã,01,Hà Nội,Hanoi,20.781075,105.681198,20.732601,20.830088,105.647631,105.726402,49.31
00466,Phúc Thịnh,Phuc Thinh,Xã Phúc Thịnh,Phuc Thinh Commune,Xã,01,Hà Nội,Hanoi,21.162276,105.815375,21.124597,21.192936,105.770173,105.856307,42.63
09715,Phúc Thọ,Phuc Tho,Xã Phúc Thọ,Phuc Tho Commune,Xã,01,Hà Nội,Hanoi,21.110334,105.554623,21.075173,21.139436,105.500501,105.611561,39.66
10279,Phượng Dực,Phuong Duc,Xã Phượng Dực,Phuong Duc Commune,Xã,01,Hà Nội,Hanoi,20.772139,105.836852,20.73712,20.806726,105.791799,105.889808,44.69
00352,Phương Liệt,Phuong Liet,Phường Phương Liệt,Phuong Liet Ward,Phường,01,Hà Nội,Hanoi,20.992562,105.831844,20.983633,21.002433,105.821462,105.841259,3.2
10072,Quảng Bị,Quang Bi,Xã Quảng Bị,Quang Bi Commune,Xã,01,Hà Nội,Hanoi,20.873084,105.702767,20.843645,20.899863,105.645761,105.75635,37.14
08974,Quang Minh,Quang Minh,Xã Quang Minh,Quang Minh Commune,Xã,01,Hà Nội,Hanoi,21.192629,105.751278,21.168111,21.229123,105.711774,105.790896,32.17
09619,Quảng Oai,Quang Oai,Xã Quảng Oai,Quang Oai Commune,Xã,01,Hà Nội,Hanoi,21.174553,105.427619,21.135243,21.22941,105.374522,105.475402,49.26
09895,Quốc Oai,Quoc Oai,Xã Quốc Oai,Quoc Oai Commune,Xã,01,Hà Nội,Hanoi,21.011603,105.649711,20.970552,21.046295,105.627921,105.677578,24
00376,Sóc Sơn,Soc Son,Xã Sóc Sơn,Soc Son Commune,Xã,01,Hà Nội,Hanoi,21.246306,105.849398,21.188865,21.301971,105.805479,105.887512,68.24
09574,Sơn Tây,Son Tay,Phường Sơn Tây,Son Tay Ward,Phường,01,Hà Nội,Hanoi,21.14423,105.489706,21.112747,21.172096,105.45062,105.524657,23.08
09871,Sơn Đồng,Son Dong,Xã Sơn Đồng,Son Dong Commune,Xã,01,Hà Nội,Hanoi,21.024178,105.704743,21.003133,21.05148,105.663381,105.738936,21.57
09694,Suối Hai,Suoi Hai,Xã Suối Hai,Suoi Hai Commune,Xã,01,Hà Nội,Hanoi,21.123991,105.377458,21.083123,21.166547,105.318309,105.43146,51.56
10144,Tam Hưng,Tam Hung,Xã Tam Hưng,Tam Hung Commune,Xã,01,Hà Nội,Hanoi,20.875806,105.798474,20.839643,20.917232,105.767474,105.824454,29.45
00103,Tây Hồ,Tay Ho,Phường Tây Hồ,Tay Ho Ward,Phường,01,Hà Nội,Hanoi,21.057973,105.820222,21.039538,21.084566,105.804415,105.840144,10.72
00634,Tây Mỗ,Tay Mo,Phường Tây Mỗ,Tay Mo Ward,Phường,01,Hà Nội,Hanoi,21.000883,105.747206,20.989572,21.010558,105.730485,105.762648,5.56
10003,Tây Phương,Tay Phuong,Xã Tây Phương,Tay Phuong Commune,Xã,01,Hà Nội,Hanoi,21.036528,105.611545,21.001334,21.077855,105.583051,105.640009,31.1
00613,Tây Tựu,Tay Tuu,Phường Tây Tựu,Tay Tuu Ward,Phường,01,Hà Nội,Hanoi,21.06414,105.738936,21.047784,21.082554,105.724135,105.760872,7.54
09955,Thạch Thất,Thach That,Xã Thạch Thất,Thach That Commune,Xã,01,Hà Nội,Hanoi,21.069175,105.56215,21.030778,21.102059,105.523182,105.59458,31.93
00643,Thanh Liệt,Thanh Liet,Phường Thanh Liệt,Thanh Liet Ward,Phường,01,Hà Nội,Hanoi,20.970221,105.806147,20.949646,20.991481,105.79208,105.824952,6.44
10114,Thanh Oai,Thanh Oai,Xã Thanh Oai,Thanh Oai Commune,Xã,01,Hà Nội,Hanoi,20.84666,105.766558,20.811602,20.877412,105.728395,105.801464,26.86
00640,Thanh Trì,Thanh Tri,Xã Thanh Trì,Thanh Tri Commune,Xã,01,Hà Nội,Hanoi,20.938832,105.859384,20.922179,20.956624,105.835836,105.886167,9.94
00367,Thanh Xuân,Thanh Xuan,Phường Thanh Xuân,Thanh Xuan Ward,Phường,01,Hà Nội,Hanoi,20.999488,105.804616,20.988306,21.01055,105.79021,105.818108,3.24
00493,Thiên Lộc,Thien Loc,Xã Thiên Lộc,Thien Loc Commune,Xã,01,Hà Nội,Hanoi,21.124066,105.771536,21.097728,21.154575,105.731857,105.808958,27.96
00475,Thư Lâm,Thu Lam,Xã Thư Lâm,Thu Lam Commune,Xã,01,Hà Nội,Hanoi,21.16479,105.887854,21.118897,21.206454,105.84624,105.927294,43.84
00562,Thuận An,Thuan An,Xã Thuận An,Thuan An Commune,Xã,01,Hà Nội,Hanoi,21.029935,105.986476,20.996517,21.068713,105.946904,106.020128,29.67
00598,Thượng Cát,Thuong Cat,Phường Thượng Cát,Thuong Cat Ward,Phường,01,Hà Nội,Hanoi,21.086588,105.749728,21.065795,21.108003,105.724714,105.772514,14.77
10231,Thượng Phúc,Thuong Phuc,Xã Thượng Phúc,Thuong Phuc Commune,Xã,01,Hà Nội,Hanoi,20.829869,105.855451,20.795035,20.864219,105.826252,105.891272,28.91
10183,Thường Tín,Thuong Tin,Xã Thường Tín,Thuong Tin Commune,Xã,01,Hà Nội,Hanoi,20.876972,105.8413,20.83571,20.904356,105.812663,105.875784,28.29
08995,Tiến Thắng,Tien Thang,Xã Tiến Thắng,Tien Thang Commune,Xã,01,Hà Nội,Hanoi,21.210612,105.690364,21.175517,21.239459,105.635817,105.747323,36.34
10081,Trần Phú,Tran Phu,Xã Trần Phú,Tran Phu Commune,Xã,01,Hà Nội,Hanoi,20.842393,105.650184,20.791789,20.882054,105.59896,105.690886,44.36
00385,Trung Giã,Trung Gia,Xã Trung Giã,Trung Gia Commune,Xã,01,Hà Nội,Hanoi,21.331728,105.830829,21.277616,21.385421,105.784674,105.899527,77.52
00592,Từ Liêm,Tu Liem,Phường Từ Liêm,Tu Liem Ward,Phường,01,Hà Nội,Hanoi,21.020338,105.770732,21.002017,21.041666,105.753737,105.792314,10.18
09604,Tùng Thiện,Tung Thien,Phường Tùng Thiện,Tung Thien Ward,Phường,01,Hà Nội,Hanoi,21.12138,105.457761,21.093403,21.15147,105.414563,105.506336,32.34
00322,Tương Mai,Tuong Mai,Phường Tương Mai,Tuong Mai Ward,Phường,01,Hà Nội,Hanoi,20.989351,105.853665,20.983555,20.997767,105.84103,105.875477,3.56
10402,Ứng Hoà,Ung Hoa,Xã Ứng Hoà,Ung Hoa Commune,Xã,01,Hà Nội,Hanoi,20.688834,105.848095,20.643107,20.741741,105.79048,105.90564,67.8
10369,Ứng Thiên,Ung Thien,Xã Ứng Thiên,Ung Thien Commune,Xã,01,Hà Nội,Hanoi,20.774072,105.758576,20.737005,20.809641,105.705244,105.806607,38.4
00226,Văn Miếu - Quốc Tử Giám,Van Mieu - Quoc Tu Giam,Phường Văn Miếu - Quốc Tử Giám,Van Mieu - Quoc Tu Giam Ward,Phường,01,Hà Nội,Hanoi,21.019941,105.837106,21.007713,21.030422,105.829761,105.841558,1.92
10354,Vân Đình,Van Dinh,Xã Vân Đình,Van Dinh Commune,Xã,01,Hà Nội,Hanoi,20.735098,105.766406,20.694533,20.778056,105.696437,105.820355,41.6
09664,Vật Lại,Vat Lai,Xã Vật Lại,Vat Lai Commune,Xã,01,Hà Nội,Hanoi,21.217143,105.391103,21.171431,21.252244,105.339274,105.446363,51.75
00127,Việt Hưng,Viet Hung,Phường Việt Hưng,Viet Hung Ward,Phường,01,Hà Nội,Hanoi,21.064841,105.903946,21.045757,21.07979,105.878063,105.932284,12.91
00301,Vĩnh Hưng,Vinh Hung,Phường Vĩnh Hưng,Vinh Hung Ward,Phường,01,Hà Nội,Hanoi,20.990627,105.882665,20.979572,21.002414,105.868914,105.895015,4.47
00508,Vĩnh Thanh,Vinh Thanh,Xã Vĩnh Thanh,Vinh Thanh Commune,Xã,01,Hà Nội,Hanoi,21.107735,105.817843,21.08116,21.126062,105.781271,105.850134,22.52
00283,Vĩnh Tuy,Vinh Tuy,Phường Vĩnh Tuy,Vinh Tuy Ward,Phường,01,Hà Nội,Hanoi,20.998063,105.867343,20.986643,21.009028,105.860703,105.874229,2.33
10045,Xuân Mai,Xuan Mai,Xã Xuân Mai,Xuan Mai Commune,Xã,01,Hà Nội,Hanoi,20.8728,105.593265,20.806052,20.915533,105.550881,105.642436,50.72
00622,Xuân Phương,Xuan Phuong,Phường Xuân Phương,Xuan Phuong Ward,Phường,01,Hà Nội,Hanoi,21.029551,105.7451,21.006432,21.056473,105.726562,105.763278,10.81
00611,Xuân Đỉnh,Xuan Dinh,Phường Xuân Đỉnh,Xuan Dinh Ward,Phường,01,Hà Nội,Hanoi,21.064443,105.795051,21.051816,21.079122,105.782362,105.809027,5.46
09706,Yên Bài,Yen Bai,Xã Yên Bài,Yen Bai Commune,Xã,01,Hà Nội,Hanoi,21.053759,105.419024,21.011359,21.104982,105.378182,105.468907,68.19
00175,Yên Hoà,Yen Hoa,Phường Yên Hoà,Yen Hoa Ward,Phường,01,Hà Nội,Hanoi,21.013866,105.796185,21.002232,21.026166,105.782199,105.810785,4.1
08980,Yên Lãng,Yen Lang,Xã Yên Lãng,Yen Lang Commune,Xã,01,Hà Nội,Hanoi,21.172197,105.661692,21.13134,21.210965,105.615151,105.702523,44.81
09562,Yên Nghĩa,Yen Nghia,Phường Yên Nghĩa,Yen Nghia Ward,Phường,01,Hà Nội,Hanoi,20.939154,105.736049,20.912573,20.963285,105.711312,105.754763,13.18
00340,Yên Sở,Yen So,Phường Yên Sở,Yen So Ward,Phường,01,Hà Nội,Hanoi,20.95675,105.857193,20.943261,20.966442,105.841977,105.876782,5.62
04930,Yên Xuân,Yen Xuan,Xã Yên Xuân,Yen Xuan Commune,Xã,01,Hà Nội,Hanoi,20.978015,105.470051,20.929553,21.018227,105.391667,105.530248,78.01
00430,Đa Phúc,Da Phuc,Xã Đa Phúc,Da Phuc Commune,Xã,01,Hà Nội,Hanoi,21.250498,105.900562,21.177017,21.317691,105.861825,105.93906,55.32
00637,Đại Mỗ,Dai Mo,Phường Đại Mỗ,Dai Mo Ward,Phường,01,Hà Nội,Hanoi,20.993562,105.775355,20.979787,21.006559,105.752665,105.798736,8.1
00664,Đại Thanh,Dai Thanh,Xã Đại Thanh,Dai Thanh Commune,Xã,01,Hà Nội,Hanoi,20.937069,105.814415,20.90929,20.95941,105.789463,105.844455,18.92
10342,Đại Xuyên,Dai Xuyen,Xã Đại Xuyên,Dai Xuyen Commune,Xã,01,Hà Nội,Hanoi,20.700623,105.94936,20.650818,20.743578,105.902206,106.003299,51.66
09784,Đan Phượng,Dan Phuong,Xã Đan Phượng,Dan Phuong Commune,Xã,01,Hà Nội,Hanoi,21.091221,105.666008,21.066132,21.12301,105.644968,105.687576,15.3
00316,Định Công,Dinh Cong,Phường Định Công,Dinh Cong Ward,Phường,01,Hà Nội,Hanoi,20.976878,105.824903,20.966972,20.988714,105.806436,105.841355,5.34
09616,Đoài Phương,Doai Phuong,Xã Đoài Phương,Doai Phuong Commune,Xã,01,Hà Nội,Hanoi,21.068694,105.486113,21.02195,21.106153,105.438664,105.537999,57.1
00454,Đông Anh,Dong Anh,Xã Đông Anh,Dong Anh Commune,Xã,01,Hà Nội,Hanoi,21.110091,105.871607,21.066446,21.153571,105.827091,105.915112,48.68
00602,Đông Ngạc,Dong Ngac,Phường Đông Ngạc,Dong Ngac Ward,Phường,01,Hà Nội,Hanoi,21.075052,105.775915,21.05429,21.098495,105.755513,105.78846,8.85
00235,Đống Đa,Dong Da,Phường Đống Đa,Dong Da Ward,Phường,01,Hà Nội,Hanoi,21.011923,105.821778,21.001589,21.020827,105.810785,105.834137,2.07
01708,Bạch Đằng,Bach Dang,Xã Bạch Đằng,Bach Dang Commune,Xã,04,Cao Bằng,Cao Bang,22.589427,106.158745,22.512015,22.664405,106.094898,106.22051,141.61
01321,Bảo Lạc,Bao Lac,Xã Bảo Lạc,Bao Lac Commune,Xã,04,Cao Bằng,Cao Bang,22.945328,105.632844,22.869435,23.009935,105.542702,105.722992,118.7
01290,Bảo Lâm,Bao Lam,Xã Bảo Lâm,Bao Lam Commune,Xã,04,Cao Bằng,Cao Bang,22.821444,105.544538,22.758502,22.906127,105.447606,105.632403,161.82
01636,Bế Văn Đàn,Be Van Dan,Xã Bế Văn Đàn,Be Van Dan Commune,Xã,04,Cao Bằng,Cao Bang,22.61246,106.541303,22.555085,22.675126,106.465237,106.609598,118.31
01738,Ca Thành,Ca Thanh,Xã Ca Thành,Ca Thanh Commune,Xã,04,Cao Bằng,Cao Bang,22.724407,105.828319,22.651934,22.802054,105.748509,105.898681,109.85
01366,Cần Yên,Can Yen,Xã Cần Yên,Can Yen Commune,Xã,04,Cao Bằng,Cao Bang,22.883057,105.926227,22.82375,22.946907,105.842208,106.0054,144.64
01789,Canh Tân,Canh Tan,Xã Canh Tân,Canh Tan Commune,Xã,04,Cao Bằng,Cao Bang,22.510328,106.268942,22.408143,22.604724,106.196542,106.328753,132.26
01327,Cô Ba,Co Ba,Xã Cô Ba,Co Ba Commune,Xã,04,Cao Bằng,Cao Bang,22.999365,105.713667,22.945877,23.071527,105.634842,105.788777,134.52
01324,Cốc Pàng,Coc Pang,Xã Cốc Pàng,Coc Pang Commune,Xã,04,Cao Bằng,Cao Bang,23.039307,105.576717,22.971719,23.119845,105.487622,105.679295,170.28
01558,Hạ Lang,Ha Lang,Xã Hạ Lang,Ha Lang Commune,Xã,04,Cao Bằng,Cao Bang,22.638772,106.688586,22.575474,22.719367,106.644543,106.737756,81.13
01438,Hà Quảng,Ha Quang,Xã Hà Quảng,Ha Quang Commune,Xã,04,Cao Bằng,Cao Bang,22.851304,106.159733,22.790505,22.905356,106.074607,106.229449,112.25
01618,Hạnh Phúc,Hanh Phuc,Xã Hạnh Phúc,Hanh Phuc Commune,Xã,04,Cao Bằng,Cao Bang,22.623474,106.4123,22.549641,22.70023,106.345051,106.485586,126.78
01654,Hoà An,Hoa An,Xã Hoà An,Hoa An Commune,Xã,04,Cao Bằng,Cao Bang,22.750306,106.181495,22.695442,22.81175,106.094862,106.267234,97.03
01351,Hưng Đạo,Hung Dao,Xã Hưng Đạo,Hung Dao Commune,Xã,04,Cao Bằng,Cao Bang,22.835378,105.670948,22.761499,22.914485,105.611256,105.741574,122.43
01354,Huy Giáp,Huy Giap,Xã Huy Giáp,Huy Giap Commune,Xã,04,Cao Bằng,Cao Bang,22.794755,105.775126,22.729295,22.863414,105.705098,105.850495,133.76
01336,Khánh Xuân,Khanh Xuan,Xã Khánh Xuân,Khanh Xuan Commune,Xã,04,Cao Bằng,Cao Bang,22.919949,105.758335,22.847996,23.009403,105.683408,105.837517,109.96
01792,Kim Đồng,Kim Dong,Xã Kim Đồng,Kim Dong Commune,Xã,04,Cao Bằng,Cao Bang,22.53282,106.344601,22.457022,22.597105,106.285314,106.404386,112.06
01393,Lũng Nặm,Lung Nam,Xã Lũng Nặm,Lung Nam Commune,Xã,04,Cao Bằng,Cao Bang,22.932559,106.107403,22.861644,23.001019,106.050161,106.179574,97.59
01294,Lý Bôn,Ly Bon,Xã Lý Bôn,Ly Bon Commune,Xã,04,Cao Bằng,Cao Bang,22.930754,105.529665,22.840044,23.009436,105.4388,105.635288,173.25
01537,Lý Quốc,Ly Quoc,Xã Lý Quốc,Ly Quoc Commune,Xã,04,Cao Bằng,Cao Bang,22.789026,106.759095,22.727581,22.849254,106.701253,106.8373,102.18
01795,Minh Khai,Minh Khai,Xã Minh Khai,Minh Khai Commune,Xã,04,Cao Bằng,Cao Bang,22.469689,106.170872,22.3815,22.570036,106.09415,106.241482,173.4
01747,Minh Tâm,Minh Tam,Xã Minh Tâm,Minh Tam Commune,Xã,04,Cao Bằng,Cao Bang,22.694821,106.078241,22.630792,22.765109,106.012908,106.145777,106.64
01297,Nam Quang,Nam Quang,Xã Nam Quang,Nam Quang Commune,Xã,04,Cao Bằng,Cao Bang,22.915876,105.433005,22.829312,23.003902,105.360193,105.530676,148.16
01660,Nam Tuấn,Nam Tuan,Xã Nam Tuấn,Nam Tuan Commune,Xã,04,Cao Bằng,Cao Bang,22.793398,106.103302,22.740323,22.862745,106.029849,106.183133,119.66
01726,Nguyên Bình,Nguyen Binh,Xã Nguyên Bình,Nguyen Binh Commune,Xã,04,Cao Bằng,Cao Bang,22.664418,105.982388,22.62738,22.715571,105.90686,106.06456,99.73
01699,Nguyễn Huệ,Nguyen Hue,Xã Nguyễn Huệ,Nguyen Hue Commune,Xã,04,Cao Bằng,Cao Bang,22.696112,106.297275,22.589527,22.783017,106.201387,106.371995,146.8
01279,Nùng Trí Cao,Nung Tri Cao,Phường Nùng Trí Cao,Nung Tri Cao Ward,Phường,04,Cao Bằng,Cao Bang,22.691538,106.240383,22.644792,22.730669,106.191016,106.289782,29.31
01768,Phan Thanh,Phan Thanh,Xã Phan Thanh,Phan Thanh Commune,Xã,04,Cao Bằng,Cao Bang,22.614209,105.799763,22.523413,22.69237,105.726951,105.869338,138.09
01648,Phục Hoà,Phuc Hoa,Xã Phục Hoà,Phuc Hoa Commune,Xã,04,Cao Bằng,Cao Bang,22.526861,106.531012,22.453259,22.589954,106.448904,106.603772,122.7
01456,Quang Hán,Quang Han,Xã Quang Hán,Quang Han Commune,Xã,04,Cao Bằng,Cao Bang,22.834993,106.264667,22.775095,22.892882,106.206122,106.323709,93.61
01304,Quảng Lâm,Quang Lam,Xã Quảng Lâm,Quang Lam Commune,Xã,04,Cao Bằng,Cao Bang,22.85615,105.37714,22.768806,22.942106,105.265716,105.4813,172.93
01552,Quang Long,Quang Long,Xã Quang Long,Quang Long Commune,Xã,04,Cao Bằng,Cao Bang,22.737319,106.691956,22.662973,22.812183,106.601704,106.779844,130.15
01465,Quang Trung,Quang Trung,Xã Quang Trung,Quang Trung Commune,Xã,04,Cao Bằng,Cao Bang,22.83514,106.38926,22.784964,22.884246,106.335823,106.451811,82.6
01576,Quảng Uyên,Quang Uyen,Xã Quảng Uyên,Quang Uyen Commune,Xã,04,Cao Bằng,Cao Bang,22.714297,106.415817,22.638456,22.794268,106.349975,106.515631,128.05
01360,Sơn Lộ,Son Lo,Xã Sơn Lộ,Son Lo Commune,Xã,04,Cao Bằng,Cao Bang,22.734539,105.652309,22.665965,22.793145,105.571841,105.736061,97.38
01774,Tam Kim,Tam Kim,Xã Tam Kim,Tam Kim Commune,Xã,04,Cao Bằng,Cao Bang,22.587313,106.023818,22.522035,22.653141,105.91686,106.123429,161.81
01288,Tân Giang,Tan Giang,Phường Tân Giang,Tan Giang Ward,Phường,04,Cao Bằng,Cao Bang,22.615254,106.276655,22.57124,22.664852,106.210235,106.35098,84.26
01807,Thạch An,Thach An,Xã Thạch An,Thach An Commune,Xã,04,Cao Bằng,Cao Bang,22.498541,106.423052,22.406276,22.571527,106.359705,106.492392,113.74
01777,Thành Công,Thanh Cong,Xã Thành Công,Thanh Cong Commune,Xã,04,Cao Bằng,Cao Bang,22.573269,105.895291,22.495372,22.639989,105.804325,105.991161,140.63
01387,Thanh Long,Thanh Long,Xã Thanh Long,Thanh Long Commune,Xã,04,Cao Bằng,Cao Bang,22.76325,105.936061,22.682718,22.843344,105.849431,106.020851,118.62
01363,Thông Nông,Thong Nong,Xã Thông Nông,Thong Nong Commune,Xã,04,Cao Bằng,Cao Bang,22.792465,105.993807,22.731278,22.844458,105.904398,106.059852,94.29
01273,Thục Phán,Thuc Phan,Phường Thục Phán,Thuc Phan Ward,Phường,04,Cao Bằng,Cao Bang,22.677738,106.189381,22.640226,22.712525,106.125359,106.262583,55.44
01729,Tĩnh Túc,Tinh Tuc,Xã Tĩnh Túc,Tinh Tuc Commune,Xã,04,Cao Bằng,Cao Bang,22.68802,105.888968,22.623837,22.768374,105.838676,105.950679,86.79
01414,Tổng Cọt,Tong Cot,Xã Tổng Cọt,Tong Cot Commune,Xã,04,Cao Bằng,Cao Bang,22.941843,106.190445,22.884792,22.996907,106.114207,106.265325,100.48
01447,Trà Lĩnh,Tra Linh,Xã Trà Lĩnh,Tra Linh Commune,Xã,04,Cao Bằng,Cao Bang,22.784009,106.328279,22.696504,22.875475,106.282168,106.363321,74.97
01477,Trùng Khánh,Trung Khanh,Xã Trùng Khánh,Trung Khanh Commune,Xã,04,Cao Bằng,Cao Bang,22.840534,106.495917,22.766711,22.910598,106.410992,106.568701,125.5
01392,Trường Hà,Truong Ha,Xã Trường Hà,Truong Ha Commune,Xã,04,Cao Bằng,Cao Bang,22.911911,106.029421,22.824373,22.994291,105.953514,106.107423,143.3
01561,Vinh Quý,Vinh Quy,Xã Vinh Quý,Vinh Quy Commune,Xã,04,Cao Bằng,Cao Bang,22.678619,106.618621,22.575865,22.773668,106.551915,106.699294,143.05
01339,Xuân Trường,Xuan Truong,Xã Xuân Trường,Xuan Truong Commune,Xã,04,Cao Bằng,Cao Bang,22.890856,105.827619,22.803801,22.984214,105.766406,105.881068,122.92
01318,Yên Thổ,Yen Tho,Xã Yên Thổ,Yen Tho Commune,Xã,04,Cao Bằng,Cao Bang,22.723105,105.538835,22.633012,22.790523,105.447057,105.646471,167.67
01501,Đàm Thuỷ,Dam Thuy,Xã Đàm Thuỷ,Dam Thuy Commune,Xã,04,Cao Bằng,Cao Bang,22.833185,106.651176,22.78021,22.892952,106.559993,106.733111,114.63
01489,Đình Phong,Dinh Phong,Xã Đình Phong,Dinh Phong Commune,Xã,04,Cao Bằng,Cao Bang,22.890395,106.565789,22.830395,22.948752,106.485674,106.642279,113.77
01525,Đoài Dương,Doai Duong,Xã Đoài Dương,Doai Duong Commune,Xã,04,Cao Bằng,Cao Bang,22.772012,106.514083,22.703838,22.827494,106.397452,106.60783,114.48
01594,Độc Lập,Doc Lap,Xã Độc Lập,Doc Lap Commune,Xã,04,Cao Bằng,Cao Bang,22.708367,106.49966,22.643847,22.793013,106.413777,106.578361,102.21
01786,Đông Khê,Dong Khe,Xã Đông Khê,Dong Khe Commune,Xã,04,Cao Bằng,Cao Bang,22.409237,106.39147,22.356642,22.477116,106.318684,106.47692,125.27
01822,Đức Long,Duc Long,Xã Đức Long,Duc Long Commune,Xã,04,Cao Bằng,Cao Bang,22.445262,106.4953,22.362208,22.515067,106.435763,106.567979,106.93
02512,An Tường,An Tuong,Phường An Tường,An Tuong Ward,Phường,08,Tuyên Quang,Tuyen Quang,21.773613,105.220741,21.734718,21.811732,105.169083,105.293462,53.44
00991,Bắc Mê,Bac Me,Xã Bắc Mê,Bac Me Commune,Xã,08,Tuyên Quang,Tuyen Quang,22.757946,105.331161,22.703331,22.825265,105.21091,105.44938,154.3
01153,Bắc Quang,Bac Quang,Xã Bắc Quang,Bac Quang Commune,Xã,08,Tuyên Quang,Tuyen Quang,22.424518,104.84484,22.349352,22.485453,104.765839,104.918533,141.93
00976,Bạch Ngọc,Bach Ngoc,Xã Bạch Ngọc,Bach Ngoc Commune,Xã,08,Tuyên Quang,Tuyen Quang,22.588543,105.080899,22.484491,22.678817,104.997029,105.159671,184.51
02380,Bạch Xa,Bach Xa,Xã Bạch Xa,Bach Xa Commune,Xã,08,Tuyên Quang,Tuyen Quang,22.266711,104.952369,22.178808,22.350241,104.891538,105.0102,127.41
00832,Bạch Đích,Bach Dich,Xã Bạch Đích,Bach Dich Commune,Xã,08,Tuyên Quang,Tuyen Quang,23.194511,105.044592,23.13369,23.266901,104.958454,105.102141,95.17
01024,Bản Máy,Ban May,Xã Bản Máy,Ban May Commune,Xã,08,Tuyên Quang,Tuyen Quang,22.798274,104.59433,22.742952,22.853561,104.52391,104.660127,76.17
01180,Bằng Hành,Bang Hanh,Xã Bằng Hành,Bang Hanh Commune,Xã,08,Tuyên Quang,Tuyen Quang,22.406644,104.954668,22.317891,22.483143,104.886554,105.036875,151.72
01246,Bằng Lang,Bang Lang,Xã Bằng Lang,Bang Lang Commune,Xã,08,Tuyên Quang,Tuyen Quang,22.35877,104.6559,22.309914,22.41327,104.564274,104.764361,115.66
02296,Bình An,Binh An,Xã Bình An,Binh An Commune,Xã,08,Tuyên Quang,Tuyen Quang,22.406824,105.183921,22.333276,22.484434,105.109884,105.252307,121.4
02548,Bình Ca,Binh Ca,Xã Bình Ca,Binh Ca Commune,Xã,08,Tuyên Quang,Tuyen Quang,21.727423,105.29649,21.676715,21.774982,105.249373,105.350799,69.48
02524,Bình Thuận,Binh Thuan,Phường Bình Thuận,Binh Thuan Ward,Phường,08,Tuyên Quang,Tuyen Quang,21.724639,105.231789,21.684019,21.758924,105.176112,105.272981,46.34
02404,Bình Xa,Binh Xa,Xã Bình Xa,Binh Xa Commune,Xã,08,Tuyên Quang,Tuyen Quang,22.106747,105.114064,22.025414,22.186561,105.057479,105.163596,91.17
00883,Cán Tỷ,Can Ty,Xã Cán Tỷ,Can Ty Commune,Xã,08,Tuyên Quang,Tuyen Quang,23.126645,105.011604,23.061519,23.193041,104.944772,105.087519,85.13
00952,Cao Bồ,Cao Bo,Xã Cao Bồ,Cao Bo Commune,Xã,08,Tuyên Quang,Tuyen Quang,22.757435,104.881584,22.697527,22.808686,104.803307,104.958944,111.18
02287,Chiêm Hoá,Chiem Hoa,Xã Chiêm Hoá,Chiem Hoa Commune,Xã,08,Tuyên Quang,Tuyen Quang,22.16208,105.276048,22.078468,22.213173,105.193184,105.343638,111.65
02245,Côn Lôn,Con Lon,Xã Côn Lôn,Con Lon Commune,Xã,08,Tuyên Quang,Tuyen Quang,22.559695,105.399935,22.454785,22.640555,105.314442,105.484604,160.76
00871,Du Già,Du Gia,Xã Du Già,Du Gia Commune,Xã,08,Tuyên Quang,Tuyen Quang,22.926534,105.240509,22.875219,22.971484,105.13465,105.333016,126.94
00985,Giáp Trung,Giap Trung,Xã Giáp Trung,Giap Trung Commune,Xã,08,Tuyên Quang,Tuyen Quang,22.805876,105.294651,22.753327,22.856219,105.246249,105.350499,73.21
00694,Hà Giang 1,Ha Giang 1,Phường Hà Giang 1,Ward Ha Giang 1,Phường,08,Tuyên Quang,Tuyen Quang,22.807595,104.935373,22.754617,22.861168,104.863124,104.995293,82.69
00691,Hà Giang 2,Ha Giang 2,Phường Hà Giang 2,Ward Ha Giang 2,Phường,08,Tuyên Quang,Tuyen Quang,22.860936,104.962674,22.800856,22.916325,104.890357,105.018102,60.62
02374,Hàm Yên,Ham Yen,Xã Hàm Yên,Ham Yen Commune,Xã,08,Tuyên Quang,Tuyen Quang,22.048131,105.034406,21.928669,22.139349,104.958593,105.104257,126.19
01084,Hồ Thầu,Ho Thau,Xã Hồ Thầu,Ho Thau Commune,Xã,08,Tuyên Quang,Tuyen Quang,22.605417,104.658913,22.537883,22.667975,104.591921,104.734509,136.83
02353,Hoà An,Hoa An,Xã Hoà An,Hoa An Commune,Xã,08,Tuyên Quang,Tuyen Quang,22.090605,105.23787,22.015203,22.164005,105.188586,105.288959,66.71
01021,Hoàng Su Phì,Hoang Su Phi,Xã Hoàng Su Phì,Hoang Su Phi Commune,Xã,08,Tuyên Quang,Tuyen Quang,22.724488,104.685743,22.657964,22.803409,104.617285,104.764873,86.65
02608,Hồng Sơn,Hong Son,Xã Hồng Sơn,Hong Son Commune,Xã,08,Tuyên Quang,Tuyen Quang,21.593279,105.286471,21.550379,21.627445,105.244145,105.334193,44.22
02260,Hồng Thái,Hong Thai,Xã Hồng Thái,Hong Thai Commune,Xã,08,Tuyên Quang,Tuyen Quang,22.417256,105.503501,22.283616,22.561937,105.413598,105.599155,222.59
01201,Hùng An,Hung An,Xã Hùng An,Hung An Commune,Xã,08,Tuyên Quang,Tuyen Quang,22.335215,104.822629,22.270696,22.393205,104.74884,104.900654,118.57
02455,Hùng Lợi,Hung Loi,Xã Hùng Lợi,Hung Loi Commune,Xã,08,Tuyên Quang,Tuyen Quang,21.924713,105.490281,21.826627,22.030276,105.409513,105.555674,168.93
02425,Hùng Đức,Hung Duc,Xã Hùng Đức,Hung Duc Commune,Xã,08,Tuyên Quang,Tuyen Quang,21.898426,105.067873,21.839353,21.942591,105.013526,105.12185,63.63
00802,Khâu Vai,Khau Vai,Xã Khâu Vai,Khau Vai Commune,Xã,08,Tuyên Quang,Tuyen Quang,23.116192,105.480545,23.041632,23.182775,105.427522,105.533299,107.46
01147,Khuôn Lùng,Khuon Lung,Xã Khuôn Lùng,Khuon Lung Commune,Xã,08,Tuyên Quang,Tuyen Quang,22.522815,104.493009,22.461392,22.576102,104.414615,104.592604,120.28
02437,Kiến Thiết,Kien Thiet,Xã Kiến Thiết,Kien Thiet Commune,Xã,08,Tuyên Quang,Tuyen Quang,21.977809,105.332968,21.902463,22.041135,105.250548,105.398586,109.48
02332,Kiên Đài,Kien Dai,Xã Kiên Đài,Kien Dai Commune,Xã,08,Tuyên Quang,Tuyen Quang,22.134679,105.407013,22.056538,22.208006,105.321262,105.493767,130.82
02350,Kim Bình,Kim Binh,Xã Kim Bình,Kim Binh Commune,Xã,08,Tuyên Quang,Tuyen Quang,22.078315,105.313818,22.012766,22.141232,105.25671,105.365557,92.09
02266,Lâm Bình,Lam Binh,Xã Lâm Bình,Lam Binh Commune,Xã,08,Tuyên Quang,Tuyen Quang,22.550317,105.1932,22.396364,22.698002,105.107408,105.285116,327.65
00937,Lao Chải,Lao Chai,Xã Lao Chải,Lao Chai Commune,Xã,08,Tuyên Quang,Tuyen Quang,22.854889,104.789503,22.795272,22.915165,104.724497,104.851478,98.87
01192,Liên Hiệp,Lien Hiep,Xã Liên Hiệp,Lien Hiep Commune,Xã,08,Tuyên Quang,Tuyen Quang,22.37935,105.03965,22.266669,22.490758,104.968443,105.117903,166.67
00970,Linh Hồ,Linh Ho,Xã Linh Hồ,Linh Ho Commune,Xã,08,Tuyên Quang,Tuyen Quang,22.648221,105.031442,22.520002,22.741415,104.925781,105.15251,181.44
02434,Lực Hành,Luc Hanh,Xã Lực Hành,Luc Hanh Commune,Xã,08,Tuyên Quang,Tuyen Quang,22.007728,105.198925,21.950603,22.069603,105.132842,105.265013,87.97
00715,Lũng Cú,Lung Cu,Xã Lũng Cú,Lung Cu Commune,Xã,08,Tuyên Quang,Tuyen Quang,23.324064,105.301891,23.258504,23.392643,105.234069,105.370237,95.2
00763,Lũng Phìn,Lung Phin,Xã Lũng Phìn,Lung Phin Commune,Xã,08,Tuyên Quang,Tuyen Quang,23.137767,105.261212,23.088599,23.191079,105.207532,105.318638,69.46
00901,Lùng Tám,Lung Tam,Xã Lùng Tám,Lung Tam Commune,Xã,08,Tuyên Quang,Tuyen Quang,23.011502,105.077325,22.946824,23.078779,105.019945,105.143115,124.14
00847,Mậu Duệ,Mau Due,Xã Mậu Duệ,Mau Due Commune,Xã,08,Tuyên Quang,Tuyen Quang,23.056362,105.235892,23.005588,23.114791,105.10154,105.340498,163.31
00769,Mèo Vạc,Meo Vac,Xã Mèo Vạc,Meo Vac Commune,Xã,08,Tuyên Quang,Tuyen Quang,23.18024,105.409769,23.121176,23.240477,105.354554,105.479233,92.21
00994,Minh Ngọc,Minh Ngoc,Xã Minh Ngọc,Minh Ngoc Commune,Xã,08,Tuyên Quang,Tuyen Quang,22.714475,105.214465,22.633895,22.812867,105.12951,105.305504,159.34
02302,Minh Quang,Minh Quang,Xã Minh Quang,Minh Quang Commune,Xã,08,Tuyên Quang,Tuyen Quang,22.349192,105.186524,22.255048,22.460548,105.069569,105.2944,191.34
00982,Minh Sơn,Minh Son,Xã Minh Sơn,Minh Son Commune,Xã,08,Tuyên Quang,Tuyen Quang,22.849577,105.204406,22.773382,22.923536,105.134886,105.280041,146.96
00919,Minh Tân,Minh Tan,Xã Minh Tân,Minh Tan Commune,Xã,08,Tuyên Quang,Tuyen Quang,22.96123,104.918823,22.895888,23.042931,104.860489,104.980373,105.7
02554,Minh Thanh,Minh Thanh,Xã Minh Thanh,Minh Thanh Commune,Xã,08,Tuyên Quang,Tuyen Quang,21.753156,105.437984,21.703665,21.816784,105.372208,105.516322,78.57
02215,Minh Xuân,Minh Xuan,Phường Minh Xuân,Minh Xuan Ward,Phường,08,Tuyên Quang,Tuyen Quang,21.809412,105.17921,21.762417,21.851916,105.145645,105.224607,34.9
02509,Mỹ Lâm,My Lam,Phường Mỹ Lâm,My Lam Ward,Phường,08,Tuyên Quang,Tuyen Quang,21.760123,105.115206,21.716622,21.81184,105.056486,105.173392,80.2
02221,Nà Hang,Na Hang,Xã Nà Hang,Na Hang Commune,Xã,08,Tuyên Quang,Tuyen Quang,22.333433,105.353875,22.255959,22.437008,105.25875,105.473247,256.53
01141,Nấm Dẩn,Nam Dan,Xã Nấm Dẩn,Nam Dan Commune,Xã,08,Tuyên Quang,Tuyen Quang,22.62581,104.500904,22.565012,22.697897,104.458877,104.558777,86.11
01075,Nậm Dịch,Nam Dich,Xã Nậm Dịch,Nam Dich Commune,Xã,08,Tuyên Quang,Tuyen Quang,22.640996,104.750588,22.55613,22.701433,104.664235,104.810075,97.78
00889,Nghĩa Thuận,Nghia Thuan,Xã Nghĩa Thuận,Nghia Thuan Commune,Xã,08,Tuyên Quang,Tuyen Quang,23.122229,104.938293,23.075758,23.180586,104.876835,105.021883,80.12
00859,Ngọc Long,Ngoc Long,Xã Ngọc Long,Ngoc Long Commune,Xã,08,Tuyên Quang,Tuyen Quang,22.990039,105.33229,22.933166,23.048247,105.266221,105.384165,84.26
00700,Ngọc Đường,Ngoc Duong,Xã Ngọc Đường,Ngoc Duong Commune,Xã,08,Tuyên Quang,Tuyen Quang,22.810094,105.09371,22.740556,22.879123,105.003462,105.172464,98.07
02530,Nhữ Khê,Nhu Khe,Xã Nhữ Khê,Nhu Khe Commune,Xã,08,Tuyên Quang,Tuyen Quang,21.701236,105.176954,21.658734,21.74421,105.101856,105.252517,59.04
00817,Niêm Sơn,Niem Son,Xã Niêm Sơn,Niem Son Commune,Xã,08,Tuyên Quang,Tuyen Quang,23.030783,105.431465,22.989833,23.06774,105.369137,105.50317,81.73
02212,Nông Tiến,Nong Tien,Phường Nông Tiến,Nong Tien Ward,Phường,08,Tuyên Quang,Tuyen Quang,21.837515,105.228778,21.798728,21.86598,105.187072,105.269264,26.99
01096,Pà Vầy Sủ,Pa Vay Su,Xã Pà Vầy Sủ,Pa Vay Su Commune,Xã,08,Tuyên Quang,Tuyen Quang,22.670427,104.42552,22.603499,22.731014,104.33423,104.483836,83.3
00745,Phố Bảng,Pho Bang,Xã Phố Bảng,Pho Bang Commune,Xã,08,Tuyên Quang,Tuyen Quang,23.223148,105.173916,23.156963,23.28921,105.119396,105.226288,77.71
00706,Phú Linh,Phu Linh,Xã Phú Linh,Phu Linh Commune,Xã,08,Tuyên Quang,Tuyen Quang,22.756022,105.046854,22.67661,22.824212,104.980248,105.135709,112.37
02611,Phú Lương,Phu Luong,Xã Phú Lương,Phu Luong Commune,Xã,08,Tuyên Quang,Tuyen Quang,21.545598,105.392963,21.497579,21.592824,105.323278,105.460185,85.65
02392,Phù Lưu,Phu Luu,Xã Phù Lưu,Phu Luu Commune,Xã,08,Tuyên Quang,Tuyen Quang,22.184399,105.031835,22.119524,22.240979,104.963247,105.107302,120.45
01057,Pờ Ly Ngài,Po Ly Ngai,Xã Pờ Ly Ngài,Po Ly Ngai Commune,Xã,08,Tuyên Quang,Tuyen Quang,22.706752,104.620069,22.663736,22.745557,104.581686,104.670378,49.34
00874,Quản Bạ,Quan Ba,Xã Quản Bạ,Quan Ba Commune,Xã,08,Tuyên Quang,Tuyen Quang,23.028263,104.978467,22.940465,23.084987,104.91992,105.034786,102.87
01237,Quang Bình,Quang Binh,Xã Quang Bình,Quang Binh Commune,Xã,08,Tuyên Quang,Tuyen Quang,22.457999,104.593253,22.353395,22.542355,104.52614,104.65593,130.14
01144,Quảng Nguyên,Quang Nguyen,Xã Quảng Nguyên,Quang Nguyen Commune,Xã,08,Tuyên Quang,Tuyen Quang,22.580247,104.570211,22.527573,22.651445,104.510851,104.623344,99.48
00733,Sà Phìn,Sa Phin,Xã Sà Phìn,Sa Phin Commune,Xã,08,Tuyên Quang,Tuyen Quang,23.22502,105.245007,23.16984,23.277207,105.191344,105.304396,83.5
02536,Sơn Dương,Son Duong,Xã Sơn Dương,Son Duong Commune,Xã,08,Tuyên Quang,Tuyen Quang,21.688808,105.397313,21.626143,21.752156,105.321925,105.497773,123.17
02620,Sơn Thuỷ,Son Thuy,Xã Sơn Thuỷ,Son Thuy Commune,Xã,08,Tuyên Quang,Tuyen Quang,21.566475,105.487849,21.516419,21.620066,105.433433,105.542403,76.13
00778,Sơn Vĩ,Son Vi,Xã Sơn Vĩ,Son Vi Commune,Xã,08,Tuyên Quang,Tuyen Quang,23.208148,105.485953,23.108961,23.31407,105.382996,105.574104,110.62
00787,Sủng Máng,Sung Mang,Xã Sủng Máng,Sung Mang Commune,Xã,08,Tuyên Quang,Tuyen Quang,23.160609,105.327911,23.099751,23.21474,105.270026,105.373378,76.15
02320,Tân An,Tan An,Xã Tân An,Tan An Commune,Xã,08,Tuyên Quang,Tuyen Quang,22.219747,105.151644,22.156344,22.296066,105.074358,105.238012,133.27
02470,Tân Long,Tan Long,Xã Tân Long,Tan Long Commune,Xã,08,Tuyên Quang,Tuyen Quang,21.891289,105.265577,21.845672,21.94005,105.186886,105.341958,95.32
02308,Tân Mỹ,Tan My,Xã Tân Mỹ,Tan My Commune,Xã,08,Tuyên Quang,Tuyen Quang,22.254888,105.235907,22.196071,22.333558,105.11215,105.354712,137.31
01171,Tân Quang,Tan Quang,Xã Tân Quang,Tan Quang Commune,Xã,08,Tuyên Quang,Tuyen Quang,22.540827,104.85004,22.467623,22.622183,104.778888,104.941942,174.14
02578,Tân Thanh,Tan Thanh,Xã Tân Thanh,Tan Thanh Commune,Xã,08,Tuyên Quang,Tuyen Quang,21.627195,105.420233,21.565204,21.687683,105.319208,105.501289,114.42
01051,Tân Tiến,Tan Tien,Xã Tân Tiến,Tan Tien Commune,Xã,08,Tuyên Quang,Tuyen Quang,22.747938,104.761968,22.683074,22.808188,104.696054,104.814971,84.4
02545,Tân Trào,Tan Trao,Xã Tân Trào,Tan Trao Commune,Xã,08,Tuyên Quang,Tuyen Quang,21.812547,105.457723,21.748194,21.887625,105.39585,105.525756,98.57
01243,Tân Trịnh,Tan Trinh,Xã Tân Trịnh,Tan Trinh Commune,Xã,08,Tuyên Quang,Tuyen Quang,22.421237,104.712142,22.370012,22.48154,104.641662,104.783239,114.75
00808,Tát Ngà,Tat Nga,Xã Tát Ngà,Tat Nga Commune,Xã,08,Tuyên Quang,Tuyen Quang,23.090001,105.384133,23.038786,23.141059,105.323124,105.453697,90.6
02494,Thái Bình,Thai Binh,Xã Thái Bình,Thai Binh Commune,Xã,08,Tuyên Quang,Tuyen Quang,21.801384,105.311584,21.72814,21.872035,105.238559,105.380311,102.59
02419,Thái Hoà,Thai Hoa,Xã Thái Hoà,Thai Hoa Commune,Xã,08,Tuyên Quang,Tuyen Quang,21.961692,105.118507,21.919762,22.010917,105.073409,105.158486,55.6
02407,Thái Sơn,Thai Son,Xã Thái Sơn,Thai Son Commune,Xã,08,Tuyên Quang,Tuyen Quang,21.993837,105.069248,21.922835,22.065107,105.016673,105.145394,93.54
00829,Thắng Mố,Thang Mo,Xã Thắng Mố,Thang Mo Commune,Xã,08,Tuyên Quang,Tuyen Quang,23.194801,105.11561,23.132348,23.250552,105.058681,105.168447,67.71
01033,Thàng Tín,Thang Tin,Xã Thàng Tín,Thang Tin Commune,Xã,08,Tuyên Quang,Tuyen Quang,22.798504,104.677203,22.748052,22.847225,104.605833,104.739376,70.78
00928,Thanh Thuỷ,Thanh Thuy,Xã Thanh Thuỷ,Thanh Thuy Commune,Xã,08,Tuyên Quang,Tuyen Quang,22.867203,104.863791,22.798948,22.949121,104.803043,104.926553,101.77
01090,Thông Nguyên,Thong Nguyen,Xã Thông Nguyên,Thong Nguyen Commune,Xã,08,Tuyên Quang,Tuyen Quang,22.530682,104.747561,22.438522,22.616124,104.695172,104.800438,108.7
00922,Thuận Hoà,Thuan Hoa,Xã Thuận Hoà,Thuan Hoa Commune,Xã,08,Tuyên Quang,Tuyen Quang,22.924411,105.008282,22.86632,23.001662,104.93895,105.057949,108.4
02269,Thượng Lâm,Thuong Lam,Xã Thượng Lâm,Thuong Lam Commune,Xã,08,Tuyên Quang,Tuyen Quang,22.517368,105.311557,22.397717,22.655502,105.230086,105.402758,277.16
02239,Thượng Nông,Thuong Nong,Xã Thượng Nông,Thuong Nong Commune,Xã,08,Tuyên Quang,Tuyen Quang,22.589249,105.492539,22.533596,22.63656,105.423935,105.552036,79.83
00958,Thượng Sơn,Thuong Son,Xã Thượng Sơn,Thuong Son Commune,Xã,08,Tuyên Quang,Tuyen Quang,22.658376,104.834812,22.578141,22.750731,104.768132,104.908101,142.6
01225,Tiên Nguyên,Tien Nguyen,Xã Tiên Nguyên,Tien Nguyen Commune,Xã,08,Tuyên Quang,Tuyen Quang,22.494411,104.671096,22.429796,22.548932,104.603552,104.736372,90.13
01261,Tiên Yên,Tien Yen,Xã Tiên Yên,Tien Yen Commune,Xã,08,Tuyên Quang,Tuyen Quang,22.28532,104.736423,22.20137,22.360789,104.668522,104.791434,97.18
02359,Tri Phú,Tri Phu,Xã Tri Phú,Tri Phu Commune,Xã,08,Tuyên Quang,Tuyen Quang,22.025213,105.412591,21.940609,22.105911,105.342858,105.490581,170.26
02305,Trung Hà,Trung Ha,Xã Trung Hà,Trung Ha Commune,Xã,08,Tuyên Quang,Tuyen Quang,22.285925,105.067034,22.221672,22.357392,104.994419,105.132385,103.18
02458,Trung Sơn,Trung Son,Xã Trung Sơn,Trung Son Commune,Xã,08,Tuyên Quang,Tuyen Quang,21.86413,105.37792,21.786471,21.949419,105.310557,105.45474,134.29
01117,Trung Thịnh,Trung Thinh,Xã Trung Thịnh,Trung Thinh Commune,Xã,08,Tuyên Quang,Tuyen Quang,22.68414,104.55529,22.638324,22.738289,104.501513,104.607422,72.11
02623,Trường Sinh,Truong Sinh,Xã Trường Sinh,Truong Sinh Commune,Xã,08,Tuyên Quang,Tuyen Quang,21.562411,105.323565,21.504062,21.621348,105.266997,105.375013,53.36
00925,Tùng Bá,Tung Ba,Xã Tùng Bá,Tung Ba Commune,Xã,08,Tuyên Quang,Tuyen Quang,22.896093,105.098735,22.829485,22.962871,105.040622,105.151792,120.49
00892,Tùng Vài,Tung Vai,Xã Tùng Vài,Tung Vai Commune,Xã,08,Tuyên Quang,Tuyen Quang,23.060581,104.868966,22.976493,23.12972,104.801137,104.943674,149.98
00913,Vị Xuyên,Vi Xuyen,Xã Vị Xuyên,Vi Xuyen Commune,Xã,08,Tuyên Quang,Tuyen Quang,22.694121,104.971117,22.582464,22.789479,104.937054,105.00971,80.44
00967,Việt Lâm,Viet Lam,Xã Việt Lâm,Viet Lam Commune,Xã,08,Tuyên Quang,Tuyen Quang,22.666841,104.907367,22.590667,22.729496,104.838243,104.964186,92.66
01156,Vĩnh Tuy,Vinh Tuy,Xã Vĩnh Tuy,Vinh Tuy Commune,Xã,08,Tuyên Quang,Tuyen Quang,22.247392,104.866571,22.177529,22.32356,104.810113,104.921911,115.85
01108,Xín Mần,Xin Man,Xã Xín Mần,Xin Man Commune,Xã,08,Tuyên Quang,Tuyen Quang,22.745158,104.512026,22.687817,22.807489,104.413188,104.598568,125.24
01255,Xuân Giang,Xuan Giang,Xã Xuân Giang,Xuan Giang Commune,Xã,08,Tuyên Quang,Tuyen Quang,22.300383,104.623156,22.24117,22.355111,104.544353,104.719578,86.06
02449,Xuân Vân,Xuan Van,Xã Xuân Vân,Xuan Van Commune,Xã,08,Tuyên Quang,Tuyen Quang,21.946659,105.233001,21.900101,21.994303,105.154613,105.315791,104.25
01006,Yên Cường,Yen Cuong,Xã Yên Cường,Yen Cuong Commune,Xã,08,Tuyên Quang,Tuyen Quang,22.678248,105.356693,22.603799,22.733665,105.28252,105.447154,116.9
02248,Yên Hoa,Yen Hoa,Xã Yên Hoa,Yen Hoa Commune,Xã,08,Tuyên Quang,Tuyen Quang,22.477182,105.464269,22.376356,22.575902,105.379831,105.566245,143.83
02317,Yên Lập,Yen Lap,Xã Yên Lập,Yen Lap Commune,Xã,08,Tuyên Quang,Tuyen Quang,22.21556,105.399564,22.14764,22.27215,105.328754,105.464239,103.59
00820,Yên Minh,Yen Minh,Xã Yên Minh,Yen Minh Commune,Xã,08,Tuyên Quang,Tuyen Quang,23.118399,105.142038,23.046806,23.195889,105.041961,105.235804,154.7
02365,Yên Nguyên,Yen Nguyen,Xã Yên Nguyên,Yen Nguyen Commune,Xã,08,Tuyên Quang,Tuyen Quang,22.101262,105.16919,22.012414,22.185273,105.119368,105.219918,97.36
02398,Yên Phú,Yen Phu,Xã Yên Phú,Yen Phu Commune,Xã,08,Tuyên Quang,Tuyen Quang,22.12433,104.934364,22.033945,22.240235,104.848481,105.03051,222.57
02473,Yên Sơn,Yen Son,Xã Yên Sơn,Yen Son Commune,Xã,08,Tuyên Quang,Tuyen Quang,21.862158,105.136591,21.784732,21.928755,105.069734,105.202693,117.92
01234,Yên Thành,Yen Thanh,Xã Yên Thành,Yen Thanh Commune,Xã,08,Tuyên Quang,Tuyen Quang,22.43339,104.513938,22.381166,22.480912,104.448362,104.576077,78.59
01165,Đồng Tâm,Dong Tam,Xã Đồng Tâm,Dong Tam Commune,Xã,08,Tuyên Quang,Tuyen Quang,22.500814,104.988859,22.441672,22.562639,104.882997,105.087998,156.97
02572,Đông Thọ,Dong Tho,Xã Đông Thọ,Dong Tho Commune,Xã,08,Tuyên Quang,Tuyen Quang,21.652754,105.285883,21.601794,21.699246,105.224419,105.345884,74.86
00721,Đồng Văn,Dong Van,Xã Đồng Văn,Dong Van Commune,Xã,08,Tuyên Quang,Tuyen Quang,23.256816,105.347119,23.192705,23.320018,105.274827,105.41907,122.49
01216,Đồng Yên,Dong Yen,Xã Đồng Yên,Dong Yen Commune,Xã,08,Tuyên Quang,Tuyen Quang,22.224986,104.786162,22.167604,22.27967,104.722989,104.84318,79.36
01012,Đường Hồng,Duong Hong,Xã Đường Hồng,Duong Hong Commune,Xã,08,Tuyên Quang,Tuyen Quang,22.675748,105.445472,22.600832,22.759505,105.365778,105.513962,135.42
00865,Đường Thượng,Duong Thuong,Xã Đường Thượng,Duong Thuong Commune,Xã,08,Tuyên Quang,Tuyen Quang,22.990098,105.209212,22.940388,23.031464,105.125018,105.29663,103.25
03301,Búng Lao,Bung Lao,Xã Búng Lao,Bung Lao Commune,Xã,11,Điện Biên,Dien Bien,21.538834,103.306477,21.4723,21.620529,103.219404,103.409905,145.85
03175,Chà Tở,Cha To,Xã Chà Tở,Cha To Commune,Xã,11,Điện Biên,Dien Bien,21.988045,102.939215,21.87332,22.108223,102.847593,103.027458,227.92
03283,Chiềng Sinh,Chieng Sinh,Xã Chiềng Sinh,Chieng Sinh Commune,Xã,11,Điện Biên,Dien Bien,21.627273,103.31188,21.529412,21.690269,103.151399,103.402933,218.01
03256,Mường Ảng,Muong Ang,Xã Mường Ảng,Muong Ang Commune,Xã,11,Điện Biên,Dien Bien,21.491487,103.214306,21.426285,21.551472,103.163912,103.290525,85.94
03166,Mường Chà,Muong Cha,Xã Mường Chà,Muong Cha Commune,Xã,11,Điện Biên,Dien Bien,21.967917,102.798853,21.839784,22.117498,102.675681,102.953495,462.28
03313,Mường Lạn,Muong Lan,Xã Mường Lạn,Muong Lan Commune,Xã,11,Điện Biên,Dien Bien,21.454479,103.31408,21.402315,21.501303,103.220618,103.414344,136.01
03151,Mường Lay,Muong Lay,Phường Mường Lay,Muong Lay Ward,Phường,11,Điện Biên,Dien Bien,22.020259,103.174436,21.932068,22.101752,103.045419,103.289229,222.65
03214,Mường Luân,Muong Luan,Xã Mường Luân,Muong Luan Commune,Xã,11,Điện Biên,Dien Bien,21.247432,103.384541,21.159447,21.333749,103.295891,103.441474,186.22
03268,Mường Mùn,Muong Mun,Xã Mường Mùn,Muong Mun Commune,Xã,11,Điện Biên,Dien Bien,21.723557,103.296714,21.640137,21.809362,103.149407,103.414807,252.84
03368,Mường Nhà,Muong Nha,Xã Mường Nhà,Muong Nha Commune,Xã,11,Điện Biên,Dien Bien,21.008123,103.163406,20.884804,21.1627,103.033401,103.298925,463
03160,Mường Nhé,Muong Nhe,Xã Mường Nhé,Muong Nhe Commune,Xã,11,Điện Biên,Dien Bien,22.220193,102.426856,22.072196,22.36146,102.237823,102.564849,489.47
03325,Mường Phăng,Muong Phang,Xã Mường Phăng,Muong Phang Commune,Xã,11,Điện Biên,Dien Bien,21.465995,103.10417,21.383259,21.561602,103.024311,103.18777,166.7
03202,Mường Pồn,Muong Pon,Xã Mường Pồn,Muong Pon Commune,Xã,11,Điện Biên,Dien Bien,21.593122,103.032206,21.484221,21.690002,102.913153,103.156919,258.76
03334,Mường Thanh,Muong Thanh,Phường Mường Thanh,Muong Thanh Ward,Phường,11,Điện Biên,Dien Bien,21.362704,103.034397,21.334762,21.397275,102.999966,103.077174,27.56
03163,Mường Toong,Muong Toong,Xã Mường Toong,Muong Toong Commune,Xã,11,Điện Biên,Dien Bien,22.176635,102.640293,22.105322,22.262699,102.520444,102.754052,230.69
03181,Mường Tùng,Muong Tung,Xã Mường Tùng,Muong Tung Commune,Xã,11,Điện Biên,Dien Bien,21.945665,103.081493,21.848777,22.05621,102.985547,103.187521,278.93
03176,Nà Bủng,Na Bung,Xã Nà Bủng,Na Bung Commune,Xã,11,Điện Biên,Dien Bien,21.721798,102.71442,21.653824,21.797175,102.645256,102.787934,162.52
03169,Nà Hỳ,Na Hy,Xã Nà Hỳ,Na Hy Commune,Xã,11,Điện Biên,Dien Bien,21.836565,102.724162,21.706392,21.960901,102.609402,102.826917,275.64
03172,Na Sang,Na Sang,Xã Na Sang,Na Sang Commune,Xã,11,Điện Biên,Dien Bien,21.774237,103.067682,21.655609,21.895939,102.972662,103.178979,360.15
03203,Na Son,Na Son,Xã Na Son,Na Son Commune,Xã,11,Điện Biên,Dien Bien,21.273711,103.191283,21.165094,21.429641,103.094336,103.268355,230.71
03316,Nà Tấu,Na Tau,Xã Nà Tấu,Na Tau Commune,Xã,11,Điện Biên,Dien Bien,21.572427,103.153519,21.479874,21.645492,103.060649,103.247947,188.55
03162,Nậm Kè,Nam Ke,Xã Nậm Kè,Nam Ke Commune,Xã,11,Điện Biên,Dien Bien,22.081872,102.589113,21.981276,22.141029,102.453538,102.761981,224.7
03194,Nậm Nèn,Nam Nen,Xã Nậm Nèn,Nam Nen Commune,Xã,11,Điện Biên,Dien Bien,21.785032,103.214714,21.712222,21.896589,103.124561,103.303991,175
03358,Núa Ngam,Nua Ngam,Xã Núa Ngam,Nua Ngam Commune,Xã,11,Điện Biên,Dien Bien,21.172299,103.042919,21.055803,21.302572,102.960826,103.126247,264.78
03193,Pa Ham,Pa Ham,Xã Pa Ham,Pa Ham Commune,Xã,11,Điện Biên,Dien Bien,21.88805,103.217597,21.812315,21.970131,103.163728,103.282634,135.84
03382,Phình Giàng,Phinh Giang,Xã Phình Giàng,Phinh Giang Commune,Xã,11,Điện Biên,Dien Bien,21.120717,103.220314,21.028789,21.22146,103.122052,103.288902,226.37
03370,Pu Nhi,Pu Nhi,Xã Pu Nhi,Pu Nhi Commune,Xã,11,Điện Biên,Dien Bien,21.350489,103.144361,21.25354,21.437748,103.066657,103.23596,181.22
03260,Pú Nhung,Pu Nhung,Xã Pú Nhung,Pu Nhung Commune,Xã,11,Điện Biên,Dien Bien,21.719488,103.494492,21.651786,21.793294,103.401738,103.598477,209.93
03295,Quài Tở,Quai To,Xã Quài Tở,Quai To Commune,Xã,11,Điện Biên,Dien Bien,21.552032,103.466502,21.42632,21.657316,103.389746,103.555597,182.01
03164,Quảng Lâm,Quang Lam,Xã Quảng Lâm,Quang Lam Commune,Xã,11,Điện Biên,Dien Bien,21.995632,102.611245,21.901265,22.071205,102.50006,102.712657,233.25
03356,Sam Mứn,Sam Mun,Xã Sam Mứn,Sam Mun Commune,Xã,11,Điện Biên,Dien Bien,21.218241,102.953371,21.113111,21.301862,102.867005,103.024552,156.12
03244,Sáng Nhè,Sang Nhe,Xã Sáng Nhè,Sang Nhe Commune,Xã,11,Điện Biên,Dien Bien,21.845643,103.462075,21.766138,21.927006,103.373925,103.553153,186.87
03199,Si Pa Phìn,Si Pa Phin,Xã Si Pa Phìn,Si Pa Phin Commune,Xã,11,Điện Biên,Dien Bien,21.806915,102.920622,21.702234,21.917297,102.849209,103.000713,241.65
03226,Sín Chải,Sin Chai,Xã Sín Chải,Sin Chai Commune,Xã,11,Điện Biên,Dien Bien,22.05678,103.330813,21.953099,22.154073,103.257085,103.414605,189.13
03158,Sín Thầu,Sin Thau,Xã Sín Thầu,Sin Thau Commune,Xã,11,Điện Biên,Dien Bien,22.379911,102.293113,22.243642,22.548166,102.143914,102.444731,516.42
03241,Sính Phình,Sinh Phinh,Xã Sính Phình,Sinh Phinh Commune,Xã,11,Điện Biên,Dien Bien,21.939118,103.339326,21.863226,22.026448,103.250474,103.415626,174.53
03352,Thanh An,Thanh An,Xã Thanh An,Thanh An Commune,Xã,11,Điện Biên,Dien Bien,21.30675,103.038646,21.251225,21.352515,102.997217,103.079591,57.23
03328,Thanh Nưa,Thanh Nua,Xã Thanh Nưa,Thanh Nua Commune,Xã,11,Điện Biên,Dien Bien,21.428305,102.959843,21.346309,21.496706,102.869347,103.037163,176.97
03349,Thanh Yên,Thanh Yen,Xã Thanh Yên,Thanh Yen Commune,Xã,11,Điện Biên,Dien Bien,21.306286,102.921252,21.245422,21.36667,102.807775,103.009914,130.1
03385,Tìa Dình,Tia Dinh,Xã Tìa Dình,Tia Dinh Commune,Xã,11,Điện Biên,Dien Bien,21.139334,103.34146,21.059989,21.223044,103.271083,103.424435,166.76
03217,Tủa Chùa,Tua Chua,Xã Tủa Chùa,Tua Chua Commune,Xã,11,Điện Biên,Dien Bien,21.823648,103.360163,21.767855,21.87625,103.288744,103.432324,108.33
03220,Tủa Thàng,Tua Thang,Xã Tủa Thàng,Tua Thang Commune,Xã,11,Điện Biên,Dien Bien,22.000009,103.434111,21.904101,22.156933,103.361198,103.521879,150.92
03253,Tuần Giáo,Tuan Giao,Xã Tuần Giáo,Tuan Giao Commune,Xã,11,Điện Biên,Dien Bien,21.631329,103.433664,21.566978,21.695285,103.378292,103.50878,108.49
03208,Xa Dung,Xa Dung,Xã Xa Dung,Xa Dung Commune,Xã,11,Điện Biên,Dien Bien,21.322326,103.299,21.207752,21.428717,103.226258,103.387938,215.5
03127,Điện Biên Phủ,Dien Bien Phu,Phường Điện Biên Phủ,Dien Bien Phu Ward,Phường,11,Điện Biên,Dien Bien,21.409534,103.046364,21.369957,21.461221,102.992789,103.092245,56.75
03424,Bản Bo,Ban Bo,Xã Bản Bo,Ban Bo Commune,Xã,12,Lai Châu,Lai Chau,22.284646,103.69732,22.215299,22.349863,103.61539,103.782477,100.82
03390,Bình Lư,Binh Lu,Xã Bình Lư,Binh Lu Commune,Xã,12,Lai Châu,Lai Chau,22.353153,103.677743,22.27197,22.416547,103.578487,103.777921,173.91
03466,Bum Nưa,Bum Nua,Xã Bum Nưa,Bum Nua Commune,Xã,12,Lai Châu,Lai Chau,22.49246,102.85009,22.346084,22.627355,102.754546,102.933417,315.13
03433,Bum Tở,Bum To,Xã Bum Tở,Bum To Commune,Xã,12,Lai Châu,Lai Chau,22.340731,102.791233,22.207814,22.522186,102.677214,102.906,384.07
03571,Dào San,Dao San,Xã Dào San,Dao San Commune,Xã,12,Lai Châu,Lai Chau,22.663675,103.361437,22.625769,22.709963,103.234768,103.477255,137.29
03508,Hồng Thu,Hong Thu,Xã Hồng Thu,Hong Thu Commune,Xã,12,Lai Châu,Lai Chau,22.427556,103.276765,22.3634,22.503055,103.175866,103.370513,178
03460,Hua Bum,Hua Bum,Xã Hua Bum,Hua Bum Commune,Xã,12,Lai Châu,Lai Chau,22.356523,102.980327,22.25318,22.486032,102.820039,103.111164,355.72
03640,Khoen On,Khoen On,Xã Khoen On,Khoen On Commune,Xã,12,Lai Châu,Lai Chau,21.76859,103.853971,21.685743,21.855525,103.753127,103.966969,189.78
03583,Khổng Lào,Khong Lao,Xã Khổng Lào,Khong Lao Commune,Xã,12,Lai Châu,Lai Chau,22.593513,103.372357,22.532201,22.649101,103.25334,103.488056,188.12
03430,Khun Há,Khun Ha,Xã Khun Há,Khun Ha Commune,Xã,12,Lai Châu,Lai Chau,22.258136,103.583419,22.168119,22.35591,103.510511,103.665571,149.35
03487,Lê Lợi,Le Loi,Xã Lê Lợi,Le Loi Commune,Xã,12,Lai Châu,Lai Chau,22.169913,103.15425,22.060812,22.307745,103.059864,103.253393,288.36
03451,Mù Cả,Mu Ca,Xã Mù Cả,Mu Ca Commune,Xã,12,Lai Châu,Lai Chau,22.484445,102.459101,22.356315,22.574552,102.320675,102.60523,384.04
03601,Mường Khoa,Muong Khoa,Xã Mường Khoa,Muong Khoa Commune,Xã,12,Lai Châu,Lai Chau,22.219154,103.716192,22.14033,22.303587,103.589628,103.845362,168.83
03637,Mường Kim,Muong Kim,Xã Mường Kim,Muong Kim Commune,Xã,12,Lai Châu,Lai Chau,21.880884,103.797632,21.770449,21.993387,103.669291,103.952664,316.32
03472,Mường Mô,Muong Mo,Xã Mường Mô,Muong Mo Commune,Xã,12,Lai Châu,Lai Chau,22.174135,102.864378,22.059684,22.293854,102.736781,102.998216,395.16
03445,Mường Tè,Muong Te,Xã Mường Tè,Muong Te Commune,Xã,12,Lai Châu,Lai Chau,22.496093,102.632746,22.369813,22.637033,102.515137,102.745818,292
03618,Mường Than,Muong Than,Xã Mường Than,Muong Than Commune,Xã,12,Lai Châu,Lai Chau,22.019761,103.861451,21.965585,22.081933,103.744592,103.965658,154.08
03544,Nậm Cuổi,Nam Cuoi,Xã Nậm Cuổi,Nam Cuoi Commune,Xã,12,Lai Châu,Lai Chau,22.084117,103.502083,21.971207,22.178979,103.415389,103.591029,177.16
03434,Nậm Hàng,Nam Hang,Xã Nậm Hàng,Nam Hang Commune,Xã,12,Lai Châu,Lai Chau,22.145019,103.019308,22.025986,22.28319,102.924365,103.106983,335.92
03538,Nậm Mạ,Nam Ma,Xã Nậm Mạ,Nam Ma Commune,Xã,12,Lai Châu,Lai Chau,22.151569,103.424603,22.088762,22.213567,103.329041,103.491153,112.73
03613,Nậm Sỏ,Nam So,Xã Nậm Sỏ,Nam So Commune,Xã,12,Lai Châu,Lai Chau,22.050063,103.641153,21.948371,22.16283,103.532249,103.78714,263.42
03517,Nậm Tăm,Nam Tam,Xã Nậm Tăm,Nam Tam Commune,Xã,12,Lai Châu,Lai Chau,22.292892,103.38255,22.174844,22.401191,103.298643,103.484337,242.28
03503,Pa Tần,Pa Tan,Xã Pa Tần,Pa Tan Commune,Xã,12,Lai Châu,Lai Chau,22.415033,103.123291,22.279322,22.532852,103.014647,103.233878,316.53
03442,Pa Ủ,Pa U,Xã Pa Ủ,Pa U Commune,Xã,12,Lai Châu,Lai Chau,22.625221,102.649003,22.502305,22.73384,102.476726,102.787587,444.58
03616,Pắc Ta,Pac Ta,Xã Pắc Ta,Pac Ta Commune,Xã,12,Lai Châu,Lai Chau,22.099211,103.858632,22.038134,22.178371,103.755251,103.94445,168.58
03549,Phong Thổ,Phong Tho,Xã Phong Thổ,Phong Tho Commune,Xã,12,Lai Châu,Lai Chau,22.554236,103.247505,22.475009,22.659091,103.134321,103.403856,266.71
03532,Pu Sam Cáp,Pu Sam Cap,Xã Pu Sam Cáp,Pu Sam Cap Commune,Xã,12,Lai Châu,Lai Chau,22.226311,103.493291,22.163758,22.297991,103.408771,103.58647,152.23
03562,Sì Lở Lầu,Si Lo Lau,Xã Sì Lở Lầu,Si Lo Lau Commune,Xã,12,Lai Châu,Lai Chau,22.740993,103.356433,22.676264,22.811227,103.278584,103.442119,147.8
03478,Sìn Hồ,Sin Ho,Xã Sìn Hồ,Sin Ho Commune,Xã,12,Lai Châu,Lai Chau,22.326291,103.226386,22.225747,22.414099,103.159452,103.307452,159.68
03394,Sin Suối Hồ,Sin Suoi Ho,Xã Sin Suối Hồ,Sin Suoi Ho Commune,Xã,12,Lai Châu,Lai Chau,22.520729,103.492456,22.420009,22.620872,103.385388,103.595543,255.91
03405,Tả Lèng,Ta Leng,Xã Tả Lèng,Ta Leng Commune,Xã,12,Lai Châu,Lai Chau,22.400934,103.558031,22.330457,22.472631,103.482939,103.622744,128.36
03463,Tà Tổng,Ta Tong,Xã Tà Tổng,Ta Tong Commune,Xã,12,Lai Châu,Lai Chau,22.323284,102.604396,22.166962,22.435461,102.451747,102.753166,512.01
03408,Tân Phong,Tan Phong,Phường Tân Phong,Tan Phong Ward,Phường,12,Lai Châu,Lai Chau,22.353681,103.485087,22.280932,22.430952,103.416158,103.5458,106.77
03598,Tân Uyên,Tan Uyen,Xã Tân Uyên,Tan Uyen Commune,Xã,12,Lai Châu,Lai Chau,22.143292,103.750922,22.037214,22.241685,103.618136,103.872997,296.25
03595,Than Uyên,Than Uyen,Xã Than Uyên,Than Uyen Commune,Xã,12,Lai Châu,Lai Chau,21.956983,103.88438,21.908864,22.005553,103.770003,103.985094,132.09
03439,Thu Lũm,Thu Lum,Xã Thu Lũm,Thu Lum Commune,Xã,12,Lai Châu,Lai Chau,22.656011,102.460123,22.555691,22.78061,102.345742,102.550777,251.55
03529,Tủa Sín Chải,Tua Sin Chai,Xã Tủa Sín Chải,Tua Sin Chai Commune,Xã,12,Lai Châu,Lai Chau,22.200512,103.27264,22.038523,22.34333,103.176195,103.348212,292.88
03388,Đoàn Kết,Doan Ket,Phường Đoàn Kết,Doan Ket Ward,Phường,12,Lai Châu,Lai Chau,22.44116,103.397412,22.362393,22.507735,103.311436,103.484763,134.31
03856,Bắc Yên,Bac Yen,Xã Bắc Yên,Bac Yen Commune,Xã,14,Sơn La,Son La,21.19615,104.45083,21.097904,21.277995,104.343827,104.534937,195.23
03724,Bình Thuận,Binh Thuan,Xã Bình Thuận,Binh Thuan Commune,Xã,14,Sơn La,Son La,21.567129,103.604236,21.477746,21.631579,103.529187,103.6737,121.78
04171,Bó Sinh,Bo Sinh,Xã Bó Sinh,Bo Sinh Commune,Xã,14,Sơn La,Son La,21.240006,103.478031,21.162887,21.354612,103.417411,103.561687,153.83
03664,Chiềng An,Chieng An,Phường Chiềng An,Chieng An Ward,Phường,14,Sơn La,Son La,21.385607,103.895077,21.326156,21.442799,103.807774,103.985005,149.08
03670,Chiềng Cơi,Chieng Coi,Phường Chiềng Cơi,Chieng Coi Ward,Phường,14,Sơn La,Son La,21.29799,103.877592,21.245328,21.350983,103.802629,103.944204,93.56
04078,Chiềng Hặc,Chieng Hac,Xã Chiềng Hặc,Chieng Hac Commune,Xã,14,Sơn La,Son La,20.98985,104.432755,20.881327,21.076588,104.324603,104.546739,239.91
03850,Chiềng Hoa,Chieng Hoa,Xã Chiềng Hoa,Chieng Hoa Commune,Xã,14,Sơn La,Son La,21.460273,104.203922,21.363482,21.565915,104.091227,104.30295,296.48
04204,Chiềng Khoong,Chieng Khoong,Xã Chiềng Khoong,Chieng Khoong Commune,Xã,14,Sơn La,Son La,20.959817,103.767414,20.847008,21.082671,103.65506,103.864055,253.87
04222,Chiềng Khương,Chieng Khuong,Xã Chiềng Khương,Chieng Khuong Commune,Xã,14,Sơn La,Son La,20.95193,103.98656,20.893888,21.029096,103.894929,104.069734,149.82
03754,Chiềng La,Chieng La,Xã Chiềng La,Chieng La Commune,Xã,14,Sơn La,Son La,21.487191,103.753561,21.387312,21.546684,103.658151,103.833177,126.13
03814,Chiềng Lao,Chieng Lao,Xã Chiềng Lao,Chieng Lao Commune,Xã,14,Sơn La,Son La,21.63597,103.904465,21.540988,21.743838,103.752339,104.092996,358.55
04132,Chiềng Mai,Chieng Mai,Xã Chiềng Mai,Chieng Mai Commune,Xã,14,Sơn La,Son La,21.181289,103.97659,21.102976,21.276139,103.899276,104.06578,151.85
04123,Chiềng Mung,Chieng Mung,Xã Chiềng Mung,Chieng Mung Commune,Xã,14,Sơn La,Son La,21.266559,104.038019,21.1891,21.36576,103.952945,104.109575,142.14
03892,Chiềng Sại,Chieng Sai,Xã Chiềng Sại,Chieng Sai Commune,Xã,14,Sơn La,Son La,21.074539,104.473818,21.010004,21.132286,104.380965,104.571332,124.55
03679,Chiềng Sinh,Chieng Sinh,Phường Chiềng Sinh,Chieng Sinh Ward,Phường,14,Sơn La,Son La,21.305164,103.978185,21.248528,21.367603,103.93363,104.029294,68.4
04195,Chiềng Sơ,Chieng So,Xã Chiềng Sơ,Chieng So Commune,Xã,14,Sơn La,Son La,21.127211,103.598411,21.075117,21.188831,103.497352,103.696201,140.31
03985,Chiềng Sơn,Chieng Son,Xã Chiềng Sơn,Chieng Son Commune,Xã,14,Sơn La,Son La,20.731482,104.646538,20.672006,20.809773,104.546142,104.755099,204.9
04108,Chiềng Sung,Chieng Sung,Xã Chiềng Sung,Chieng Sung Commune,Xã,14,Sơn La,Son La,21.31234,104.114323,21.236774,21.381461,104.017353,104.195179,109.28
03781,Co Mạ,Co Ma,Xã Co Mạ,Co Ma Commune,Xã,14,Sơn La,Son La,21.325141,103.529794,21.216638,21.395,103.408047,103.62965,214.28
03922,Gia Phù,Gia Phu,Xã Gia Phù,Gia Phu Commune,Xã,14,Sơn La,Son La,21.191366,104.560911,21.119598,21.238801,104.485736,104.640433,111.32
04210,Huổi Một,Huoi Mot,Xã Huổi Một,Huoi Mot Commune,Xã,14,Sơn La,Son La,21.037133,103.63383,20.957364,21.108924,103.491821,103.759291,240.66
03961,Kim Bon,Kim Bon,Xã Kim Bon,Kim Bon Commune,Xã,14,Sơn La,Son La,21.104646,104.588051,21.045015,21.175391,104.514927,104.672402,104.51
03763,Long Hẹ,Long He,Xã Long Hẹ,Long He Commune,Xã,14,Sơn La,Son La,21.430355,103.499339,21.374314,21.520019,103.41203,103.598809,158.4
04096,Lóng Phiêng,Long Phieng,Xã Lóng Phiêng,Long Phieng Commune,Xã,14,Sơn La,Son La,20.886474,104.386302,20.798648,20.969552,104.312061,104.450772,147.81
04045,Lóng Sập,Long Sap,Xã Lóng Sập,Long Sap Commune,Xã,14,Sơn La,Son La,20.798705,104.502264,20.700498,20.886785,104.417165,104.598154,211.3
04105,Mai Sơn,Mai Son,Xã Mai Sơn,Mai Son Commune,Xã,14,Sơn La,Son La,21.158152,104.129565,21.066661,21.225678,104.018426,104.217583,164.4
03980,Mộc Châu,Moc Chau,Phường Mộc Châu,Moc Chau Ward,Phường,14,Sơn La,Son La,20.873488,104.570911,20.757762,20.974052,104.466325,104.674475,167.62
03979,Mộc Sơn,Moc Son,Phường Mộc Sơn,Moc Son Ward,Phường,14,Sơn La,Son La,20.810068,104.651644,20.758942,20.865056,104.601513,104.700759,37.88
03799,Muổi Nọi,Muoi Noi,Xã Muổi Nọi,Muoi Noi Commune,Xã,14,Sơn La,Son La,21.305206,103.791546,21.201764,21.39876,103.7278,103.84215,128.7
03760,Mường Bám,Muong Bam,Xã Mường Bám,Muong Bam Commune,Xã,14,Sơn La,Son La,21.38171,103.389847,21.315699,21.450568,103.330233,103.438416,76.16
03943,Mường Bang,Muong Bang,Xã Mường Bang,Muong Bang Commune,Xã,14,Sơn La,Son La,21.167978,104.805727,21.051096,21.282442,104.70603,104.912038,270.15
03847,Mường Bú,Muong Bu,Xã Mường Bú,Muong Bu Commune,Xã,14,Sơn La,Son La,21.409199,104.044882,21.309266,21.494374,103.931705,104.170656,213.65
04117,Mường Chanh,Muong Chanh,Xã Mường Chanh,Muong Chanh Commune,Xã,14,Sơn La,Son La,21.214918,103.872412,21.163318,21.276267,103.814188,103.943976,101.47
03688,Mường Chiên,Muong Chien,Xã Mường Chiên,Muong Chien Commune,Xã,14,Sơn La,Son La,21.91345,103.595599,21.807442,22.030504,103.479221,103.722666,382.2
03907,Mường Cơi,Muong Coi,Xã Mường Cơi,Muong Coi Commune,Xã,14,Sơn La,Son La,21.314991,104.739895,21.206429,21.406567,104.643088,104.843067,194.98
03727,Mường É,Muong E,Xã Mường É,Muong E Commune,Xã,14,Sơn La,Son La,21.499454,103.560289,21.430468,21.567519,103.472891,103.64788,139.91
03694,Mường Giôn,Muong Gion,Xã Mường Giôn,Muong Gion Commune,Xã,14,Sơn La,Son La,21.761888,103.679088,21.665763,21.832548,103.540763,103.810134,290.54
04219,Mường Hung,Muong Hung,Xã Mường Hung,Muong Hung Commune,Xã,14,Sơn La,Son La,20.965307,103.875096,20.861246,21.063114,103.785024,103.966688,226.09
03757,Mường Khiêng,Muong Khieng,Xã Mường Khiêng,Muong Khieng Commune,Xã,14,Sơn La,Son La,21.487756,103.878988,21.422992,21.556751,103.79326,103.985326,204.2
03808,Mường La,Muong La,Xã Mường La,Muong La Commune,Xã,14,Sơn La,Son La,21.540639,104.049699,21.447821,21.619572,103.884881,104.193524,341.86
04183,Mường Lầm,Muong Lam,Xã Mường Lầm,Muong Lam Commune,Xã,14,Sơn La,Son La,21.135782,103.486476,21.046564,21.23346,103.396519,103.606536,167.1
04246,Mường Lạn,Muong Lan,Xã Mường Lạn,Muong Lan Commune,Xã,14,Sơn La,Son La,20.768509,103.709054,20.660901,20.873793,103.599794,103.804617,264.89
04240,Mường Lèo,Muong Leo,Xã Mường Lèo,Muong Leo Commune,Xã,14,Sơn La,Son La,20.892867,103.35121,20.782345,21.016019,103.212048,103.459367,375.76
03712,Mường Sại,Muong Sai,Xã Mường Sại,Muong Sai Commune,Xã,14,Sơn La,Son La,21.594019,103.74129,21.530772,21.666397,103.671144,103.820833,122.94
03784,Nậm Lầu,Nam Lau,Xã Nậm Lầu,Nam Lau Commune,Xã,14,Sơn La,Son La,21.342946,103.685232,21.257889,21.45876,103.59319,103.78834,247.63
04186,Nậm Ty,Nam Ty,Xã Nậm Ty,Nam Ty Commune,Xã,14,Sơn La,Son La,21.223756,103.65334,21.134433,21.31208,103.546549,103.755556,201.89
03820,Ngọc Chiến,Ngoc Chien,Xã Ngọc Chiến,Ngoc Chien Commune,Xã,14,Sơn La,Son La,21.614865,104.216431,21.549721,21.673002,104.084034,104.340452,212.19
03871,Pắc Ngà,Pac Nga,Xã Pắc Ngà,Pac Nga Commune,Xã,14,Sơn La,Son La,21.290653,104.263678,21.217505,21.381483,104.168218,104.375217,122.59
04144,Phiêng Cằm,Phieng Cam,Xã Phiêng Cằm,Phieng Cam Commune,Xã,14,Sơn La,Son La,21.140793,103.835441,21.048866,21.256027,103.696551,103.989232,280.33
04099,Phiêng Khoài,Phieng Khoai,Xã Phiêng Khoài,Phieng Khoai Commune,Xã,14,Sơn La,Son La,20.954599,104.28073,20.898537,21.01507,104.212842,104.367172,103.77
04159,Phiêng Pằn,Phieng Pan,Xã Phiêng Pằn,Phieng Pan Commune,Xã,14,Sơn La,Son La,21.058464,104.060676,20.958898,21.150837,103.904861,104.195428,320.65
03910,Phù Yên,Phu Yen,Xã Phù Yên,Phu Yen Commune,Xã,14,Sơn La,Son La,21.243331,104.655914,21.177771,21.297295,104.561558,104.725596,117.98
04228,Púng Bánh,Pung Banh,Xã Púng Bánh,Pung Banh Commune,Xã,14,Sơn La,Son La,21.002657,103.448112,20.91007,21.101984,103.2742,103.608639,364.64
03703,Quỳnh Nhai,Quynh Nhai,Xã Quỳnh Nhai,Quynh Nhai Commune,Xã,14,Sơn La,Son La,21.643578,103.661918,21.524374,21.742466,103.541744,103.813092,244.31
04006,Song Khủa,Song Khua,Xã Song Khủa,Song Khua Commune,Xã,14,Sơn La,Son La,20.915382,104.913114,20.810698,21.029858,104.832845,105.006729,192.45
04168,Sông Mã,Song Ma,Xã Sông Mã,Song Ma Commune,Xã,14,Sơn La,Son La,21.092298,103.732951,21.033846,21.146464,103.668939,103.802394,105.99
04231,Sốp Cộp,Sop Cop,Xã Sốp Cộp,Sop Cop Commune,Xã,14,Sơn La,Son La,20.859976,103.576141,20.74485,20.994755,103.428948,103.709399,466.95
03901,Suối Tọ,Suoi To,Xã Suối Tọ,Suoi To Commune,Xã,14,Sơn La,Son La,21.326847,104.599107,21.221665,21.423008,104.51008,104.686506,177.49
04136,Tà Hộc,Ta Hoc,Xã Tà Hộc,Ta Hoc Commune,Xã,14,Sơn La,Son La,21.237967,104.191738,21.179072,21.310504,104.092171,104.292141,149.56
03880,Tạ Khoa,Ta Khoa,Xã Tạ Khoa,Ta Khoa Commune,Xã,14,Sơn La,Son La,21.165016,104.335695,21.090383,21.239609,104.220211,104.458084,191.88
03868,Tà Xùa,Ta Xua,Xã Tà Xùa,Ta Xua Commune,Xã,14,Sơn La,Son La,21.311708,104.469668,21.239796,21.414441,104.318509,104.570214,233.67
03970,Tân Phong,Tan Phong,Xã Tân Phong,Tan Phong Commune,Xã,14,Sơn La,Son La,21.068181,104.729333,21.025765,21.128914,104.59807,104.868087,135.45
03997,Tân Yên,Tan Yen,Xã Tân Yên,Tan Yen Commune,Xã,14,Sơn La,Son La,20.986738,104.608133,20.893432,21.065136,104.517364,104.699975,192.79
03982,Thảo Nguyên,Thao Nguyen,Phường Thảo Nguyên,Thao Nguyen Ward,Phường,14,Sơn La,Son La,20.872231,104.686924,20.823514,20.92552,104.644536,104.737832,53.09
03721,Thuận Châu,Thuan Chau,Xã Thuận Châu,Thuan Chau Commune,Xã,14,Sơn La,Son La,21.436843,103.694593,21.379282,21.494778,103.58266,103.812617,132.83
03646,Tô Hiệu,To Hieu,Phường Tô Hiệu,To Hieu Ward,Phường,14,Sơn La,Son La,21.327282,103.921035,21.293642,21.358976,103.895919,103.948981,11.92
04018,Tô Múa,To Mua,Xã Tô Múa,To Mua Commune,Xã,14,Sơn La,Son La,20.915148,104.822393,20.803579,21.045988,104.758578,104.893335,181.98
03958,Tường Hạ,Tuong Ha,Xã Tường Hạ,Tuong Ha Commune,Xã,14,Sơn La,Son La,21.14615,104.676087,21.077541,21.204132,104.598175,104.753593,120.85
04048,Vân Hồ,Van Ho,Xã Vân Hồ,Van Ho Commune,Xã,14,Sơn La,Son La,20.788552,104.873417,20.721406,20.865312,104.662792,105.032914,268.4
04033,Vân Sơn,Van Son,Phường Vân Sơn,Van Son Ward,Phường,14,Sơn La,Son La,20.827088,104.722542,20.803026,20.865907,104.654026,104.78728,39.61
03862,Xím Vàng,Xim Vang,Xã Xím Vàng,Xim Vang Commune,Xã,14,Sơn La,Son La,21.358434,104.319903,21.272734,21.438828,104.20532,104.435549,232.35
04057,Xuân Nha,Xuan Nha,Xã Xuân Nha,Xuan Nha Commune,Xã,14,Sơn La,Son La,20.66582,104.756189,20.573602,20.760737,104.634231,104.849026,263.37
04075,Yên Châu,Yen Chau,Xã Yên Châu,Yen Chau Commune,Xã,14,Sơn La,Son La,21.076819,104.282704,20.97458,21.186167,104.197026,104.382079,246.55
04087,Yên Sơn,Yen Son,Xã Yên Sơn,Yen Son Commune,Xã,14,Sơn La,Son La,20.999967,104.18448,20.937947,21.079868,104.115312,104.249681,116.62
04000,Đoàn Kết,Doan Ket,Xã Đoàn Kết,Doan Ket Commune,Xã,14,Sơn La,Son La,20.948328,104.735466,20.834539,21.070925,104.649132,104.822683,240.66
02686,A Mú Sung,A Mu Sung,Xã A Mú Sung,A Mu Sung Commune,Xã,15,Lào Cai,Lao Cai,22.729618,103.658576,22.669408,22.798029,103.597021,103.737723,104.4
04543,Âu Lâu,Au Lau,Phường Âu Lâu,Au Lau Ward,Phường,15,Lào Cai,Lao Cai,21.670794,104.881677,21.608135,21.713669,104.820379,104.938117,66.17
02839,Bắc Hà,Bac Ha,Xã Bắc Hà,Bac Ha Commune,Xã,15,Lào Cai,Lao Cai,22.533792,104.294553,22.450728,22.598745,104.189752,104.424248,179.7
03046,Bản Hồ,Ban Ho,Xã Bản Hồ,Ban Ho Commune,Xã,15,Lào Cai,Lao Cai,22.239968,103.954258,22.13814,22.344226,103.868044,104.035587,166.2
02788,Bản Lầu,Ban Lau,Xã Bản Lầu,Ban Lau Commune,Xã,15,Lào Cai,Lao Cai,22.594309,104.069841,22.525849,22.667463,104.005169,104.12424,125.3
02869,Bản Liền,Ban Lien,Xã Bản Liền,Ban Lien Commune,Xã,15,Lào Cai,Lao Cai,22.498589,104.38431,22.417907,22.572191,104.313316,104.446569,76.7
02725,Bản Xèo,Ban Xeo,Xã Bản Xèo,Ban Xeo Commune,Xã,15,Lào Cai,Lao Cai,22.524844,103.773288,22.45803,22.574511,103.725624,103.828646,78.3
04750,Bảo Ái,Bao Ai,Xã Bảo Ái,Bao Ai Commune,Xã,15,Lào Cai,Lao Cai,21.897619,104.84572,21.826108,21.967457,104.743564,104.955412,163.41
02989,Bảo Hà,Bao Ha,Xã Bảo Hà,Bao Ha Commune,Xã,15,Lào Cai,Lao Cai,22.204976,104.326335,22.083538,22.301818,104.208605,104.419777,243
02890,Bảo Nhai,Bao Nhai,Xã Bảo Nhai,Bao Nhai Commune,Xã,15,Lào Cai,Lao Cai,22.461616,104.251579,22.378738,22.546427,104.165381,104.351119,156
02905,Bảo Thắng,Bao Thang,Xã Bảo Thắng,Bao Thang Commune,Xã,15,Lào Cai,Lao Cai,22.372892,104.140244,22.255836,22.477609,104.025925,104.242047,160.4
02947,Bảo Yên,Bao Yen,Xã Bảo Yên,Bao Yen Commune,Xã,15,Lào Cai,Lao Cai,22.215468,104.49141,22.141855,22.276031,104.414546,104.572821,119.1
02683,Bát Xát,Bat Xat,Xã Bát Xát,Bat Xat Commune,Xã,15,Lào Cai,Lao Cai,22.51954,103.852591,22.419491,22.621351,103.758071,103.950242,190
04726,Cảm Nhân,Cam Nhan,Xã Cảm Nhân,Cam Nhan Commune,Xã,15,Lào Cai,Lao Cai,22.000645,104.92786,21.936296,22.072501,104.859238,104.999611,151.77
02671,Cam Đường,Cam Duong,Phường Cam Đường,Cam Duong Ward,Phường,15,Lào Cai,Lao Cai,22.430891,104.007187,22.374506,22.480692,103.956074,104.064043,59.9
02782,Cao Sơn,Cao Son,Xã Cao Sơn,Cao Son Commune,Xã,15,Lào Cai,Lao Cai,22.615413,104.155633,22.502098,22.746173,104.102792,104.207586,164.5
04693,Cát Thịnh,Cat Thinh,Xã Cát Thịnh,Cat Thinh Commune,Xã,15,Lào Cai,Lao Cai,21.455792,104.681968,21.375218,21.552726,104.586502,104.766541,169.11
04681,Cầu Thia,Cau Thia,Phường Cầu Thia,Cau Thia Ward,Phường,15,Lào Cai,Lao Cai,21.55152,104.501854,21.516523,21.593096,104.467093,104.534794,31.84
04699,Chấn Thịnh,Chan Thinh,Xã Chấn Thịnh,Chan Thinh Commune,Xã,15,Lào Cai,Lao Cai,21.508721,104.813704,21.442786,21.565924,104.726395,104.894355,120.54
04387,Châu Quế,Chau Que,Xã Châu Quế,Chau Que Commune,Xã,15,Lào Cai,Lao Cai,22.024515,104.458538,21.950652,22.119088,104.377298,104.553141,162.25
04489,Chế Tạo,Che Tao,Xã Chế Tạo,Che Tao Commune,Xã,15,Lào Cai,Lao Cai,21.710385,104.036892,21.642136,21.771837,103.911731,104.145801,234.44
03091,Chiềng Ken,Chieng Ken,Xã Chiềng Ken,Chieng Ken Commune,Xã,15,Lào Cai,Lao Cai,22.001333,104.366692,21.875154,22.128094,104.281649,104.432501,191.3
02896,Cốc Lầu,Coc Lau,Xã Cốc Lầu,Coc Lau Commune,Xã,15,Lào Cai,Lao Cai,22.386421,104.361851,22.324703,22.464837,104.262864,104.46256,135.8
02746,Cốc San,Coc San,Xã Cốc San,Coc San Commune,Xã,15,Lào Cai,Lao Cai,22.462672,103.927595,22.406389,22.52737,103.884084,103.968158,57.2
02707,Dền Sáng,Den Sang,Xã Dền Sáng,Den Sang Commune,Xã,15,Lào Cai,Lao Cai,22.568278,103.656267,22.515218,22.629265,103.566301,103.749154,148.2
03106,Dương Quỳ,Duong Quy,Xã Dương Quỳ,Duong Quy Commune,Xã,15,Lào Cai,Lao Cai,22.025286,104.152014,21.953486,22.094457,104.049504,104.24976,157.1
04636,Gia Hội,Gia Hoi,Xã Gia Hội,Gia Hoi Commune,Xã,15,Lào Cai,Lao Cai,21.70743,104.39031,21.607642,21.7929,104.294009,104.478392,213.25
02923,Gia Phú,Gia Phu,Xã Gia Phú,Gia Phu Commune,Xã,15,Lào Cai,Lao Cai,22.343218,104.077991,22.269307,22.414572,104.02534,104.152807,102.4
04585,Hạnh Phúc,Hanh Phuc,Xã Hạnh Phúc,Hanh Phuc Commune,Xã,15,Lào Cai,Lao Cai,21.487477,104.346953,21.387937,21.574294,104.276863,104.424231,193.85
02680,Hợp Thành,Hop Thanh,Xã Hợp Thành,Hop Thanh Commune,Xã,15,Lào Cai,Lao Cai,22.367848,103.965917,22.310448,22.440281,103.896379,104.042404,116.3
04576,Hưng Khánh,Hung Khanh,Xã Hưng Khánh,Hung Khanh Commune,Xã,15,Lào Cai,Lao Cai,21.591947,104.715971,21.531047,21.664946,104.648545,104.784219,122.18
04342,Khánh Hoà,Khanh Hoa,Xã Khánh Hoà,Khanh Hoa Commune,Xã,15,Lào Cai,Lao Cai,22.107031,104.636182,22.040099,22.182952,104.562483,104.736365,149.77
03103,Khánh Yên,Khanh Yen,Xã Khánh Yên,Khanh Yen Commune,Xã,15,Lào Cai,Lao Cai,21.997059,104.289631,21.918196,22.107004,104.21063,104.352351,173.6
04465,Khao Mang,Khao Mang,Xã Khao Mang,Khao Mang Commune,Xã,15,Lào Cai,Lao Cai,21.899896,103.974057,21.849737,21.96695,103.88578,104.066196,120.06
04381,Lâm Giang,Lam Giang,Xã Lâm Giang,Lam Giang Commune,Xã,15,Lào Cai,Lao Cai,22.103861,104.483841,22.013218,22.200192,104.384317,104.59167,179.48
04309,Lâm Thượng,Lam Thuong,Xã Lâm Thượng,Lam Thuong Commune,Xã,15,Lào Cai,Lao Cai,22.228709,104.668663,22.148321,22.29268,104.583776,104.749258,128
02647,Lào Cai,Lao Cai,Phường Lào Cai,Lao Cai Ward,Phường,15,Lào Cai,Lao Cai,22.498893,104.010715,22.452692,22.559877,103.925844,104.080907,72.32
04474,Lao Chải,Lao Chai,Xã Lao Chải,Lao Chai Commune,Xã,15,Lào Cai,Lao Cai,21.818065,104.000572,21.751963,21.882073,103.907147,104.090758,157.99
04660,Liên Sơn,Lien Son,Xã Liên Sơn,Lien Son Commune,Xã,15,Lào Cai,Lao Cai,21.642027,104.493977,21.610743,21.676307,104.471095,104.522805,23.58
04303,Lục Yên,Luc Yen,Xã Lục Yên,Luc Yen Commune,Xã,15,Lào Cai,Lao Cai,22.118119,104.779237,22.048391,22.186915,104.728578,104.827573,79.94
02848,Lùng Phình,Lung Phinh,Xã Lùng Phình,Lung Phinh Commune,Xã,15,Lào Cai,Lao Cai,22.610531,104.32201,22.551515,22.689692,104.232583,104.384001,101
04537,Lương Thịnh,Luong Thinh,Xã Lương Thịnh,Luong Thinh Commune,Xã,15,Lào Cai,Lao Cai,21.641602,104.787321,21.564143,21.722052,104.717903,104.828209,94.21
04375,Mậu A,Mau A,Xã Mậu A,Mau A Commune,Xã,15,Lào Cai,Lao Cai,21.895692,104.700991,21.837102,21.966783,104.606758,104.79249,144.52
03121,Minh Lương,Minh Luong,Xã Minh Lương,Minh Luong Commune,Xã,15,Lào Cai,Lao Cai,21.953091,104.112404,21.889429,22.065797,103.989485,104.23131,206.6
04450,Mỏ Vàng,Mo Vang,Xã Mỏ Vàng,Mo Vang Commune,Xã,15,Lào Cai,Lao Cai,21.712652,104.634171,21.614247,21.807214,104.549934,104.696112,167.55
04456,Mù Cang Chải,Mu Cang Chai,Xã Mù Cang Chải,Mu Cang Chai Commune,Xã,15,Lào Cai,Lao Cai,21.856297,104.119444,21.786325,21.916429,104.034042,104.209871,146.95
03043,Mường Bo,Muong Bo,Xã Mường Bo,Muong Bo Commune,Xã,15,Lào Cai,Lao Cai,22.221008,104.026031,22.137467,22.311056,103.971033,104.083689,148.3
02728,Mường Hum,Muong Hum,Xã Mường Hum,Muong Hum Commune,Xã,15,Lào Cai,Lao Cai,22.466767,103.657837,22.396217,22.54279,103.555007,103.754777,212.8
02761,Mường Khương,Muong Khuong,Xã Mường Khương,Muong Khuong Commune,Xã,15,Lào Cai,Lao Cai,22.730204,104.104002,22.638221,22.822512,104.027885,104.19467,169.2
04345,Mường Lai,Muong Lai,Xã Mường Lai,Muong Lai Commune,Xã,15,Lào Cai,Lao Cai,22.068249,104.838379,21.932453,22.185811,104.779695,104.881787,143.84
03076,Nậm Chày,Nam Chay,Xã Nậm Chày,Nam Chay Commune,Xã,15,Lào Cai,Lao Cai,22.11849,104.088701,22.060758,22.172054,103.992119,104.203482,142.1
04462,Nậm Có,Nam Co,Xã Nậm Có,Nam Co Commune,Xã,15,Lào Cai,Lao Cai,21.858561,104.293862,21.768136,21.950124,104.194685,104.417716,201.6
04273,Nam Cường,Nam Cuong,Phường Nam Cường,Nam Cuong Ward,Phường,15,Lào Cai,Lao Cai,21.747998,104.879341,21.712484,21.792728,104.831018,104.926873,46.09
03085,Nậm Xé,Nam Xe,Xã Nậm Xé,Nam Xe Commune,Xã,15,Lào Cai,Lao Cai,22.045878,103.994636,21.934406,22.151291,103.936208,104.062886,170.96
04288,Nghĩa Lộ,Nghia Lo,Phường Nghĩa Lộ,Nghia Lo Ward,Phường,15,Lào Cai,Lao Cai,21.593514,104.481349,21.564748,21.620323,104.443988,104.518873,29.88
04711,Nghĩa Tâm,Nghia Tam,Xã Nghĩa Tâm,Nghia Tam Commune,Xã,15,Lào Cai,Lao Cai,21.412815,104.854073,21.336567,21.48532,104.783255,104.912713,133.1
02953,Nghĩa Đô,Nghia Do,Xã Nghĩa Đô,Nghia Do Commune,Xã,15,Lào Cai,Lao Cai,22.404045,104.465363,22.330432,22.503868,104.388318,104.581144,159.4
03004,Ngũ Chỉ Sơn,Ngu Chi Son,Xã Ngũ Chỉ Sơn,Ngu Chi Son Commune,Xã,15,Lào Cai,Lao Cai,22.429628,103.782207,22.374558,22.493486,103.728692,103.840062,82.47
02752,Pha Long,Pha Long,Xã Pha Long,Pha Long Commune,Xã,15,Lào Cai,Lao Cai,22.781815,104.222808,22.70493,22.844892,104.163602,104.271,105.6
04609,Phình Hồ,Phinh Ho,Xã Phình Hồ,Phinh Ho Commune,Xã,15,Lào Cai,Lao Cai,21.443367,104.491402,21.351327,21.554294,104.385549,104.611671,226.02
04402,Phong Dụ Hạ,Phong Du Ha,Xã Phong Dụ Hạ,Phong Du Ha Commune,Xã,15,Lào Cai,Lao Cai,21.905954,104.489227,21.824895,21.967011,104.385498,104.568272,138.39
04423,Phong Dụ Thượng,Phong Du Thuong,Xã Phong Dụ Thượng,Phong Du Thuong Commune,Xã,15,Lào Cai,Lao Cai,21.83105,104.43113,21.742598,21.903331,104.339376,104.511788,195.21
02902,Phong Hải,Phong Hai,Xã Phong Hải,Phong Hai Commune,Xã,15,Lào Cai,Lao Cai,22.483235,104.12051,22.408683,22.548191,104.037876,104.192418,120.9
02998,Phúc Khánh,Phuc Khanh,Xã Phúc Khánh,Phuc Khanh Commune,Xã,15,Lào Cai,Lao Cai,22.169134,104.558783,22.086421,22.252095,104.491019,104.628765,114
04363,Phúc Lợi,Phuc Loi,Xã Phúc Lợi,Phuc Loi Commune,Xã,15,Lào Cai,Lao Cai,22.007531,104.703501,21.930202,22.082179,104.605854,104.799272,160.71
04492,Púng Luông,Pung Luong,Xã Púng Luông,Pung Luong Commune,Xã,15,Lào Cai,Lao Cai,21.726386,104.195814,21.636017,21.836696,104.087099,104.345837,253.24
04531,Quy Mông,Quy Mong,Xã Quy Mông,Quy Mong Commune,Xã,15,Lào Cai,Lao Cai,21.721999,104.756892,21.644615,21.804139,104.686443,104.842595,149.17
03006,Sa Pa,Sa Pa,Phường Sa Pa,Sa Pa Ward,Phường,15,Lào Cai,Lao Cai,22.349739,103.836524,22.307488,22.379895,103.766386,103.891414,54.63
02809,Si Ma Cai,Si Ma Cai,Xã Si Ma Cai,Si Ma Cai Commune,Xã,15,Lào Cai,Lao Cai,22.680118,104.28531,22.613006,22.741948,104.231475,104.341751,109
02824,Sín Chéng,Sin Cheng,Xã Sín Chéng,Sin Cheng Commune,Xã,15,Lào Cai,Lao Cai,22.664056,104.212719,22.58473,22.740667,104.174118,104.256839,88
04651,Sơn Lương,Son Luong,Xã Sơn Lương,Son Luong Commune,Xã,15,Lào Cai,Lao Cai,21.701681,104.519602,21.624094,21.784888,104.454681,104.595425,123.77
02842,Tả Củ Tỷ,Ta Cu Ty,Xã Tả Củ Tỷ,Ta Cu Ty Commune,Xã,15,Lào Cai,Lao Cai,22.621839,104.40591,22.571715,22.681126,104.354894,104.466739,69.3
03013,Tả Phìn,Ta Phin,Xã Tả Phìn,Ta Phin Commune,Xã,15,Lào Cai,Lao Cai,22.395012,103.873691,22.346822,22.436509,103.808475,103.932739,74.68
03037,Tả Van,Ta Van,Xã Tả Van,Ta Van Commune,Xã,15,Lào Cai,Lao Cai,22.277164,103.861827,22.178371,22.358461,103.761321,103.951284,158.5
04603,Tà Xi Láng,Ta Xi Lang,Xã Tà Xi Láng,Ta Xi Lang Commune,Xã,15,Lào Cai,Lao Cai,21.48032,104.599898,21.40865,21.531333,104.546742,104.663045,88.54
04429,Tân Hợp,Tan Hop,Xã Tân Hợp,Tan Hop Commune,Xã,15,Lào Cai,Lao Cai,21.827335,104.577017,21.717563,21.931739,104.505288,104.652092,200.45
04336,Tân Lĩnh,Tan Linh,Xã Tân Lĩnh,Tan Linh Commune,Xã,15,Lào Cai,Lao Cai,22.094217,104.728618,21.932453,22.222819,104.614329,104.839758,147.75
02908,Tằng Loỏng,Tang Loong,Xã Tằng Loỏng,Tang Loong Commune,Xã,15,Lào Cai,Lao Cai,22.257705,104.131582,22.198926,22.321242,104.070406,104.217719,125.8
04717,Thác Bà,Thac Ba,Xã Thác Bà,Thac Ba Commune,Xã,15,Lào Cai,Lao Cai,21.77044,105.038709,21.678104,21.84096,104.959123,105.100413,142.54
04705,Thượng Bằng La,Thuong Bang La,Xã Thượng Bằng La,Thuong Bang La Commune,Xã,15,Lào Cai,Lao Cai,21.405736,104.771295,21.32594,21.489348,104.717533,104.823229,111.61
02968,Thượng Hà,Thuong Ha,Xã Thượng Hà,Thuong Ha Commune,Xã,15,Lào Cai,Lao Cai,22.291986,104.382135,22.21788,22.362838,104.290373,104.460737,143.8
04606,Trạm Tấu,Tram Tau,Xã Trạm Tấu,Tram Tau Commune,Xã,15,Lào Cai,Lao Cai,21.567932,104.40435,21.443224,21.669327,104.287401,104.502994,238.29
04498,Trấn Yên,Tran Yen,Xã Trấn Yên,Tran Yen Commune,Xã,15,Lào Cai,Lao Cai,21.810347,104.815605,21.746431,21.878077,104.741279,104.891264,110.72
02695,Trịnh Tường,Trinh Tuong,Xã Trịnh Tường,Trinh Tuong Commune,Xã,15,Lào Cai,Lao Cai,22.641652,103.73837,22.562445,22.713374,103.660153,103.821525,146.6
04663,Trung Tâm,Trung Tam,Phường Trung Tâm,Trung Tam Ward,Phường,15,Lào Cai,Lao Cai,21.591872,104.539121,21.534072,21.642268,104.505965,104.576589,43.15
04630,Tú Lệ,Tu Le,Xã Tú Lệ,Tu Le Commune,Xã,15,Lào Cai,Lao Cai,21.783245,104.259696,21.707906,21.8544,104.186978,104.338863,115.35
03082,Văn Bàn,Van Ban,Xã Văn Bàn,Van Ban Commune,Xã,15,Lào Cai,Lao Cai,22.111668,104.240834,22.025321,22.217102,104.147212,104.321531,156.7
04672,Văn Chấn,Van Chan,Xã Văn Chấn,Van Chan Commune,Xã,15,Lào Cai,Lao Cai,21.580943,104.617223,21.485711,21.661244,104.543985,104.691024,140.24
04279,Văn Phú,Van Phu,Phường Văn Phú,Van Phu Ward,Phường,15,Lào Cai,Lao Cai,21.69442,104.947968,21.64586,21.74642,104.904029,104.987201,51.46
04564,Việt Hồng,Viet Hong,Xã Việt Hồng,Viet Hong Commune,Xã,15,Lào Cai,Lao Cai,21.599907,104.850665,21.53187,21.67028,104.796615,104.899058,101.37
03061,Võ Lao,Vo Lao,Xã Võ Lao,Vo Lao Commune,Xã,15,Lào Cai,Lao Cai,22.182614,104.176483,22.09787,22.252866,104.075727,104.257295,152.8
04441,Xuân Ái,Xuan Ai,Xã Xuân Ái,Xuan Ai Commune,Xã,15,Lào Cai,Lao Cai,21.806682,104.697148,21.725066,21.871221,104.630276,104.767202,123.93
02962,Xuân Hoà,Xuan Hoa,Xã Xuân Hoà,Xuan Hoa Commune,Xã,15,Lào Cai,Lao Cai,22.301196,104.499246,22.238515,22.344696,104.430374,104.579972,107.8
02926,Xuân Quang,Xuan Quang,Xã Xuân Quang,Xuan Quang Commune,Xã,15,Lào Cai,Lao Cai,22.359454,104.237477,22.274863,22.456558,104.154209,104.328222,137.7
02701,Y Tý,Y Ty,Xã Y Tý,Y Ty Commune,Xã,15,Lào Cai,Lao Cai,22.6516,103.6013,22.57804,22.744915,103.530833,103.678742,127.6
04252,Yên Bái,Yen Bai,Phường Yên Bái,Yen Bai Ward,Phường,15,Lào Cai,Lao Cai,21.714135,104.896291,21.693145,21.735538,104.863506,104.927607,16.92
04714,Yên Bình,Yen Binh,Xã Yên Bình,Yen Binh Commune,Xã,15,Lào Cai,Lao Cai,21.78126,104.945542,21.672834,21.874653,104.850782,105.030769,150.83
04744,Yên Thành,Yen Thanh,Xã Yên Thành,Yen Thanh Commune,Xã,15,Lào Cai,Lao Cai,21.894764,104.97233,21.826679,21.957164,104.859522,105.067299,141.32
04399,Đông Cuông,Dong Cuong,Xã Đông Cuông,Dong Cuong Commune,Xã,15,Lào Cai,Lao Cai,21.976865,104.596786,21.921118,22.044992,104.521348,104.683076,146.3
05809,An Khánh,An Khanh,Xã An Khánh,An Khanh Commune,Xã,19,Thái Nguyên,Thai Nguyen,21.6276,105.722256,21.590534,21.666133,105.662291,105.775945,45.09
01906,Ba Bể,Ba Be,Xã Ba Bể,Ba Be Commune,Xã,19,Thái Nguyên,Thai Nguyen,22.438467,105.627158,22.366868,22.510723,105.548392,105.706717,148.08
05533,Bá Xuyên,Ba Xuyen,Phường Bá Xuyên,Ba Xuyen Ward,Phường,19,Thái Nguyên,Thai Nguyen,21.483619,105.820533,21.449865,21.524697,105.792955,105.845752,21.13
01843,Bắc Kạn,Bac Kan,Phường Bắc Kạn,Bac Kan Ward,Phường,19,Thái Nguyên,Thai Nguyen,22.108502,105.859837,22.061904,22.156351,105.795388,105.931099,72
05528,Bách Quang,Bach Quang,Phường Bách Quang,Bach Quang Ward,Phường,19,Thái Nguyên,Thai Nguyen,21.506257,105.86796,21.46757,21.54285,105.822844,105.915198,35.02
02014,Bạch Thông,Bach Thong,Xã Bạch Thông,Bach Thong Commune,Xã,19,Thái Nguyên,Thai Nguyen,22.138078,105.70708,22.084458,22.226116,105.632628,105.804508,127.84
01864,Bằng Thành,Bang Thanh,Xã Bằng Thành,Bang Thanh Commune,Xã,19,Thái Nguyên,Thai Nguyen,22.657608,105.671486,22.575835,22.741266,105.574205,105.777078,208.22
01942,Bằng Vân,Bang Van,Xã Bằng Vân,Bang Van Commune,Xã,19,Thái Nguyên,Thai Nguyen,22.507985,106.052326,22.445837,22.578212,105.975884,106.119722,133.01
05605,Bình Thành,Binh Thanh,Xã Bình Thành,Binh Thanh Commune,Xã,19,Thái Nguyên,Thai Nguyen,21.787795,105.571419,21.745088,21.843842,105.524971,105.607773,43.3
05587,Bình Yên,Binh Yen,Xã Bình Yên,Binh Yen Commune,Xã,19,Thái Nguyên,Thai Nguyen,21.859734,105.572888,21.82208,21.903138,105.518239,105.627057,48.36
02008,Cẩm Giàng,Cam Giang,Xã Cẩm Giàng,Cam Giang Commune,Xã,19,Thái Nguyên,Thai Nguyen,22.188067,105.895148,22.118117,22.252356,105.805168,105.964541,110.79
01879,Cao Minh,Cao Minh,Xã Cao Minh,Cao Minh Commune,Xã,19,Thái Nguyên,Thai Nguyen,22.568647,105.605983,22.487782,22.665725,105.529034,105.683097,134.89
02086,Chợ Mới,Cho Moi,Xã Chợ Mới,Cho Moi Commune,Xã,19,Thái Nguyên,Thai Nguyen,21.876925,105.82319,21.804393,21.948889,105.757825,105.908644,118.98
01912,Chợ Rã,Cho Ra,Xã Chợ Rã,Cho Ra Commune,Xã,19,Thái Nguyên,Thai Nguyen,22.439511,105.726162,22.378187,22.491849,105.66383,105.788123,92.81
02020,Chợ Đồn,Cho Don,Xã Chợ Đồn,Cho Don Commune,Xã,19,Thái Nguyên,Thai Nguyen,22.173079,105.594843,22.06914,22.245741,105.529493,105.676164,142.1
02185,Côn Minh,Con Minh,Xã Côn Minh,Con Minh Commune,Xã,19,Thái Nguyên,Thai Nguyen,22.103783,106.024608,22.031248,22.188442,105.941519,106.108932,146.26
02152,Cường Lợi,Cuong Loi,Xã Cường Lợi,Cuong Loi Commune,Xã,19,Thái Nguyên,Thai Nguyen,22.315087,106.173315,22.247072,22.387852,106.112214,106.247189,117.85
05755,Dân Tiến,Dan Tien,Xã Dân Tiến,Dan Tien Commune,Xã,19,Thái Nguyên,Thai Nguyen,21.676709,106.163316,21.603999,21.755412,106.075613,106.238271,144.28
05467,Gia Sàng,Gia Sang,Phường Gia Sàng,Gia Sang Ward,Phường,19,Thái Nguyên,Thai Nguyen,21.562114,105.881831,21.533106,21.586636,105.8329,105.916176,25.47
01960,Hiệp Lực,Hiep Luc,Xã Hiệp Lực,Hiep Luc Commune,Xã,19,Thái Nguyên,Thai Nguyen,22.32732,105.968001,22.284492,22.366749,105.885597,106.07566,105.02
05632,Hợp Thành,Hop Thanh,Xã Hợp Thành,Hop Thanh Commune,Xã,19,Thái Nguyên,Thai Nguyen,21.767423,105.660103,21.721651,21.807111,105.623644,105.697199,41.2
05953,Kha Sơn,Kha Son,Xã Kha Sơn,Kha Son Commune,Xã,19,Thái Nguyên,Thai Nguyen,21.432977,106.009234,21.391433,21.473566,105.960008,106.05153,37.85
05551,Kim Phượng,Kim Phuong,Xã Kim Phượng,Kim Phuong Commune,Xã,19,Thái Nguyên,Thai Nguyen,21.966966,105.626323,21.9132,22.018485,105.575542,105.676871,78.61
05818,La Bằng,La Bang,Xã La Bằng,La Bang Commune,Xã,19,Thái Nguyên,Thai Nguyen,21.622527,105.561422,21.572816,21.668769,105.496483,105.64573,60.84
05740,La Hiên,La Hien,Xã La Hiên,La Hien Commune,Xã,19,Thái Nguyên,Thai Nguyen,21.741564,105.948263,21.690864,21.796655,105.886298,106.014746,71.55
05542,Lam Vỹ,Lam Vy,Xã Lam Vỹ,Lam Vy Commune,Xã,19,Thái Nguyên,Thai Nguyen,21.997842,105.691194,21.945623,22.047912,105.604534,105.763449,71.42
05710,Linh Sơn,Linh Son,Phường Linh Sơn,Linh Son Ward,Phường,19,Thái Nguyên,Thai Nguyen,21.61306,105.857214,21.56882,21.648863,105.801824,105.905171,39.28
01936,Nà Phặc,Na Phac,Xã Nà Phặc,Na Phac Commune,Xã,19,Thái Nguyên,Thai Nguyen,22.401969,105.904267,22.332093,22.476173,105.850371,105.958106,101.18
02155,Na Rì,Na Ri,Xã Na Rì,Na Ri Commune,Xã,19,Thái Nguyên,Thai Nguyen,22.215152,106.179338,22.142817,22.270172,106.092412,106.242987,112.73
02026,Nam Cường,Nam Cuong,Xã Nam Cường,Nam Cuong Commune,Xã,19,Thái Nguyên,Thai Nguyen,22.343658,105.563612,22.267485,22.419237,105.478514,105.652297,149.65
05707,Nam Hoà,Nam Hoa,Xã Nam Hoà,Nam Hoa Commune,Xã,19,Thái Nguyên,Thai Nguyen,21.626145,105.964391,21.579826,21.679217,105.876485,106.03232,65.02
01954,Ngân Sơn,Ngan Son,Xã Ngân Sơn,Ngan Son Commune,Xã,19,Thái Nguyên,Thai Nguyen,22.462576,105.982403,22.397969,22.544628,105.897415,106.101665,145.57
02071,Nghĩa Tá,Nghia Ta,Xã Nghĩa Tá,Nghia Ta Commune,Xã,19,Thái Nguyên,Thai Nguyen,22.052988,105.527448,21.955488,22.151207,105.462577,105.596463,166.89
01882,Nghiên Loan,Nghien Loan,Xã Nghiên Loan,Nghien Loan Commune,Xã,19,Thái Nguyên,Thai Nguyen,22.552657,105.721975,22.479541,22.636474,105.66684,105.779195,130.33
05722,Nghinh Tường,Nghinh Tuong,Xã Nghinh Tường,Nghinh Tuong Commune,Xã,19,Thái Nguyên,Thai Nguyen,21.849149,106.06048,21.7626,21.942722,105.972715,106.132172,160.73
05443,Phan Đình Phùng,Phan Dinh Phung,Phường Phan Đình Phùng,Phan Dinh Phung Ward,Phường,19,Thái Nguyên,Thai Nguyen,21.588734,105.833774,21.566489,21.605789,105.8049,105.86563,14.73
05860,Phổ Yên,Pho Yen,Phường Phổ Yên,Pho Yen Ward,Phường,19,Thái Nguyên,Thai Nguyen,21.437182,105.868204,21.395014,21.491188,105.821808,105.911459,40.7
01849,Phong Quang,Phong Quang,Xã Phong Quang,Phong Quang Commune,Xã,19,Thái Nguyên,Thai Nguyen,22.203771,105.755548,22.13922,22.281999,105.683239,105.839232,153.46
05908,Phú Bình,Phu Binh,Xã Phú Bình,Phu Binh Commune,Xã,19,Thái Nguyên,Thai Nguyen,21.473475,105.955509,21.432627,21.520721,105.915031,105.999707,44.18
05788,Phú Lạc,Phu Lac,Xã Phú Lạc,Phu Lac Commune,Xã,19,Thái Nguyên,Thai Nguyen,21.683791,105.652255,21.646751,21.720993,105.581693,105.728001,58.07
05611,Phú Lương,Phu Luong,Xã Phú Lương,Phu Luong Commune,Xã,19,Thái Nguyên,Thai Nguyen,21.744035,105.725903,21.662725,21.832397,105.640607,105.799255,112.39
05800,Phú Thịnh,Phu Thinh,Xã Phú Thịnh,Phu Thinh Commune,Xã,19,Thái Nguyên,Thai Nguyen,21.688128,105.574777,21.641281,21.731755,105.526448,105.632698,45.37
01969,Phủ Thông,Phu Thong,Xã Phủ Thông,Phu Thong Commune,Xã,19,Thái Nguyên,Thai Nguyen,22.267323,105.851471,22.215489,22.317689,105.787478,105.916479,96.94
05773,Phú Xuyên,Phu Xuyen,Xã Phú Xuyên,Phu Xuyen Commune,Xã,19,Thái Nguyên,Thai Nguyen,21.675817,105.520005,21.628153,21.736982,105.477217,105.58712,64.58
05602,Phú Đình,Phu Dinh,Xã Phú Đình,Phu Dinh Commune,Xã,19,Thái Nguyên,Thai Nguyen,21.808942,105.528293,21.766342,21.850019,105.492455,105.570951,47.89
01894,Phúc Lộc,Phuc Loc,Xã Phúc Lộc,Phuc Loc Commune,Xã,19,Thái Nguyên,Thai Nguyen,22.471241,105.82466,22.389835,22.551374,105.756459,105.90486,163.06
05857,Phúc Thuận,Phuc Thuan,Phường Phúc Thuận,Phuc Thuan Ward,Phường,19,Thái Nguyên,Thai Nguyen,21.452134,105.764811,21.4125,21.516902,105.705246,105.831944,74.16
05563,Phượng Tiến,Phuong Tien,Xã Phượng Tiến,Phuong Tien Commune,Xã,19,Thái Nguyên,Thai Nguyen,21.924651,105.709457,21.849475,22.014031,105.634099,105.77792,102.7
05851,Quân Chu,Quan Chu,Xã Quân Chu,Quan Chu Commune,Xã,19,Thái Nguyên,Thai Nguyen,21.492162,105.681405,21.43028,21.546635,105.619395,105.738259,79.38
05482,Quan Triều,Quan Trieu,Phường Quan Triều,Quan Trieu Ward,Phường,19,Thái Nguyên,Thai Nguyen,21.630132,105.795434,21.59663,21.667564,105.763715,105.838548,24.72
02038,Quảng Bạch,Quang Bach,Xã Quảng Bạch,Quang Bach Commune,Xã,19,Thái Nguyên,Thai Nguyen,22.269197,105.603867,22.222258,22.326102,105.537694,105.661935,75.22
05674,Quang Sơn,Quang Son,Xã Quang Sơn,Quang Son Commune,Xã,19,Thái Nguyên,Thai Nguyen,21.735013,105.877759,21.690864,21.778618,105.821711,105.929774,58.63
05455,Quyết Thắng,Quyet Thang,Phường Quyết Thắng,Quyet Thang Ward,Phường,19,Thái Nguyên,Thai Nguyen,21.58188,105.79369,21.547435,21.615312,105.766203,105.827125,24.43
05719,Sảng Mộc,Sang Moc,Xã Sảng Mộc,Sang Moc Commune,Xã,19,Thái Nguyên,Thai Nguyen,21.901806,106.003804,21.845872,21.96779,105.943478,106.066575,96.79
05518,Sông Công,Song Cong,Phường Sông Công,Song Cong Ward,Phường,19,Thái Nguyên,Thai Nguyen,21.457936,105.848999,21.43896,21.474851,105.819178,105.875448,13.98
05503,Tân Cương,Tan Cuong,Xã Tân Cương,Tan Cuong Commune,Xã,19,Thái Nguyên,Thai Nguyen,21.519416,105.786924,21.470962,21.56519,105.744305,105.830537,57.92
05917,Tân Khánh,Tan Khanh,Xã Tân Khánh,Tan Khanh Commune,Xã,19,Thái Nguyên,Thai Nguyen,21.544602,105.940545,21.495163,21.590994,105.905642,105.994887,48.31
02104,Tân Kỳ,Tan Ky,Xã Tân Kỳ,Tan Ky Commune,Xã,19,Thái Nguyên,Thai Nguyen,22.048057,105.897594,21.983272,22.129854,105.806089,106.000445,167.82
05923,Tân Thành,Tan Thanh,Xã Tân Thành,Tan Thanh Commune,Xã,19,Thái Nguyên,Thai Nguyen,21.505761,106.005863,21.447928,21.558369,105.960716,106.047698,69.03
05725,Thần Sa,Than Sa,Xã Thần Sa,Than Sa Commune,Xã,19,Thái Nguyên,Thai Nguyen,21.828722,105.924385,21.770888,21.900577,105.848572,106.015833,146.08
05881,Thành Công,Thanh Cong,Xã Thành Công,Thanh Cong Commune,Xã,19,Thái Nguyên,Thai Nguyen,21.398232,105.793043,21.35964,21.430092,105.720952,105.853577,43.45
02101,Thanh Mai,Thanh Mai,Xã Thanh Mai,Thanh Mai Commune,Xã,19,Thái Nguyên,Thai Nguyen,22.056121,105.759093,21.997746,22.102123,105.692977,105.825473,111.08
02107,Thanh Thịnh,Thanh Thinh,Xã Thanh Thịnh,Thanh Thinh Commune,Xã,19,Thái Nguyên,Thai Nguyen,21.963305,105.821007,21.90084,22.013614,105.751936,105.900629,112.31
01921,Thượng Minh,Thuong Minh,Xã Thượng Minh,Thuong Minh Commune,Xã,19,Thái Nguyên,Thai Nguyen,22.353552,105.811622,22.28658,22.421904,105.732612,105.889197,131.64
01957,Thượng Quan,Thuong Quan,Xã Thượng Quan,Thuong Quan Commune,Xã,19,Thái Nguyên,Thai Nguyen,22.377918,106.059323,22.316904,22.433472,105.947143,106.16116,154.86
05500,Tích Lương,Tich Luong,Phường Tích Lương,Tich Luong Ward,Phường,19,Thái Nguyên,Thai Nguyen,21.543181,105.85073,21.514738,21.576918,105.818594,105.891524,23.56
05662,Trại Cau,Trai Cau,Xã Trại Cau,Trai Cau Commune,Xã,19,Thái Nguyên,Thai Nguyen,21.588882,106.01075,21.520781,21.644814,105.93497,106.074489,82.85
02176,Trần Phú,Tran Phu,Xã Trần Phú,Tran Phu Commune,Xã,19,Thái Nguyên,Thai Nguyen,22.139975,106.118643,22.072936,22.212226,106.044398,106.191637,145.29
05746,Tràng Xá,Trang Xa,Xã Tràng Xá,Trang Xa Commune,Xã,19,Thái Nguyên,Thai Nguyen,21.688848,106.063378,21.613177,21.744209,105.981094,106.15102,119.18
05581,Trung Hội,Trung Hoi,Xã Trung Hội,Trung Hoi Commune,Xã,19,Thái Nguyên,Thai Nguyen,21.822051,105.633641,21.766148,21.890343,105.589832,105.684969,54.21
05899,Trung Thành,Trung Thanh,Phường Trung Thành,Trung Thanh Ward,Phường,19,Thái Nguyên,Thai Nguyen,21.359454,105.880529,21.325724,21.394114,105.846092,105.91394,25.84
05680,Văn Hán,Van Han,Xã Văn Hán,Van Han Commune,Xã,19,Thái Nguyên,Thai Nguyen,21.664452,105.929179,21.61889,21.710692,105.853241,106.000118,96.26
02143,Văn Lang,Van Lang,Xã Văn Lang,Van Lang Commune,Xã,19,Thái Nguyên,Thai Nguyen,22.258552,106.060661,22.16695,22.323239,105.971794,106.152474,171.59
05665,Văn Lăng,Van Lang,Xã Văn Lăng,Van Lang Commune,Xã,19,Thái Nguyên,Thai Nguyen,21.785725,105.829367,21.70464,21.849811,105.789529,105.878413,75.27
05845,Vạn Phú,Van Phu,Xã Vạn Phú,Van Phu Commune,Xã,19,Thái Nguyên,Thai Nguyen,21.549676,105.636896,21.499017,21.590008,105.596856,105.702146,51.2
05890,Vạn Xuân,Van Xuan,Phường Vạn Xuân,Van Xuan Ward,Phường,19,Thái Nguyên,Thai Nguyen,21.398379,105.898015,21.371763,21.43388,105.848867,105.945144,40.2
01981,Vĩnh Thông,Vinh Thong,Xã Vĩnh Thông,Vinh Thong Commune,Xã,19,Thái Nguyên,Thai Nguyen,22.219732,105.969979,22.131412,22.300601,105.912718,106.049133,129.55
05716,Võ Nhai,Vo Nhai,Xã Võ Nhai,Vo Nhai Commune,Xã,19,Thái Nguyên,Thai Nguyen,21.755064,106.074998,21.70978,21.813244,105.969201,106.160152,99.78
05641,Vô Tranh,Vo Tranh,Xã Vô Tranh,Vo Tranh Commune,Xã,19,Thái Nguyên,Thai Nguyen,21.704379,105.771512,21.622748,21.779107,105.73053,105.823286,83.53
02191,Xuân Dương,Xuan Duong,Xã Xuân Dương,Xuan Duong Commune,Xã,19,Thái Nguyên,Thai Nguyen,21.999321,106.034057,21.93844,22.053352,105.927211,106.115538,160.15
02116,Yên Bình,Yen Binh,Xã Yên Bình,Yen Binh Commune,Xã,19,Thái Nguyên,Thai Nguyen,21.943274,105.93586,21.893374,22.009237,105.868253,106.025844,100.71
02083,Yên Phong,Yen Phong,Xã Yên Phong,Yen Phong Commune,Xã,19,Thái Nguyên,Thai Nguyen,22.072704,105.630189,22.0077,22.160738,105.570787,105.700936,115.98
02044,Yên Thịnh,Yen Thinh,Xã Yên Thịnh,Yen Thinh Commune,Xã,19,Thái Nguyên,Thai Nguyen,22.217379,105.502277,22.125239,22.299887,105.430832,105.558338,165.8
05620,Yên Trạch,Yen Trach,Xã Yên Trạch,Yen Trach Commune,Xã,19,Thái Nguyên,Thai Nguyen,21.846723,105.718511,21.756657,21.915786,105.655276,105.781065,112.68
05488,Đại Phúc,Dai Phuc,Xã Đại Phúc,Dai Phuc Commune,Xã,19,Thái Nguyên,Thai Nguyen,21.576502,105.709452,21.491387,21.66338,105.621263,105.785291,107.47
05830,Đại Từ,Dai Tu,Xã Đại Từ,Dai Tu Commune,Xã,19,Thái Nguyên,Thai Nguyen,21.590498,105.608226,21.53359,21.634284,105.552701,105.677867,69.42
05941,Điềm Thuỵ,Diem Thuy,Xã Điềm Thuỵ,Diem Thuy Commune,Xã,19,Thái Nguyên,Thai Nguyen,21.456743,105.921188,21.398985,21.518923,105.884785,105.964684,42.03
05569,Định Hoá,Dinh Hoa,Xã Định Hoá,Dinh Hoa Commune,Xã,19,Thái Nguyên,Thai Nguyen,21.910133,105.593811,21.856006,21.958249,105.543051,105.65715,67.3
05692,Đồng Hỷ,Dong Hy,Xã Đồng Hỷ,Dong Hy Commune,Xã,19,Thái Nguyên,Thai Nguyen,21.673242,105.833711,21.621414,21.710354,105.786476,105.889725,53.72
01933,Đồng Phúc,Dong Phuc,Xã Đồng Phúc,Dong Phuc Commune,Xã,19,Thái Nguyên,Thai Nguyen,22.312468,105.7005,22.220589,22.39842,105.619209,105.789157,199.11
05776,Đức Lương,Duc Luong,Xã Đức Lương,Duc Luong Commune,Xã,19,Thái Nguyên,Thai Nguyen,21.739303,105.588095,21.703582,21.77342,105.508916,105.64433,60.9
01840,Đức Xuân,Duc Xuan,Phường Đức Xuân,Duc Xuan Ward,Phường,19,Thái Nguyên,Thai Nguyen,22.165838,105.849769,22.126694,22.21277,105.807073,105.889992,34.46
06196,Ba Sơn,Ba Son,Xã Ba Sơn,Ba Son Commune,Xã,20,Lạng Sơn,Lang Son,21.905308,106.96709,21.83556,21.977505,106.872161,107.063203,154.96
06325,Bắc Sơn,Bac Son,xã Bắc Sơn,Bac Son Commune,Xã,20,Lạng Sơn,Lang Son,21.912165,106.328679,21.864209,21.962789,106.241518,106.395579,80.46
06475,Bằng Mạc,Bang Mac,Xã Bằng Mạc,Bang Mac Commune,Xã,20,Lạng Sơn,Lang Son,21.716423,106.52761,21.667158,21.766699,106.447974,106.606188,117.82
06112,Bình Gia,Binh Gia,Xã Bình Gia,Binh Gia Commune,Xã,20,Lạng Sơn,Lang Son,21.967973,106.344611,21.908813,22.033613,106.25634,106.413226,104.98
06427,Cai Kinh,Cai Kinh,Xã Cai Kinh,Cai Kinh Commune,Xã,20,Lạng Sơn,Lang Son,21.580107,106.3908,21.514622,21.656766,106.279569,106.450882,105.56
06211,Cao Lộc,Cao Loc,Xã Cao Lộc,Cao Loc Commune,Xã,20,Lạng Sơn,Lang Son,21.943409,106.816027,21.897166,21.985619,106.737262,106.890472,103.86
06637,Châu Sơn,Chau Son,Xã Châu Sơn,Chau Son Commune,Xã,20,Lạng Sơn,Lang Son,21.45686,107.161561,21.363159,21.564234,107.037671,107.264983,301.31
06463,Chi Lăng,Chi Lang,Xã Chi Lăng,Chi Lang Commune,Xã,20,Lạng Sơn,Lang Son,21.609934,106.545509,21.535565,21.680815,106.468339,106.618572,80.74
06481,Chiến Thắng,Chien Thang,Xã Chiến Thắng,Chien Thang Commune,Xã,20,Lạng Sơn,Lang Son,21.733316,106.758763,21.651756,21.797544,106.689725,106.832427,114.27
06220,Công Sơn,Cong Son,Xã Công Sơn,Cong Son Commune,Xã,20,Lạng Sơn,Lang Son,21.879167,106.866282,21.842796,21.919464,106.774989,106.957376,84.74
06073,Hoa Thám,Hoa Tham,Xã Hoa Thám,Hoa Tham Commune,Xã,20,Lạng Sơn,Lang Son,22.183192,106.364442,22.105577,22.254785,106.251942,106.457561,151.78
06172,Hoàng Văn Thụ,Hoang Van Thu,Xã Hoàng Văn Thụ,Hoang Van Thu Commune,Xã,20,Lạng Sơn,Lang Son,21.970461,106.646826,21.880769,22.049804,106.594017,106.708847,114.5
06151,Hội Hoan,Hoi Hoan,Xã Hội Hoan,Hoi Hoan Commune,Xã,20,Lạng Sơn,Lang Son,22.032111,106.485126,21.967401,22.104075,106.434223,106.545045,117.43
06079,Hồng Phong,Hong Phong,Xã Hồng Phong,Hong Phong Commune,Xã,20,Lạng Sơn,Lang Son,22.068086,106.415655,21.975345,22.157981,106.336724,106.491604,132.98
06349,Hưng Vũ,Hung Vu,Xã Hưng Vũ,Hung Vu Commune,Xã,20,Lạng Sơn,Lang Son,21.805006,106.36578,21.710699,21.893267,106.314025,106.418852,133.24
06400,Hữu Liên,Huu Lien,Xã Hữu Liên,Huu Lien Commune,Xã,20,Lạng Sơn,Lang Son,21.661607,106.366734,21.588697,21.755192,106.287504,106.427098,122.56
06385,Hữu Lũng,Huu Lung,Xã Hữu Lũng,Huu Lung Commune,Xã,20,Lạng Sơn,Lang Son,21.513351,106.367538,21.472919,21.559261,106.329418,106.412918,52.87
06037,Kháng Chiến,Khang Chien,Xã Kháng Chiến,Khang Chien Commune,Xã,20,Lạng Sơn,Lang Son,22.268031,106.590344,22.194848,22.339924,106.491894,106.681631,142
06286,Khánh Khê,Khanh Khe,Xã Khánh Khê,Khanh Khe Commune,Xã,20,Lạng Sơn,Lang Son,21.850026,106.667311,21.792627,21.923087,106.620411,106.719584,93.64
06565,Khuất Xá,Khuat Xa,Xã Khuất Xá,Khuat Xa Commune,Xã,20,Lạng Sơn,Lang Son,21.728957,107.089867,21.663438,21.789408,106.983894,107.192184,124.91
06625,Kiên Mộc,Kien Moc,Xã Kiên Mộc,Kien Moc Commune,Xã,20,Lạng Sơn,Lang Son,21.64358,107.231776,21.540739,21.742687,107.088783,107.363944,417.78
06187,Kỳ Lừa,Ky Lua,Phường Kỳ Lừa,Ky Lua Ward,Phường,20,Lạng Sơn,Lang Son,21.842487,106.816291,21.781422,21.899932,106.753986,106.875733,61.7
06529,Lộc Bình,Loc Binh,Xã Lộc Bình,Loc Binh Commune,Xã,20,Lạng Sơn,Lang Son,21.783352,106.90724,21.73317,21.837603,106.842192,106.972833,79.15
06601,Lợi Bác,Loi Bac,Xã Lợi Bác,Loi Bac Commune,Xã,20,Lạng Sơn,Lang Son,21.648783,106.999295,21.546779,21.728323,106.939019,107.063048,139.11
05983,Lương Văn Tri,Luong Van Tri,Phường Lương Văn Tri,Luong Van Tri Ward,Phường,20,Lạng Sơn,Lang Son,21.827159,106.726121,21.781648,21.872888,106.697951,106.760925,31.76
06541,Mẫu Sơn,Mau Son,Xã Mẫu Sơn,Mau Son Commune,Xã,20,Lạng Sơn,Lang Son,21.800801,107.005119,21.741904,21.851774,106.864011,107.132669,136.04
06526,Na Dương,Na Duong,Xã Na Dương,Na Duong Commune,Xã,20,Lạng Sơn,Lang Son,21.697902,106.941958,21.585452,21.782193,106.872229,107.01932,109.91
06124,Na Sầm,Na Sam,Xã Na Sầm,Na Sam Commune,Xã,20,Lạng Sơn,Lang Son,22.076652,106.606734,21.984998,22.175336,106.541531,106.660699,94.47
06496,Nhân Lý,Nhan Ly,Xã Nhân Lý,Nhan Ly Commune,Xã,20,Lạng Sơn,Lang Son,21.69493,106.660989,21.629484,21.765315,106.58886,106.729447,126.86
06376,Nhất Hoà,Nhat Hoa,Xã Nhất Hoà,Nhat Hoa Commune,Xã,20,Lạng Sơn,Lang Son,21.739113,106.259817,21.666761,21.807641,106.174423,106.34374,143.72
06517,Quan Sơn,Quan Son,Xã Quan Sơn,Quan Son Commune,Xã,20,Lạng Sơn,Lang Son,21.612449,106.696681,21.540527,21.669669,106.568018,106.780157,138.05
06004,Quốc Khánh,Quoc Khanh,Xã Quốc Khánh,Quoc Khanh Commune,Xã,20,Lạng Sơn,Lang Son,22.340211,106.526446,22.257675,22.42248,106.44729,106.620674,168.15
06058,Quốc Việt,Quoc Viet,Xã Quốc Việt,Quoc Viet Commune,Xã,20,Lạng Sơn,Lang Son,22.210161,106.629367,22.149836,22.28162,106.535438,106.702375,117.97
06076,Quý Hoà,Quy Hoa,Xã Quý Hoà,Quy Hoa Commune,Xã,20,Lạng Sơn,Lang Son,22.166373,106.269774,22.10846,22.248312,106.199383,106.35132,130.28
05986,Tam Thanh,Tam Thanh,Phường Tam Thanh,Tam Thanh Ward,Phường,20,Lạng Sơn,Lang Son,21.883652,106.742574,21.841766,21.928469,106.710083,106.768642,27.35
06445,Tân Thành,Tan Thanh,Xã Tân Thành,Tan Thanh Commune,Xã,20,Lạng Sơn,Lang Son,21.501263,106.459365,21.436067,21.56821,106.398778,106.522165,121.93
06019,Tân Tiến,Tan Tien,Xã Tân Tiến,Tan Tien Commune,Xã,20,Lạng Sơn,Lang Son,22.286991,106.324671,22.217941,22.352123,106.199419,106.437667,213.39
06337,Tân Tri,Tan Tri,Xã Tân Tri,Tan Tri Commune,Xã,20,Lạng Sơn,Lang Son,21.885976,106.183312,21.804051,21.948899,106.095314,106.300343,137.61
06115,Tân Văn,Tan Van,Xã Tân Văn,Tan Van Commune,Xã,20,Lạng Sơn,Lang Son,21.927506,106.454651,21.865229,21.982862,106.387721,106.540457,112.06
06316,Tân Đoàn,Tan Doan,Xã Tân Đoàn,Tan Doan Commune,Xã,20,Lạng Sơn,Lang Son,21.77844,106.630934,21.730648,21.83667,106.554224,106.719494,100.41
06616,Thái Bình,Thai Binh,Xã Thái Bình,Thai Binh Commune,Xã,20,Lạng Sơn,Lang Son,21.449452,107.007728,21.325233,21.57547,106.888617,107.105783,305.25
06040,Thất Khê,That Khe,Xã Thất Khê,That Khe Commune,Xã,20,Lạng Sơn,Lang Son,22.31019,106.434096,22.22977,22.374084,106.353761,106.513456,100.52
06085,Thiện Hoà,Thien Hoa,Xã Thiện Hoà,Thien Hoa Commune,Xã,20,Lạng Sơn,Lang Son,22.079425,106.215715,22.015479,22.145479,106.098615,106.338229,160.31
06103,Thiện Long,Thien Long,Xã Thiện Long,Thien Long Commune,Xã,20,Lạng Sơn,Lang Son,21.978269,106.174257,21.905149,22.057755,106.095806,106.28253,167.26
06436,Thiện Tân,Thien Tan,Xã Thiện Tân,Thien Tan Commune,Xã,20,Lạng Sơn,Lang Son,21.559217,106.210951,21.494074,21.611762,106.166911,106.276017,93.07
06091,Thiện Thuật,Thien Thuat,Xã Thiện Thuật,Thien Thuat Commune,Xã,20,Lạng Sơn,Lang Son,22.043347,106.304885,21.988934,22.112214,106.212286,106.38856,134.5
06577,Thống Nhất,Thong Nhat,Xã Thống Nhất,Thong Nhat Commune,Xã,20,Lạng Sơn,Lang Son,21.680439,106.824462,21.559001,21.798845,106.751914,106.912821,190.61
06148,Thuỵ Hùng,Thuy Hung,Xã Thuỵ Hùng,Thuy Hung Commune,Xã,20,Lạng Sơn,Lang Son,22.116126,106.659906,22.042451,22.182076,106.591601,106.713175,108.76
06046,Tràng Định,Trang Dinh,Xã Tràng Định,Trang Dinh Commune,Xã,20,Lạng Sơn,Lang Son,22.202257,106.47104,22.143287,22.272423,106.399302,106.558104,118.41
06313,Tri Lễ,Tri Le,Xã Tri Lễ,Tri Le Commune,Xã,20,Lạng Sơn,Lang Son,21.779504,106.437496,21.685363,21.87649,106.389071,106.496575,131.28
06457,Tuấn Sơn,Tuan Son,Xã Tuấn Sơn,Tuan Son Commune,Xã,20,Lạng Sơn,Lang Son,21.45331,106.350226,21.393556,21.525463,106.28274,106.417594,111.21
06154,Văn Lãng,Van Lang,Xã Văn Lãng,Van Lang Commune,Xã,20,Lạng Sơn,Lang Son,22.088035,106.540707,22.000234,22.171898,106.457837,106.601555,132.28
06505,Vạn Linh,Van Linh,Xã Vạn Linh,Van Linh Commune,Xã,20,Lạng Sơn,Lang Son,21.640455,106.484959,21.564114,21.696839,106.418024,106.566176,126.54
06415,Vân Nham,Van Nham,Xã Vân Nham,Van Nham Commune,Xã,20,Lạng Sơn,Lang Son,21.534186,106.280619,21.48035,21.584325,106.22191,106.341454,81.22
06253,Văn Quan,Van Quan,Xã Văn Quan,Van Quan Commune,Xã,20,Lạng Sơn,Lang Son,21.866843,106.505213,21.805418,21.921074,106.450833,106.566802,87.57
06367,Vũ Lăng,Vu Lang,Xã Vũ Lăng,Vu Lang Commune,Xã,20,Lạng Sơn,Lang Son,21.833759,106.282678,21.76977,21.897102,106.217114,106.352731,112.27
06364,Vũ Lễ,Vu Le,Xã Vũ Lễ,Vu Le Commune,Xã,20,Lạng Sơn,Lang Son,21.815811,106.182476,21.749023,21.883671,106.10609,106.249589,92.1
06607,Xuân Dương,Xuan Duong,Xã Xuân Dương,Xuan Duong Commune,Xã,20,Lạng Sơn,Lang Son,21.582249,106.894608,21.489502,21.685169,106.814161,106.988537,206.7
06391,Yên Bình,Yen Binh,Xã Yên Bình,Yen Binh Commune,Xã,20,Lạng Sơn,Lang Son,21.642262,106.269289,21.581371,21.698481,106.191051,106.349499,119.22
06298,Yên Phúc,Yen Phuc,Xã Yên Phúc,Yen Phuc Commune,Xã,20,Lạng Sơn,Lang Son,21.816337,106.552222,21.743191,21.887373,106.480706,106.640176,117.93
06280,Điềm He,Diem He,Xã Điềm He,Diem He Commune,Xã,20,Lạng Sơn,Lang Son,21.94616,106.564585,21.872237,22.015584,106.489094,106.626236,103.12
06613,Đình Lập,Dinh Lap,Xã Đình Lập,Dinh Lap Commune,Xã,20,Lạng Sơn,Lang Son,21.586759,107.080573,21.500892,21.68603,107.002871,107.165231,164.66
06001,Đoàn Kết,Doan Ket,Xã Đoàn Kết,Doan Ket Commune,Xã,20,Lạng Sơn,Lang Son,22.386821,106.261557,22.313887,22.461645,106.184344,106.360954,156.29
05977,Đông Kinh,Dong Kinh,Phường Đông Kinh,Dong Kinh Ward,Phường,20,Lạng Sơn,Lang Son,21.806797,106.770609,21.756546,21.863183,106.726502,106.808329,54.71
06184,Đồng Đăng,Dong Dang,Xã Đồng Đăng,Dong Dang Commune,Xã,20,Lạng Sơn,Lang Son,21.946069,106.721892,21.882867,22.013259,106.656626,106.798376,91.57
07090,An Sinh,An Sinh,Phường An Sinh,An Sinh Ward,Phường,22,Quảng Ninh,Quang Ninh,21.153289,106.520857,21.087922,21.224502,106.440497,106.590647,106.42
06970,Ba Chẽ,Ba Che,Xã Ba Chẽ,Ba Che Commune,Xã,22,Quảng Ninh,Quang Ninh,21.252725,107.252315,21.13018,21.389024,107.160379,107.366429,332.68
06673,Bãi Cháy,Bai Chay,Phường Bãi Cháy,Bai Chay Ward,Phường,22,Quảng Ninh,Quang Ninh,20.945386,107.030301,20.846812,20.990403,106.98775,107.067284,25.39
07081,Bình Khê,Binh Khe,Phường Bình Khê,Binh Khe Ward,Phường,22,Quảng Ninh,Quang Ninh,21.129385,106.626104,21.080113,21.181344,106.522857,106.708537,138.74
06838,Bình Liêu,Binh Lieu,Xã Bình Liêu,Binh Lieu Commune,Xã,22,Quảng Ninh,Quang Ninh,21.517183,107.387334,21.437399,21.602077,107.273625,107.525161,225.29
06967,Cái Chiên,Cai Chien,Xã Cái Chiên,Cai Chien Commune,Xã,22,Quảng Ninh,Quang Ninh,21.314957,107.747006,21.256955,21.358263,107.640076,107.820121,25.9
06793,Cẩm Phả,Cam Pha,Phường Cẩm Phả,Cam Pha Ward,Phường,22,Quảng Ninh,Quang Ninh,21.007891,107.289141,20.927481,21.048369,107.255764,107.325711,17.52
06658,Cao Xanh,Cao Xanh,Phường Cao Xanh,Cao Xanh Ward,Phường,22,Quảng Ninh,Quang Ninh,20.99962,107.123795,20.958744,21.033357,107.059664,107.178427,38.89
07192,Cô Tô,Co To,Đặc khu Cô Tô,Co To Special administrative region,Đặc khu,22,Quảng Ninh,Quang Ninh,21.042313,107.818542,20.942938,21.251608,107.705831,108.021551,53.68
06781,Cửa Ông,Cua Ong,Phường Cửa Ông,Cua Ong Ward,Phường,22,Quảng Ninh,Quang Ninh,21.022045,107.336683,20.98306,21.062315,107.297545,107.372608,41.07
07168,Hà An,Ha An,Phường Hà An,Ha An Ward,Phường,22,Quảng Ninh,Quang Ninh,20.920194,106.886687,20.840267,20.974315,106.824355,106.954073,100.18
06676,Hà Lầm,Ha Lam,Phường Hà Lầm,Ha Lam Ward,Phường,22,Quảng Ninh,Quang Ninh,20.966882,107.115861,20.948723,20.990687,107.087306,107.13506,11.99
06688,Hạ Long,Ha Long,Phường Hạ Long,Ha Long Ward,Phường,22,Quảng Ninh,Quang Ninh,20.910849,107.135745,20.795099,20.95984,107.091429,107.247984,6.08
06652,Hà Tu,Ha Tu,Phường Hà Tu,Ha Tu Ward,Phường,22,Quảng Ninh,Quang Ninh,20.932009,107.183749,20.804462,21.000137,107.127745,107.312467,37.6
06799,Hải Hoà,Hai Hoa,Xã Hải Hoà,Hai Hoa Commune,Xã,22,Quảng Ninh,Quang Ninh,21.145294,107.363094,21.080668,21.221766,107.312073,107.416843,95.87
06886,Hải Lạng,Hai Lang,Xã Hải Lạng,Hai Lang Commune,Xã,22,Quảng Ninh,Quang Ninh,21.264299,107.383682,21.18228,21.345409,107.317042,107.445888,131.03
06733,Hải Ninh,Hai Ninh,Xã Hải Ninh,Hai Ninh Commune,Xã,22,Quảng Ninh,Quang Ninh,21.538054,107.800288,21.476074,21.58349,107.73164,107.865552,93.18
06724,Hải Sơn,Hai Son,Xã Hải Sơn,Hai Son Commune,Xã,22,Quảng Ninh,Quang Ninh,21.608485,107.817954,21.551788,21.65882,107.732733,107.943238,132.04
07147,Hiệp Hoà,Hiep Hoa,Phường Hiệp Hoà,Hiep Hoa Ward,Phường,22,Quảng Ninh,Quang Ninh,20.967629,106.809694,20.940865,20.999805,106.768507,106.850472,35.83
07114,Hoàng Quế,Hoang Que,Phường Hoàng Quế,Hoang Que Ward,Phường,22,Quảng Ninh,Quang Ninh,21.054738,106.66409,21.011379,21.092954,106.607708,106.718659,63.83
07030,Hoành Bồ,Hoanh Bo,Phường Hoành Bồ,Hoanh Bo Ward,Phường,22,Quảng Ninh,Quang Ninh,21.066877,106.985408,20.974472,21.162524,106.90301,107.062547,175.94
06841,Hoành Mô,Hoanh Mo,Xã Hoành Mô,Hoanh Mo Commune,Xã,22,Quảng Ninh,Quang Ninh,21.576481,107.530519,21.507372,21.663807,107.434306,107.612046,137.91
06685,Hồng Gai,Hong Gai,Phường Hồng Gai,Hong Gai Ward,Phường,22,Quảng Ninh,Quang Ninh,20.838747,107.117135,20.734682,20.966469,107.054754,107.202769,5
06979,Kỳ Thượng,Ky Thuong,Xã Kỳ Thượng,Ky Thuong Commune,Xã,22,Quảng Ninh,Quang Ninh,21.265912,107.13128,21.133424,21.379297,107.031757,107.210901,273.5
07180,Liên Hoà,Lien Hoa,Phường Liên Hoà,Lien Hoa Ward,Phường,22,Quảng Ninh,Quang Ninh,20.860073,106.8251,20.81439,20.924458,106.763584,106.877202,71.44
06856,Lục Hồn,Luc Hon,Xã Lục Hồn,Luc Hon Commune,Xã,22,Quảng Ninh,Quang Ninh,21.573705,107.438244,21.498981,21.65052,107.380538,107.491673,107.13
06985,Lương Minh,Luong Minh,Xã Lương Minh,Luong Minh Commune,Xã,22,Quảng Ninh,Quang Ninh,21.213389,107.02856,21.124749,21.315635,106.936008,107.102859,225.28
07069,Mạo Khê,Mao Khe,Phường Mạo Khê,Mao Khe Ward,Phường,22,Quảng Ninh,Quang Ninh,21.068537,106.588874,21.032432,21.097428,106.534017,106.63559,46.55
06712,Móng Cái 1,Mong Cai 1,Phường Móng Cái 1,Ward Mong Cai 1,Phường,22,Quảng Ninh,Quang Ninh,21.50458,108.00514,21.429454,21.548641,107.961251,108.093373,82.47
06709,Móng Cái 2,Mong Cai 2,Phường Móng Cái 2,Ward Mong Cai 2,Phường,22,Quảng Ninh,Quang Ninh,21.475922,107.942366,21.397024,21.538748,107.899261,107.973269,72.97
06736,Móng Cái 3,Mong Cai 3,Phường Móng Cái 3,Ward Mong Cai 3,Phường,22,Quảng Ninh,Quang Ninh,21.540337,107.897842,21.487032,21.584891,107.845715,107.952698,90.03
06760,Mông Dương,Mong Duong,Phường Mông Dương,Mong Duong Ward,Phường,22,Quảng Ninh,Quang Ninh,21.094797,107.282476,21.01894,21.18641,107.197291,107.370894,167.16
07183,Phong Cốc,Phong Coc,Phường Phong Cốc,Phong Coc Ward,Phường,22,Quảng Ninh,Quang Ninh,20.897275,106.787659,20.851665,20.935223,106.752865,106.828987,42.17
06922,Quảng Hà,Quang Ha,Xã Quảng Hà,Quang Ha Commune,Xã,22,Quảng Ninh,Quang Ninh,21.437789,107.733861,21.33063,21.511365,107.667816,107.800976,134.37
06778,Quang Hanh,Quang Hanh,Phường Quang Hanh,Quang Hanh Ward,Phường,22,Quảng Ninh,Quang Ninh,20.997948,107.212635,20.947165,21.034404,107.168998,107.272019,62.63
07054,Quảng La,Quang La,Xã Quảng La,Quang La Commune,Xã,22,Quảng Ninh,Quang Ninh,21.109236,106.884897,21.012707,21.188871,106.825562,106.955868,165.67
06913,Quảng Tân,Quang Tan,Xã Quảng Tân,Quang Tan Commune,Xã,22,Quảng Ninh,Quang Ninh,21.417782,107.544865,21.334722,21.498372,107.466837,107.622603,184.81
07132,Quảng Yên,Quang Yen,Phường Quảng Yên,Quang Yen Ward,Phường,22,Quảng Ninh,Quang Ninh,20.939332,106.824798,20.920442,20.964167,106.770423,106.864088,20.69
06931,Quảng Đức,Quang Duc,Xã Quảng Đức,Quang Duc Commune,Xã,22,Quảng Ninh,Quang Ninh,21.548897,107.709733,21.455969,21.641073,107.637251,107.767439,131.48
07060,Thống Nhất,Thong Nhat,Xã Thống Nhất,Thong Nhat Commune,Xã,22,Quảng Ninh,Quang Ninh,21.082774,107.125416,20.976335,21.146258,106.99627,107.270154,276.12
06862,Tiên Yên,Tien Yen,Xã Tiên Yên,Tien Yen Commune,Xã,22,Quảng Ninh,Quang Ninh,21.37523,107.39477,21.272309,21.468202,107.330562,107.467309,137.87
06706,Tuần Châu,Tuan Chau,Phường Tuần Châu,Tuan Chau Ward,Phường,22,Quảng Ninh,Quang Ninh,20.96229,106.939631,20.858326,21.016853,106.886236,107.004696,62.08
06811,Uông Bí,Uong Bi,Phường Uông Bí,Uong Bi Ward,Phường,22,Quảng Ninh,Quang Ninh,21.024918,106.76593,20.971323,21.083002,106.729907,106.799864,49.81
06994,Vân Đồn,Van Don,Đặc khu Vân Đồn,Van Don Special administrative region,Đặc khu,22,Quảng Ninh,Quang Ninh,21.049629,107.476908,20.685198,21.275301,107.258265,107.695446,583.92
06820,Vàng Danh,Vang Danh,Phường Vàng Danh,Vang Danh Ward,Phường,22,Quảng Ninh,Quang Ninh,21.086919,106.809678,21.011313,21.156638,106.769151,106.848957,93.77
06661,Việt Hưng,Viet Hung,Phường Việt Hưng,Viet Hung Ward,Phường,22,Quảng Ninh,Quang Ninh,20.990322,106.980156,20.960195,21.029202,106.936713,107.034185,41.39
06757,Vĩnh Thực,Vinh Thuc,Xã Vĩnh Thực,Vinh Thuc Commune,Xã,22,Quảng Ninh,Quang Ninh,21.374563,107.922274,21.339638,21.397953,107.829087,108.00926,49.11
06832,Yên Tử,Yen Tu,Phường Yên Tử,Yen Tu Ward,Phường,22,Quảng Ninh,Quang Ninh,21.085959,106.729404,20.996754,21.168191,106.65653,106.788892,113.23
06895,Đầm Hà,Dam Ha,Xã Đầm Hà,Dam Ha Commune,Xã,22,Quảng Ninh,Quang Ninh,21.333264,107.598482,21.223398,21.419917,107.502557,107.688242,142.43
06874,Điền Xá,Dien Xa,Xã Điền Xá,Dien Xa Commune,Xã,22,Quảng Ninh,Quang Ninh,21.433905,107.291413,21.312483,21.565542,107.204561,107.382486,240.49
07135,Đông Mai,Dong Mai,Phường Đông Mai,Dong Mai Ward,Phường,22,Quảng Ninh,Quang Ninh,21.000325,106.85549,20.960151,21.036372,106.792671,106.900456,50.61
06877,Đông Ngũ,Dong Ngu,Xã Đông Ngũ,Dong Ngu Commune,Xã,22,Quảng Ninh,Quang Ninh,21.37217,107.466028,21.276402,21.469111,107.380609,107.552348,142.8
07093,Đông Triều,Dong Trieu,Phường Đông Triều,Dong Trieu Ward,Phường,22,Quảng Ninh,Quang Ninh,21.079305,106.493002,21.045709,21.11384,106.438835,106.547531,40.42
06946,Đường Hoa,Duong Hoa,Xã Đường Hoa,Duong Hoa Commune,Xã,22,Quảng Ninh,Quang Ninh,21.493151,107.634085,21.352746,21.610074,107.515962,107.742139,220.38
07654,An Lạc,An Lac,Xã An Lạc,An Lac Commune,Xã,24,Bắc Ninh,Bac Ninh,21.32451,106.944677,21.272483,21.383932,106.858399,107.03352,134.15
07210,Bắc Giang,Bac Giang,Phường Bắc Giang,Bac Giang Ward,Phường,24,Bắc Ninh,Bac Ninh,21.284898,106.215421,21.26311,21.312753,106.183775,106.256623,23.23
07498,Bắc Lũng,Bac Lung,Xã Bắc Lũng,Bac Lung Commune,Xã,24,Bắc Ninh,Bac Ninh,21.26154,106.351562,21.229164,21.29086,106.298664,106.402715,53.72
07462,Bảo Đài,Bao Dai,Xã Bảo Đài,Bao Dai Commune,Xã,24,Bắc Ninh,Bac Ninh,21.351364,106.357966,21.299345,21.405372,106.291021,106.423372,83.02
07537,Biên Sơn,Bien Son,Xã Biên Sơn,Bien Son Commune,Xã,24,Bắc Ninh,Bac Ninh,21.47535,106.738624,21.419231,21.576463,106.595518,106.902755,294.22
07573,Biển Động,Bien Dong,Xã Biển Động,Bien Dong Commune,Xã,24,Bắc Ninh,Bac Ninh,21.375082,106.743832,21.314751,21.431061,106.69488,106.782694,57.7
07294,Bố Hạ,Bo Ha,Xã Bố Hạ,Bo Ha Commune,Xã,24,Bắc Ninh,Bac Ninh,21.463894,106.233267,21.422942,21.493565,106.171274,106.287263,41.32
09295,Bồng Lai,Bong Lai,Phường Bồng Lai,Bong Lai Ward,Phường,24,Bắc Ninh,Bac Ninh,21.121195,106.167612,21.096054,21.142588,106.129533,106.201379,19.76
07519,Cẩm Lý,Cam Ly,Xã Cẩm Lý,Cam Ly Commune,Xã,24,Bắc Ninh,Bac Ninh,21.20991,106.365523,21.164939,21.241135,106.322702,106.424099,49.08
07738,Cảnh Thuỵ,Canh Thuy,Phường Cảnh Thuỵ,Canh Thuy Ward,Phường,24,Bắc Ninh,Bac Ninh,21.188871,106.266276,21.143783,21.228535,106.231986,106.304567,27.73
09466,Cao Đức,Cao Duc,Xã Cao Đức,Cao Duc Commune,Xã,24,Bắc Ninh,Bac Ninh,21.092619,106.276284,21.065114,21.115668,106.244269,106.304196,19.76
09313,Chi Lăng,Chi Lang,Xã Chi Lăng,Chi Lang Commune,Xã,24,Bắc Ninh,Bac Ninh,21.104236,106.12139,21.073732,21.140594,106.089575,106.151847,23.39
07525,Chũ,Chu,Phường Chũ,Chu Ward,Phường,24,Bắc Ninh,Bac Ninh,21.40412,106.585646,21.342729,21.489353,106.533615,106.63048,57.18
07672,Dương Hưu,Duong Huu,Xã Dương Hưu,Duong Huu Commune,Xã,24,Bắc Ninh,Bac Ninh,21.232918,106.911569,21.168671,21.292078,106.84413,106.986026,142.59
09454,Gia Bình,Gia Binh,Xã Gia Bình,Gia Binh Commune,Xã,24,Bắc Ninh,Bac Ninh,21.05002,106.181226,21.012476,21.084654,106.136781,106.216177,29.98
09325,Hạp Lĩnh,Hap Linh,Phường Hạp Lĩnh,Hap Linh Ward,Phường,24,Bắc Ninh,Bac Ninh,21.139603,106.066485,21.121423,21.160836,106.040042,106.091566,12.65
07840,Hiệp Hoà,Hiep Hoa,Xã Hiệp Hoà,Hiep Hoa Commune,Xã,24,Bắc Ninh,Bac Ninh,21.318943,105.998511,21.257841,21.376053,105.950204,106.039551,62.18
07822,Hoàng Vân,Hoang Van,Xã Hoàng Vân,Hoang Van Commune,Xã,24,Bắc Ninh,Bac Ninh,21.388242,105.982405,21.345731,21.436356,105.940916,106.030475,40.23
07864,Hợp Thịnh,Hop Thinh,Xã Hợp Thịnh,Hop Thinh Commune,Xã,24,Bắc Ninh,Bac Ninh,21.337727,105.9278,21.293893,21.378964,105.881138,105.970843,49.27
07399,Kép,Kep,Xã Kép,Kep Commune,Xã,24,Bắc Ninh,Bac Ninh,21.414825,106.295738,21.369145,21.460552,106.244299,106.349858,58.65
07552,Kiên Lao,Kien Lao,Xã Kiên Lao,Kien Lao Commune,Xã,24,Bắc Ninh,Bac Ninh,21.440861,106.522193,21.39902,21.488058,106.458127,106.590352,85.57
09187,Kinh Bắc,Kinh Bac,Phường Kinh Bắc,Kinh Bac Ward,Phường,24,Bắc Ninh,Bac Ninh,21.19927,106.057675,21.17233,21.227869,106.032482,106.087336,19.95
09529,Lâm Thao,Lam Thao,Xã Lâm Thao,Lam Thao Commune,Xã,24,Bắc Ninh,Bac Ninh,21.004861,106.167559,20.969346,21.043565,106.138066,106.202794,26.26
07375,Lạng Giang,Lang Giang,Xã Lạng Giang,Lang Giang Commune,Xã,24,Bắc Ninh,Bac Ninh,21.356413,106.270022,21.314184,21.403732,106.219102,106.316012,55.41
09334,Liên Bão,Lien Bao,Xã Liên Bão,Lien Bao Commune,Xã,24,Bắc Ninh,Bac Ninh,21.119452,106.03846,21.096198,21.149546,106.005532,106.068459,19.82
07444,Lục Nam,Luc Nam,Xã Lục Nam,Luc Nam Commune,Xã,24,Bắc Ninh,Bac Ninh,21.304486,106.38768,21.274987,21.341401,106.303964,106.454578,58.91
07582,Lục Ngạn,Luc Ngan,Xã Lục Ngạn,Luc Ngan Commune,Xã,24,Bắc Ninh,Bac Ninh,21.384804,106.678047,21.340161,21.42823,106.6147,106.737638,82.71
07492,Lục Sơn,Luc Son,Xã Lục Sơn,Luc Son Commune,Xã,24,Bắc Ninh,Bac Ninh,21.225901,106.628706,21.167679,21.290213,106.558112,106.692026,125.98
09496,Lương Tài,Luong Tai,Xã Lương Tài,Luong Tai Commune,Xã,24,Bắc Ninh,Bac Ninh,21.035389,106.220227,21.002154,21.062893,106.176729,106.27015,24.69
09409,Mão Điền,Mao Dien,Phường Mão Điền,Mao Dien Ward,Phường,24,Bắc Ninh,Bac Ninh,21.061207,106.117826,21.031556,21.093725,106.094524,106.14172,19.5
07420,Mỹ Thái,My Thai,Xã Mỹ Thái,My Thai Commune,Xã,24,Bắc Ninh,Bac Ninh,21.351316,106.21176,21.299399,21.391713,106.175432,106.25013,46.63
07603,Nam Dương,Nam Duong,Xã Nam Dương,Nam Duong Commune,Xã,24,Bắc Ninh,Bac Ninh,21.31459,106.587085,21.265051,21.366328,106.538516,106.644999,67.19
09286,Nam Sơn,Nam Son,Phường Nam Sơn,Nam Son Ward,Phường,24,Bắc Ninh,Bac Ninh,21.147372,106.103367,21.12529,21.172953,106.073981,106.134246,18.53
07795,Nếnh,Nenh,Phường Nếnh,Nenh Ward,Phường,24,Bắc Ninh,Bac Ninh,21.23376,106.122819,21.197956,21.271185,106.085644,106.16639,35.98
07486,Nghĩa Phương,Nghia Phuong,Xã Nghĩa Phương,Nghia Phuong Commune,Xã,24,Bắc Ninh,Bac Ninh,21.270252,106.460816,21.226165,21.330483,106.388163,106.51421,88.32
07351,Ngọc Thiện,Ngoc Thien,Xã Ngọc Thiện,Ngoc Thien Commune,Xã,24,Bắc Ninh,Bac Ninh,21.366002,106.059079,21.326692,21.403341,106.006189,106.105319,51.26
07306,Nhã Nam,Nha Nam,Xã Nhã Nam,Nha Nam Commune,Xã,24,Bắc Ninh,Bac Ninh,21.4249,106.104959,21.389428,21.463817,106.069371,106.14895,34.43
09253,Nhân Hoà,Nhan Hoa,Phường Nhân Hoà,Nhan Hoa Ward,Phường,24,Bắc Ninh,Bac Ninh,21.190479,106.139256,21.168297,21.216031,106.111533,106.168295,20.3
09475,Nhân Thắng,Nhan Thang,Xã Nhân Thắng,Nhan Thang Commune,Xã,24,Bắc Ninh,Bac Ninh,21.079627,106.240401,21.054187,21.114268,106.207382,106.272183,22.14
09445,Ninh Xá,Ninh Xa,Phường Ninh Xá,Ninh Xa Ward,Phường,24,Bắc Ninh,Bac Ninh,21.011252,106.080296,20.994921,21.027025,106.041716,106.119587,15.81
09349,Phật Tích,Phat Tich,Xã Phật Tích,Phat Tich Commune,Xã,24,Bắc Ninh,Bac Ninh,21.08951,106.041101,21.069903,21.11699,106.011367,106.077376,16.83
09379,Phù Khê,Phu Khe,Phường Phù Khê,Phu Khe Ward,Phường,24,Bắc Ninh,Bac Ninh,21.13949,105.933063,21.10507,21.164713,105.912984,105.953588,14.03
09292,Phù Lãng,Phu Lang,Xã Phù Lãng,Phu Lang Commune,Xã,24,Bắc Ninh,Bac Ninh,21.135081,106.257663,21.104096,21.172304,106.212789,106.299387,28.15
07330,Phúc Hoà,Phuc Hoa,Xã Phúc Hoà,Phuc Hoa Commune,Xã,24,Bắc Ninh,Bac Ninh,21.391154,106.161157,21.334621,21.43936,106.128157,106.193578,32.69
09265,Phương Liễu,Phuong Lieu,Phường Phương Liễu,Phuong Lieu Ward,Phường,24,Bắc Ninh,Bac Ninh,21.159119,106.130469,21.133917,21.18196,106.096092,106.153888,13.37
07612,Phượng Sơn,Phuong Son,Phường Phượng Sơn,Phuong Son Ward,Phường,24,Bắc Ninh,Bac Ninh,21.355711,106.50632,21.299036,21.410164,106.444185,106.556575,78.74
07333,Quang Trung,Quang Trung,Xã Quang Trung,Quang Trung Commune,Xã,24,Bắc Ninh,Bac Ninh,21.424777,106.055554,21.388771,21.469006,106.025405,106.086681,31.36
09247,Quế Võ,Que Vo,Phường Quế Võ,Que Vo Ward,Phường,24,Bắc Ninh,Bac Ninh,21.15943,106.17624,21.129194,21.185639,106.146313,106.221794,23.51
07534,Sa Lý,Sa Ly,Xã Sa Lý,Sa Ly Commune,Xã,24,Bắc Ninh,Bac Ninh,21.537113,106.773537,21.507327,21.577856,106.682996,106.865362,83.95
07543,Sơn Hải,Son Hai,Xã Sơn Hải,Son Hai Commune,Xã,24,Bắc Ninh,Bac Ninh,21.509019,106.58055,21.461052,21.557002,106.50688,106.655563,102.89
07615,Sơn Động,Son Dong,Xã Sơn Động,Son Dong Commune,Xã,24,Bắc Ninh,Bac Ninh,21.326548,106.84672,21.268864,21.398064,106.79314,106.898458,78.72
09433,Song Liễu,Song Lieu,Phường Song Liễu,Song Lieu Ward,Phường,24,Bắc Ninh,Bac Ninh,21.016283,106.026864,20.993003,21.039136,105.999534,106.055355,17.75
09202,Tam Giang,Tam Giang,Xã Tam Giang,Tam Giang Commune,Xã,24,Bắc Ninh,Bac Ninh,21.2212,105.931011,21.191507,21.24552,105.903789,105.964238,14.93
09370,Tam Sơn,Tam Son,Phường Tam Sơn,Tam Son Ward,Phường,24,Bắc Ninh,Bac Ninh,21.148789,105.979971,21.124139,21.166864,105.952377,106.005569,14.11
07264,Tam Tiến,Tam Tien,Xã Tam Tiến,Tam Tien Commune,Xã,24,Bắc Ninh,Bac Ninh,21.502506,106.075865,21.447279,21.555368,106.037922,106.12607,60.34
09208,Tam Đa,Tam Da,Xã Tam Đa,Tam Da Commune,Xã,24,Bắc Ninh,Bac Ninh,21.213986,106.020687,21.174486,21.251554,106.003147,106.039307,20.52
07682,Tân An,Tan An,Phường Tân An,Tan An Ward,Phường,24,Bắc Ninh,Bac Ninh,21.240334,106.293761,21.192082,21.287546,106.251534,106.337913,42.87
09343,Tân Chi,Tan Chi,Xã Tân Chi,Tan Chi Commune,Xã,24,Bắc Ninh,Bac Ninh,21.105663,106.085345,21.069746,21.130034,106.056452,106.112322,18.11
07432,Tân Dĩnh,Tan Dinh,Xã Tân Dĩnh,Tan Dinh Commune,Xã,24,Bắc Ninh,Bac Ninh,21.301905,106.269586,21.272299,21.331768,106.221489,106.320788,31.96
07531,Tân Sơn,Tan Son,Xã Tân Sơn,Tan Son Commune,Xã,24,Bắc Ninh,Bac Ninh,21.573174,106.615556,21.531358,21.609006,106.522165,106.702696,95.37
07699,Tân Tiến,Tan Tien,Phường Tân Tiến,Tan Tien Ward,Phường,24,Bắc Ninh,Bac Ninh,21.250172,106.242421,21.221519,21.278949,106.20216,106.284699,25.46
07339,Tân Yên,Tan Yen,Xã Tân Yên,Tan Yen Commune,Xã,24,Bắc Ninh,Bac Ninh,21.365336,106.126916,21.325458,21.410486,106.083182,106.175366,48.13
07616,Tây Yên Tử,Tay Yen Tu,Xã Tây Yên Tử,Tay Yen Tu Commune,Xã,24,Bắc Ninh,Bac Ninh,21.195552,106.766255,21.149106,21.247651,106.673692,106.848957,132.76
09400,Thuận Thành,Thuan Thanh,Phường Thuận Thành,Thuan Thanh Ward,Phường,24,Bắc Ninh,Bac Ninh,21.05234,106.075739,21.018629,21.082916,106.041893,106.102411,26.58
09319,Tiên Du,Tien Du,Xã Tiên Du,Tien Du Commune,Xã,24,Bắc Ninh,Bac Ninh,21.157419,106.008473,21.125486,21.184078,105.969395,106.039253,20.97
07381,Tiên Lục,Tien Luc,Xã Tiên Lục,Tien Luc Commune,Xã,24,Bắc Ninh,Bac Ninh,21.417387,106.215634,21.380238,21.464207,106.166203,106.26438,51.49
07696,Tiền Phong,Tien Phong,Phường Tiền Phong,Tien Phong Ward,Phường,24,Bắc Ninh,Bac Ninh,21.23737,106.182739,21.205554,21.268275,106.141467,106.214239,30.7
09430,Trạm Lộ,Tram Lo,Phường Trạm Lộ,Tram Lo Ward,Phường,24,Bắc Ninh,Bac Ninh,21.016579,106.121205,20.983241,21.041623,106.093415,106.143606,18.24
09427,Trí Quả,Tri Qua,Phường Trí Quả,Tri Qua Ward,Phường,24,Bắc Ninh,Bac Ninh,21.051371,106.03723,21.023374,21.073107,106.001261,106.068974,19.95
09523,Trung Chính,Trung Chinh,Xã Trung Chính,Trung Chinh Commune,Xã,24,Bắc Ninh,Bac Ninh,21.007263,106.236336,20.98319,21.035107,106.18894,106.279124,27.64
09499,Trung Kênh,Trung Kenh,Xã Trung Kênh,Trung Kenh Commune,Xã,24,Bắc Ninh,Bac Ninh,21.04395,106.278264,21.008889,21.080556,106.248007,106.309853,27.32
07489,Trường Sơn,Truong Son,Xã Trường Sơn,Truong Son Commune,Xã,24,Bắc Ninh,Bac Ninh,21.253205,106.541592,21.191155,21.31159,106.491581,106.600357,72.55
07774,Tự Lạn,Tu Lan,Phường Tự Lạn,Tu Lan Ward,Phường,24,Bắc Ninh,Bac Ninh,21.307502,106.058563,21.270577,21.343307,106.02413,106.100068,39.89
09367,Từ Sơn,Tu Son,Phường Từ Sơn,Tu Son Ward,Phường,24,Bắc Ninh,Bac Ninh,21.099381,105.962693,21.069922,21.124793,105.934047,105.988876,20.31
07663,Tuấn Đạo,Tuan Dao,Xã Tuấn Đạo,Tuan Dao Commune,Xã,24,Bắc Ninh,Bac Ninh,21.257742,106.765027,21.208248,21.314932,106.681905,106.85529,97.87
07798,Vân Hà,Van Ha,Phường Vân Hà,Van Ha Ward,Phường,24,Bắc Ninh,Bac Ninh,21.248296,106.059043,21.201253,21.28523,106.003173,106.104272,43.17
09238,Văn Môn,Van Mon,Xã Văn Môn,Van Mon Commune,Xã,24,Bắc Ninh,Bac Ninh,21.181178,105.935994,21.156316,21.212178,105.912264,105.964629,15.26
07621,Vân Sơn,Van Son,Xã Vân Sơn,Van Son Commune,Xã,24,Bắc Ninh,Bac Ninh,21.400651,106.939574,21.359268,21.440986,106.879874,107.003798,73.99
07777,Việt Yên,Viet Yen,Phường Việt Yên,Viet Yen Ward,Phường,24,Bắc Ninh,Bac Ninh,21.295452,106.118825,21.254913,21.336599,106.078927,106.163457,51.97
09190,Võ Cường,Vo Cuong,Phường Võ Cường,Vo Cuong Ward,Phường,24,Bắc Ninh,Bac Ninh,21.167971,106.053209,21.147014,21.187405,106.019399,106.096165,18.08
09169,Vũ Ninh,Vu Ninh,Phường Vũ Ninh,Vu Ninh Ward,Phường,24,Bắc Ninh,Bac Ninh,21.193107,106.092705,21.172953,21.211344,106.065142,106.121938,13.43
07870,Xuân Cẩm,Xuan Cam,Xã Xuân Cẩm,Xuan Cam Commune,Xã,24,Bắc Ninh,Bac Ninh,21.27183,105.958169,21.22292,21.318697,105.922183,105.992339,54.32
07246,Xuân Lương,Xuan Luong,Xã Xuân Lương,Xuan Luong Commune,Xã,24,Bắc Ninh,Bac Ninh,21.582535,106.110357,21.53741,21.626484,106.030267,106.185287,99.67
07681,Yên Dũng,Yen Dung,Phường Yên Dũng,Yen Dung Ward,Phường,24,Bắc Ninh,Bac Ninh,21.201108,106.210339,21.154646,21.246532,106.150676,106.253716,52.42
09193,Yên Phong,Yen Phong,Xã Yên Phong,Yen Phong Commune,Xã,24,Bắc Ninh,Bac Ninh,21.195856,105.968087,21.162314,21.230123,105.933916,106.007609,27.89
07288,Yên Thế,Yen The,Xã Yên Thế,Yen The Commune,Xã,24,Bắc Ninh,Bac Ninh,21.47099,106.131564,21.424018,21.515152,106.091918,106.181226,43.67
09205,Yên Trung,Yen Trung,Xã Yên Trung,Yen Trung Commune,Xã,24,Bắc Ninh,Bac Ninh,21.23098,105.99772,21.196167,21.264188,105.978209,106.027492,18.34
07642,Yên Định,Yen Dinh,Xã Yên Định,Yen Dinh Commune,Xã,24,Bắc Ninh,Bac Ninh,21.344221,106.788405,21.302104,21.385064,106.747686,106.835999,48.17
07228,Đa Mai,Da Mai,Phường Đa Mai,Da Mai Ward,Phường,24,Bắc Ninh,Bac Ninh,21.29953,106.169301,21.255888,21.342893,106.140407,106.196667,33.1
09469,Đại Lai,Dai Lai,Xã Đại Lai,Dai Lai Commune,Xã,24,Bắc Ninh,Bac Ninh,21.088624,106.197866,21.070753,21.10703,106.15582,106.23058,15.32
07627,Đại Sơn,Dai Son,Xã Đại Sơn,Dai Son Commune,Xã,24,Bắc Ninh,Bac Ninh,21.407522,106.835417,21.361433,21.444214,106.774712,106.911051,76.38
09340,Đại Đồng,Dai Dong,Xã Đại Đồng,Dai Dong Commune,Xã,24,Bắc Ninh,Bac Ninh,21.095455,105.999643,21.068929,21.132151,105.97656,106.022881,19.88
09301,Đào Viên,Dao Vien,Phường Đào Viên,Dao Vien Ward,Phường,24,Bắc Ninh,Bac Ninh,21.131457,106.211965,21.097346,21.171747,106.186313,106.24477,26.63
07594,Đèo Gia,Deo Gia,Xã Đèo Gia,Deo Gia Commune,Xã,24,Bắc Ninh,Bac Ninh,21.314626,106.675095,21.264803,21.372983,106.594279,106.762388,102.93
09487,Đông Cứu,Dong Cuu,Xã Đông Cứu,Dong Cuu Commune,Xã,24,Bắc Ninh,Bac Ninh,21.079692,106.157219,21.051549,21.10999,106.128472,106.183423,20.39
07282,Đồng Kỳ,Dong Ky,Xã Đồng Kỳ,Dong Ky Commune,Xã,24,Bắc Ninh,Bac Ninh,21.504294,106.165974,21.446093,21.55988,106.102119,106.241946,61.44
09385,Đồng Nguyên,Dong Nguyen,Phường Đồng Nguyên,Dong Nguyen Ward,Phường,24,Bắc Ninh,Bac Ninh,21.130396,105.961794,21.113518,21.153323,105.937595,105.991116,12.64
07450,Đông Phú,Dong Phu,Xã Đông Phú,Dong Phu Commune,Xã,24,Bắc Ninh,Bac Ninh,21.383986,106.437824,21.325894,21.443829,106.393626,106.486898,77.05
07735,Đồng Việt,Dong Viet,Xã Đồng Việt,Dong Viet Commune,Xã,24,Bắc Ninh,Bac Ninh,21.162191,106.296719,21.122179,21.218364,106.267395,106.322965,33.21
05425,An Bình,An Binh,Xã An Bình,An Binh Commune,Xã,25,Phú Thọ,Phu Tho,20.475759,105.704147,20.367053,20.553397,105.610539,105.760602,127.41
05395,An Nghĩa,An Nghia,Xã An Nghĩa,An Nghia Commune,Xã,25,Phú Thọ,Phu Tho,20.57247,105.711188,20.508808,20.624323,105.614459,105.781203,95.73
07948,Âu Cơ,Au Co,Phường Âu Cơ,Au Co Ward,Phường,25,Phú Thọ,Phu Tho,21.394019,105.201259,21.364653,21.42021,105.175558,105.223829,12.51
08527,Bản Nguyên,Ban Nguyen,Xã Bản Nguyên,Ban Nguyen Commune,Xã,25,Phú Thọ,Phu Tho,21.277804,105.332008,21.247529,21.31576,105.290282,105.357021,28.29
07996,Bằng Luân,Bang Luan,Xã Bằng Luân,Bang Luan Commune,Xã,25,Phú Thọ,Phu Tho,21.646664,105.062912,21.597936,21.701516,105.016136,105.117931,59.77
05245,Bao La,Bao La,Xã Bao La,Bao La Commune,Xã,25,Phú Thọ,Phu Tho,20.646084,104.97672,20.570995,20.716269,104.91127,105.033665,104.27
08935,Bình Nguyên,Binh Nguyen,Xã Bình Nguyên,Binh Nguyen Commune,Xã,25,Phú Thọ,Phu Tho,21.278047,105.65958,21.249598,21.308241,105.622154,105.702359,30.6
08275,Bình Phú,Binh Phu,Xã Bình Phú,Binh Phu Commune,Xã,25,Phú Thọ,Phu Tho,21.413292,105.367011,21.370187,21.460774,105.322232,105.398518,28.28
08944,Bình Tuyền,Binh Tuyen,Xã Bình Tuyền,Binh Tuyen Commune,Xã,25,Phú Thọ,Phu Tho,21.372463,105.692283,21.285502,21.442382,105.658367,105.726072,58.5
08950,Bình Xuyên,Binh Xuyen,Xã Bình Xuyên,Binh Xuyen Commune,Xã,25,Phú Thọ,Phu Tho,21.334934,105.646694,21.299741,21.386423,105.610874,105.684952,29.5
08341,Cẩm Khê,Cam Khe,Xã Cẩm Khê,Cam Khe Commune,Xã,25,Phú Thọ,Phu Tho,21.429067,105.096303,21.388337,21.483119,105.057164,105.155635,50.44
05047,Cao Dương,Cao Duong,Xã Cao Dương,Cao Duong Commune,Xã,25,Phú Thọ,Phu Tho,20.696172,105.633617,20.613496,20.776625,105.567671,105.68683,113.38
05089,Cao Phong,Cao Phong,Xã Cao Phong,Cao Phong Commune,Xã,25,Phú Thọ,Phu Tho,20.701654,105.361663,20.646504,20.763996,105.306018,105.420221,77.76
04876,Cao Sơn,Cao Son,Xã Cao Sơn,Cao Son Commune,Xã,25,Phú Thọ,Phu Tho,20.892977,105.152501,20.804987,20.966006,105.066415,105.227093,124.93
08038,Chân Mộng,Chan Mong,Xã Chân Mộng,Chan Mong Commune,Xã,25,Phú Thọ,Phu Tho,21.560288,105.210549,21.509322,21.604767,105.145988,105.274319,89.85
08218,Chí Tiên,Chi Tien,Xã Chí Tiên,Chi Tien Commune,Xã,25,Phú Thọ,Phu Tho,21.423392,105.163666,21.380728,21.464269,105.138661,105.18821,23.75
07999,Chí Đám,Chi Dam,Xã Chí Đám,Chi Dam Commune,Xã,25,Phú Thọ,Phu Tho,21.672355,105.161251,21.630576,21.719531,105.086396,105.23805,49.36
08614,Cự Đồng,Cu Dong,Xã Cự Đồng,Cu Dong Commune,Xã,25,Phú Thọ,Phu Tho,21.108564,105.23793,21.069645,21.168551,105.193136,105.291194,45.77
08254,Dân Chủ,Dan Chu,Xã Dân Chủ,Dan Chu Commune,Xã,25,Phú Thọ,Phu Tho,21.471436,105.311149,21.433702,21.51336,105.280257,105.338037,29.85
05086,Dũng Tiến,Dung Tien,Xã Dũng Tiến,Dung Tien Commune,Xã,25,Phú Thọ,Phu Tho,20.567943,105.59872,20.522147,20.620033,105.505021,105.685863,101.1
08053,Hạ Hoà,Ha Hoa,Xã Hạ Hoà,Ha Hoa Commune,Xã,25,Phú Thọ,Phu Tho,21.584992,105.032082,21.536772,21.629131,104.991734,105.076871,41.23
08782,Hải Lựu,Hai Luu,Xã Hải Lựu,Hai Luu Commune,Xã,25,Phú Thọ,Phu Tho,21.459144,105.360349,21.417634,21.507639,105.322286,105.4048,38.8
08110,Hiền Lương,Hien Luong,Xã Hiền Lương,Hien Luong Commune,Xã,25,Phú Thọ,Phu Tho,21.570491,104.934078,21.522158,21.621776,104.867437,105.004319,81.39
08443,Hiền Quan,Hien Quan,Xã Hiền Quan,Hien Quan Commune,Xã,25,Phú Thọ,Phu Tho,21.357613,105.23673,21.32338,21.397023,105.202843,105.27428,31.38
04795,Hoà Bình,Hoa Binh,Phường Hoà Bình,Hoa Binh Ward,Phường,25,Phú Thọ,Phu Tho,20.836943,105.352351,20.801584,20.885405,105.312831,105.385691,39.32
08896,Hoàng An,Hoang An,Xã Hoàng An,Hoang An Commune,Xã,25,Phú Thọ,Phu Tho,21.352083,105.523357,21.316944,21.404546,105.499375,105.54238,20.8
08203,Hoàng Cương,Hoang Cuong,Xã Hoàng Cương,Hoang Cuong Commune,Xã,25,Phú Thọ,Phu Tho,21.472114,105.132823,21.431778,21.504502,105.08145,105.174588,39.51
08905,Hội Thịnh,Hoi Thinh,Xã Hội Thịnh,Hoi Thinh Commune,Xã,25,Phú Thọ,Phu Tho,21.324635,105.555502,21.274449,21.361148,105.53168,105.595149,25.1
05068,Hợp Kim,Hop Kim,Xã Hợp Kim,Hop Kim Commune,Xã,25,Phú Thọ,Phu Tho,20.652288,105.588823,20.564753,20.735205,105.542753,105.632866,86.29
08770,Hợp Lý,Hop Ly,Xã Hợp Lý,Hop Ly Commune,Xã,25,Phú Thọ,Phu Tho,21.492669,105.46214,21.457927,21.528512,105.423265,105.507183,34.1
08416,Hùng Việt,Hung Viet,Xã Hùng Việt,Hung Viet Commune,Xã,25,Phú Thọ,Phu Tho,21.358354,105.145902,21.324231,21.397667,105.099462,105.186144,32.77
08632,Hương Cần,Huong Can,Xã Hương Cần,Huong Can Commune,Xã,25,Phú Thọ,Phu Tho,21.01372,105.238914,20.945085,21.086625,105.191053,105.290991,81.3
08515,Hy Cương,Hy Cuong,Xã Hy Cương,Hy Cuong Commune,Xã,25,Phú Thọ,Phu Tho,21.347103,105.319792,21.313068,21.385473,105.292213,105.344022,23.95
08635,Khả Cửu,Kha Cuu,Xã Khả Cửu,Kha Cuu Commune,Xã,25,Phú Thọ,Phu Tho,21.002893,105.124766,20.937953,21.073702,105.034526,105.193686,148.48
04978,Kim Bôi,Kim Boi,Xã Kim Bôi,Kim Boi Commune,Xã,25,Phú Thọ,Phu Tho,20.657171,105.523087,20.599464,20.721023,105.470609,105.579514,64.57
04894,Kỳ Sơn,Ky Son,Phường Kỳ Sơn,Ky Son Ward,Phường,25,Phú Thọ,Phu Tho,20.881641,105.404603,20.781153,20.956667,105.342247,105.465069,115.7
05362,Lạc Lương,Lac Luong,Xã Lạc Lương,Lac Luong Commune,Xã,25,Phú Thọ,Phu Tho,20.474249,105.609106,20.408599,20.549535,105.540554,105.690633,130.41
05266,Lạc Sơn,Lac Son,Xã Lạc Sơn,Lac Son Commune,Xã,25,Phú Thọ,Phu Tho,20.455039,105.48341,20.418443,20.482233,105.417656,105.55008,58.1
05392,Lạc Thuỷ,Lac Thuy,Xã Lạc Thuỷ,Lac Thuy Commune,Xã,25,Phú Thọ,Phu Tho,20.470128,105.797068,20.415453,20.541635,105.739456,105.861808,90.69
08560,Lai Đồng,Lai Dong,Xã Lai Đồng,Lai Dong Commune,Xã,25,Phú Thọ,Phu Tho,21.211849,104.909274,21.157683,21.267146,104.844342,104.977048,108.45
08494,Lâm Thao,Lam Thao,Xã Lâm Thao,Lam Thao Commune,Xã,25,Phú Thọ,Phu Tho,21.342516,105.288903,21.303937,21.371857,105.266795,105.314066,15.45
08761,Lập Thạch,Lap Thach,Xã Lập Thạch,Lap Thach Commune,Xã,25,Phú Thọ,Phu Tho,21.430091,105.463823,21.376934,21.472996,105.42535,105.502471,39.1
09064,Liên Châu,Lien Chau,Xã Liên Châu,Lien Chau Commune,Xã,25,Phú Thọ,Phu Tho,21.180045,105.56711,21.15621,21.203246,105.529029,105.607868,26
08812,Liên Hoà,Lien Hoa,Xã Liên Hoà,Lien Hoa Commune,Xã,25,Phú Thọ,Phu Tho,21.411525,105.508966,21.3816,21.448722,105.482422,105.52906,18.8
08227,Liên Minh,Lien Minh,Xã Liên Minh,Lien Minh Commune,Xã,25,Phú Thọ,Phu Tho,21.360973,105.193248,21.326822,21.39702,105.161821,105.216103,20.98
04960,Liên Sơn,Lien Son,Xã Liên Sơn,Lien Son Commune,Xã,25,Phú Thọ,Phu Tho,20.811211,105.564036,20.752036,20.872823,105.464897,105.65022,120.21
08620,Long Cốc,Long Coc,Xã Long Cốc,Long Coc Commune,Xã,25,Phú Thọ,Phu Tho,21.091837,105.070946,21.037181,21.155342,105.027423,105.117647,67.09
04924,Lương Sơn,Luong Son,Xã Lương Sơn,Luong Son Commune,Xã,25,Phú Thọ,Phu Tho,20.880668,105.497624,20.803619,20.949023,105.4238,105.587681,131.24
05200,Mai Châu,Mai Chau,Xã Mai Châu,Mai Chau Commune,Xã,25,Phú Thọ,Phu Tho,20.66454,105.07657,20.562004,20.737738,104.989881,105.159127,147.74
05251,Mai Hạ,Mai Ha,Xã Mai Hạ,Mai Ha Commune,Xã,25,Phú Thọ,Phu Tho,20.60884,105.050592,20.556855,20.663695,104.996494,105.101387,71.86
08338,Minh Hoà,Minh Hoa,Xã Minh Hoà,Minh Hoa Commune,Xã,25,Phú Thọ,Phu Tho,21.25367,105.124627,21.20133,21.314399,105.066221,105.170319,68.44
08593,Minh Đài,Minh Dai,Xã Minh Đài,Minh Dai Commune,Xã,25,Phú Thọ,Phu Tho,21.179641,105.066272,21.132467,21.231183,105.010846,105.115748,84.74
05158,Mường Bi,Muong Bi,Xã Mường Bi,Muong Bi Commune,Xã,25,Phú Thọ,Phu Tho,20.648034,105.199416,20.582646,20.719631,105.110218,105.274383,94.79
05134,Mường Hoa,Muong Hoa,Xã Mường Hoa,Muong Hoa Commune,Xã,25,Phú Thọ,Phu Tho,20.70981,105.19065,20.651038,20.770934,105.115773,105.280137,104.54
05116,Mường Thàng,Muong Thang,Xã Mường Thàng,Muong Thang Commune,Xã,25,Phú Thọ,Phu Tho,20.647574,105.338087,20.592082,20.715871,105.269683,105.404249,91.58
05287,Mường Vang,Muong Vang,Xã Mường Vang,Muong Vang Commune,Xã,25,Phú Thọ,Phu Tho,20.584071,105.461329,20.527806,20.637087,105.40803,105.52192,69.79
05014,Mường Động,Muong Dong,Xã Mường Động,Muong Dong Commune,Xã,25,Phú Thọ,Phu Tho,20.692358,105.43592,20.603454,20.774655,105.372106,105.500621,144.69
04990,Nật Sơn,Nat Son,Xã Nật Sơn,Nat Son Commune,Xã,25,Phú Thọ,Phu Tho,20.760034,105.494446,20.662912,20.828656,105.372763,105.587191,154.65
05329,Ngọc Sơn,Ngoc Son,Xã Ngọc Sơn,Ngoc Son Commune,Xã,25,Phú Thọ,Phu Tho,20.421448,105.361714,20.372726,20.476773,105.258204,105.459118,114.63
09052,Nguyệt Đức,Nguyet Duc,Xã Nguyệt Đức,Nguyet Duc Commune,Xã,25,Phú Thọ,Phu Tho,21.202018,105.613778,21.169451,21.233996,105.583867,105.639566,19
05290,Nhân Nghĩa,Nhan Nghia,Xã Nhân Nghĩa,Nhan Nghia Commune,Xã,25,Phú Thọ,Phu Tho,20.540271,105.494478,20.501863,20.6059,105.404315,105.560774,81.37
07894,Nông Trang,Nong Trang,Phường Nông Trang,Nong Trang Ward,Phường,25,Phú Thọ,Phu Tho,21.328342,105.356654,21.305915,21.350568,105.330857,105.389917,15.89
05212,Pà Cò,Pa Co,Xã Pà Cò,Pa Co Commune,Xã,25,Phú Thọ,Phu Tho,20.712651,104.895335,20.65084,20.769618,104.835589,105.000713,115.76
07954,Phong Châu,Phong Chau,Phường Phong Châu,Phong Chau Ward,Phường,25,Phú Thọ,Phu Tho,21.420772,105.257221,21.381418,21.460666,105.221361,105.283466,29.61
08398,Phú Khê,Phu Khe,Xã Phú Khê,Phu Khe Commune,Xã,25,Phú Thọ,Phu Tho,21.386554,105.106664,21.353893,21.419279,105.047376,105.156613,37.11
08236,Phú Mỹ,Phu My,Xã Phú Mỹ,Phu My Commune,Xã,25,Phú Thọ,Phu Tho,21.513398,105.273858,21.484947,21.54354,105.239614,105.308766,27.36
08230,Phù Ninh,Phu Ninh,Xã Phù Ninh,Phu Ninh Commune,Xã,25,Phú Thọ,Phu Tho,21.413359,105.314222,21.37273,21.460238,105.273784,105.361379,39.28
07942,Phú Thọ,Phu Tho,Phường Phú Thọ,Phu Tho Ward,Phường,25,Phú Thọ,Phu Tho,21.426315,105.224878,21.398922,21.465799,105.194721,105.252503,23.07
08740,Phúc Yên,Phuc Yen,Phường Phúc Yên,Phuc Yen Ward,Phường,25,Phú Thọ,Phu Tho,21.24569,105.707294,21.213545,21.278784,105.680521,105.737592,23.4
08521,Phùng Nguyên,Phung Nguyen,Xã Phùng Nguyên,Phung Nguyen Commune,Xã,25,Phú Thọ,Phu Tho,21.293644,105.295203,21.264909,21.324958,105.257542,105.328066,30.57
08173,Quảng Yên,Quang Yen,Xã Quảng Yên,Quang Yen Commune,Xã,25,Phú Thọ,Phu Tho,21.515211,105.174814,21.472993,21.558346,105.132111,105.216394,39.58
04873,Quy Đức,Quy Duc,Xã Quy Đức,Quy Duc Commune,Xã,25,Phú Thọ,Phu Tho,20.889161,105.05572,20.813304,20.95246,104.967093,105.14082,146.97
05323,Quyết Thắng,Quyet Thang,Xã Quyết Thắng,Quyet Thang Commune,Xã,25,Phú Thọ,Phu Tho,20.474392,105.363179,20.427991,20.52022,105.304396,105.427481,59.66
08296,Sơn Lương,Son Luong,Xã Sơn Lương,Son Luong Commune,Xã,25,Phú Thọ,Phu Tho,21.472238,104.933813,21.407193,21.544275,104.876884,104.997263,96.92
08866,Sơn Đông,Son Dong,Xã Sơn Đông,Son Dong Commune,Xã,25,Phú Thọ,Phu Tho,21.332041,105.46107,21.294781,21.36318,105.42461,105.493721,26.7
08848,Sông Lô,Song Lo,Xã Sông Lô,Song Lo Commune,Xã,25,Phú Thọ,Phu Tho,21.377582,105.421301,21.337748,21.414352,105.391565,105.454207,33.4
08869,Tam Dương,Tam Duong,Xã Tam Dương,Tam Duong Commune,Xã,25,Phú Thọ,Phu Tho,21.372945,105.572139,21.337353,21.404985,105.524874,105.623523,44.3
08872,Tam Dương Bắc,Tam Duong Bac,Xã Tam Dương Bắc,Tam Duong Bac Commune,Xã,25,Phú Thọ,Phu Tho,21.429889,105.577651,21.395616,21.479092,105.521537,105.646291,45.8
09043,Tam Hồng,Tam Hong,Xã Tam Hồng,Tam Hong Commune,Xã,25,Phú Thọ,Phu Tho,21.214355,105.567775,21.192168,21.238866,105.536763,105.607389,22.6
08434,Tam Nông,Tam Nong,Xã Tam Nông,Tam Nong Commune,Xã,25,Phú Thọ,Phu Tho,21.250052,105.300367,21.221142,21.284236,105.241367,105.35407,28.25
08824,Tam Sơn,Tam Son,Xã Tam Sơn,Tam Son Commune,Xã,25,Phú Thọ,Phu Tho,21.435776,105.417592,21.395494,21.481467,105.391571,105.452539,33.1
08911,Tam Đảo,Tam Dao,Xã Tam Đảo,Tam Dao Commune,Xã,25,Phú Thọ,Phu Tho,21.408988,105.642755,21.34322,21.46387,105.592724,105.687971,79.2
04792,Tân Hoà,Tan Hoa,Phường Tân Hoà,Tan Hoa Ward,Phường,25,Phú Thọ,Phu Tho,20.872921,105.319237,20.797082,20.940051,105.280413,105.349155,56.98
05128,Tân Lạc,Tan Lac,Xã Tân Lạc,Tan Lac Commune,Xã,25,Phú Thọ,Phu Tho,20.579761,105.314399,20.501174,20.663235,105.241333,105.395328,139.9
05206,Tân Mai,Tan Mai,Xã Tân Mai,Tan Mai Commune,Xã,25,Phú Thọ,Phu Tho,20.77677,105.056298,20.696707,20.874024,104.990102,105.134564,130.71
04849,Tân Pheo,Tan Pheo,Xã Tân Pheo,Tan Pheo Commune,Xã,25,Phú Thọ,Phu Tho,20.980807,105.000707,20.912477,21.060353,104.92024,105.090183,139.38
08566,Tân Sơn,Tan Son,Xã Tân Sơn,Tan Son Commune,Xã,25,Phú Thọ,Phu Tho,21.249295,105.005575,21.179689,21.307366,104.933359,105.089997,118.21
08023,Tây Cốc,Tay Coc,Xã Tây Cốc,Tay Coc Commune,Xã,25,Phú Thọ,Phu Tho,21.634245,105.124131,21.570484,21.681283,105.076728,105.182933,59.07
09040,Tề Lỗ,Te Lo,Xã Tề Lỗ,Te Lo Commune,Xã,25,Phú Thọ,Phu Tho,21.259231,105.55032,21.235717,21.285373,105.522742,105.581544,18.3
08788,Thái Hoà,Thai Hoa,Xã Thái Hoà,Thai Hoa Commune,Xã,25,Phú Thọ,Phu Tho,21.458883,105.501245,21.419724,21.490276,105.46239,105.537052,29
08152,Thanh Ba,Thanh Ba,Xã Thanh Ba,Thanh Ba Commune,Xã,25,Phú Thọ,Phu Tho,21.519508,105.118283,21.481392,21.576606,105.075506,105.15554,38.6
07909,Thanh Miếu,Thanh Mieu,Phường Thanh Miếu,Thanh Mieu Ward,Phường,25,Phú Thọ,Phu Tho,21.302991,105.430881,21.264116,21.32512,105.391958,105.456314,19.57
08542,Thanh Sơn,Thanh Son,Xã Thanh Sơn,Thanh Son Commune,Xã,25,Phú Thọ,Phu Tho,21.198795,105.203707,21.144703,21.257055,105.15159,105.275989,84.55
08674,Thanh Thuỷ,Thanh Thuy,Xã Thanh Thuỷ,Thanh Thuy Commune,Xã,25,Phú Thọ,Phu Tho,21.147516,105.271334,21.113583,21.186722,105.233962,105.31001,31.08
04897,Thịnh Minh,Thinh Minh,Xã Thịnh Minh,Thinh Minh Commune,Xã,25,Phú Thọ,Phu Tho,20.969974,105.379086,20.917769,21.024437,105.31641,105.444427,89.21
09112,Thổ Tang,Tho Tang,Xã Thổ Tang,Tho Tang Commune,Xã,25,Phú Thọ,Phu Tho,21.233312,105.488885,21.195181,21.26988,105.468083,105.513643,21.3
08479,Thọ Văn,Tho Van,Xã Thọ Văn,Tho Van Commune,Xã,25,Phú Thọ,Phu Tho,21.25375,105.217878,21.216972,21.289639,105.14915,105.281703,43.54
04828,Thống Nhất,Thong Nhat,Phường Thống Nhất,Thong Nhat Ward,Phường,25,Phú Thọ,Phu Tho,20.783116,105.320174,20.743186,20.813971,105.232507,105.378468,55.21
08545,Thu Cúc,Thu Cuc,Xã Thu Cúc,Thu Cuc Commune,Xã,25,Phú Thọ,Phu Tho,21.300831,104.883172,21.249518,21.36554,104.813867,104.944401,100.51
05092,Thung Nai,Thung Nai,Xã Thung Nai,Thung Nai Commune,Xã,25,Phú Thọ,Phu Tho,20.74718,105.262101,20.697512,20.785352,105.178028,105.331889,86.34
05293,Thượng Cốc,Thuong Coc,Xã Thượng Cốc,Thuong Coc Commune,Xã,25,Phú Thọ,Phu Tho,20.545724,105.396873,20.476528,20.608033,105.351547,105.430848,58.38
08323,Thượng Long,Thuong Long,Xã Thượng Long,Thuong Long Commune,Xã,25,Phú Thọ,Phu Tho,21.312034,105.032016,21.266098,21.371522,104.980838,105.09627,60.36
08842,Tiên Lữ,Tien Lu,Xã Tiên Lữ,Tien Lu Commune,Xã,25,Phú Thọ,Phu Tho,21.367615,105.478622,21.33737,21.400328,105.442826,105.518331,31.8
08344,Tiên Lương,Tien Luong,Xã Tiên Lương,Tien Luong Commune,Xã,25,Phú Thọ,Phu Tho,21.466506,105.025185,21.420212,21.500521,104.977516,105.079734,54.55
04891,Tiền Phong,Tien Phong,Xã Tiền Phong,Tien Phong Commune,Xã,25,Phú Thọ,Phu Tho,20.797826,105.156558,20.751018,20.850594,105.077006,105.251307,116.31
05191,Toàn Thắng,Toan Thang,Xã Toàn Thắng,Toan Thang Commune,Xã,25,Phú Thọ,Phu Tho,20.547475,105.258648,20.477148,20.630931,105.203393,105.310588,71.11
08245,Trạm Thản,Tram Than,Xã Trạm Thản,Tram Than Commune,Xã,25,Phú Thọ,Phu Tho,21.482037,105.250803,21.448702,21.51406,105.210819,105.300064,32.6
08311,Trung Sơn,Trung Son,Xã Trung Sơn,Trung Son Commune,Xã,25,Phú Thọ,Phu Tho,21.356632,104.944089,21.291181,21.414142,104.881931,104.998293,97.29
08686,Tu Vũ,Tu Vu,Xã Tu Vũ,Tu Vu Commune,Xã,25,Phú Thọ,Phu Tho,21.073597,105.288591,21.002473,21.128866,105.250513,105.320177,49.07
08377,Vân Bán,Van Ban,Xã Vân Bán,Van Ban Commune,Xã,25,Phú Thọ,Phu Tho,21.422652,105.048722,21.390939,21.447734,105.015991,105.082789,22.72
08134,Văn Lang,Van Lang,Xã Văn Lang,Van Lang Commune,Xã,25,Phú Thọ,Phu Tho,21.517811,104.986507,21.484984,21.555419,104.931287,105.048221,54.06
08611,Văn Miếu,Van Mieu,Xã Văn Miếu,Van Mieu Commune,Xã,25,Phú Thọ,Phu Tho,21.062325,105.166845,20.976783,21.138168,105.082102,105.2344,89.11
07918,Vân Phú,Van Phu,Phường Vân Phú,Van Phu Ward,Phường,25,Phú Thọ,Phu Tho,21.363563,105.365977,21.336133,21.400266,105.333294,105.401416,26.26
05152,Vân Sơn,Van Son,Xã Vân Sơn,Van Son Commune,Xã,25,Phú Thọ,Phu Tho,20.544003,105.198433,20.450961,20.633084,105.115075,105.308853,120.53
08467,Vạn Xuân,Van Xuan,Xã Vạn Xuân,Van Xuan Commune,Xã,25,Phú Thọ,Phu Tho,21.301677,105.227056,21.267086,21.337432,105.166635,105.274729,52.43
07900,Việt Trì,Viet Tri,Phường Việt Trì,Viet Tri Ward,Phường,25,Phú Thọ,Phu Tho,21.320009,105.394178,21.284926,21.349929,105.351788,105.445938,25.83
09079,Vĩnh An,Vinh An,Xã Vĩnh An,Vinh An Commune,Xã,25,Phú Thọ,Phu Tho,21.30729,105.511319,21.271872,21.341537,105.478043,105.53921,21.4
08143,Vĩnh Chân,Vinh Chan,Xã Vĩnh Chân,Vinh Chan Commune,Xã,25,Phú Thọ,Phu Tho,21.521985,105.051936,21.483046,21.563437,105.025735,105.08401,27.12
09100,Vĩnh Hưng,Vinh Hung,Xã Vĩnh Hưng,Vinh Hung Commune,Xã,25,Phú Thọ,Phu Tho,21.282835,105.495395,21.256861,21.309786,105.467688,105.525774,18.7
09154,Vĩnh Phú,Vinh Phu,Xã Vĩnh Phú,Vinh Phu Commune,Xã,25,Phú Thọ,Phu Tho,21.184271,105.501821,21.155141,21.230034,105.458556,105.54586,34.6
08716,Vĩnh Phúc,Vinh Phuc,Phường Vĩnh Phúc,Vinh Phuc Ward,Phường,25,Phú Thọ,Phu Tho,21.317823,105.608395,21.288072,21.345285,105.573105,105.639845,25.3
09106,Vĩnh Thành,Vinh Thanh,Xã Vĩnh Thành,Vinh Thanh Commune,Xã,25,Phú Thọ,Phu Tho,21.263374,105.462849,21.225438,21.304524,105.443908,105.488168,22
09076,Vĩnh Tường,Vinh Tuong,Xã Vĩnh Tường,Vinh Tuong Commune,Xã,25,Phú Thọ,Phu Tho,21.226868,105.520351,21.195495,21.260901,105.492672,105.547113,26.2
08707,Vĩnh Yên,Vinh Yen,Phường Vĩnh Yên,Vinh Yen Ward,Phường,25,Phú Thọ,Phu Tho,21.293745,105.583595,21.265652,21.328391,105.549115,105.625788,25
08584,Võ Miếu,Vo Mieu,Xã Võ Miếu,Vo Mieu Commune,Xã,25,Phú Thọ,Phu Tho,21.150449,105.157911,21.093833,21.229768,105.091954,105.225113,96.36
08746,Xuân Hoà,Xuan Hoa,Phường Xuân Hoà,Xuan Hoa Ward,Phường,25,Phú Thọ,Phu Tho,21.34083,105.734913,21.266141,21.416209,105.683125,105.786404,96
08971,Xuân Lãng,Xuan Lang,Xã Xuân Lãng,Xuan Lang Commune,Xã,25,Phú Thọ,Phu Tho,21.244192,105.639964,21.215535,21.276008,105.601059,105.694459,29.9
08500,Xuân Lũng,Xuan Lung,Xã Xuân Lũng,Xuan Lung Commune,Xã,25,Phú Thọ,Phu Tho,21.378997,105.282396,21.349048,21.407584,105.24973,105.317309,24.03
08305,Xuân Viên,Xuan Vien,Xã Xuân Viên,Xuan Vien Commune,Xã,25,Phú Thọ,Phu Tho,21.402922,104.99006,21.370134,21.435529,104.938078,105.048712,46.19
08590,Xuân Đài,Xuan Dai,Xã Xuân Đài,Xuan Dai Commune,Xã,25,Phú Thọ,Phu Tho,21.114895,104.970433,21.015122,21.201914,104.851922,105.045631,209.6
08113,Yên Kỳ,Yen Ky,Xã Yên Kỳ,Yen Ky Commune,Xã,25,Phú Thọ,Phu Tho,21.561315,105.087467,21.507571,21.608887,105.041959,105.145988,53.58
09025,Yên Lạc,Yen Lac,Xã Yên Lạc,Yen Lac Commune,Xã,25,Phú Thọ,Phu Tho,21.255879,105.587557,21.226838,21.285557,105.563426,105.614516,21.7
08773,Yên Lãng,Yen Lang,Xã Yên Lãng,Yen Lang Commune,Xã,25,Phú Thọ,Phu Tho,21.49504,105.384274,21.460685,21.525165,105.336824,105.429194,38.2
08290,Yên Lập,Yen Lap,Xã Yên Lập,Yen Lap Commune,Xã,25,Phú Thọ,Phu Tho,21.337763,105.072286,21.274206,21.388981,105.004322,105.130884,69.05
05305,Yên Phú,Yen Phu,Xã Yên Phú,Yen Phu Commune,Xã,25,Phú Thọ,Phu Tho,20.490193,105.485668,20.459909,20.513842,105.396741,105.577784,63.7
08656,Yên Sơn,Yen Son,Xã Yên Sơn,Yen Son Commune,Xã,25,Phú Thọ,Phu Tho,20.960169,105.285436,20.918376,21.013649,105.194071,105.344429,75.52
05353,Yên Thuỷ,Yen Thuy,Xã Yên Thuỷ,Yen Thuy Commune,Xã,25,Phú Thọ,Phu Tho,20.386533,105.601514,20.338567,20.434119,105.538892,105.661564,76.19
05386,Yên Trị,Yen Tri,Xã Yên Trị,Yen Tri Commune,Xã,25,Phú Thọ,Phu Tho,20.370815,105.678387,20.305121,20.439618,105.629404,105.729868,81.97
04831,Đà Bắc,Da Bac,Xã Đà Bắc,Da Bac Commune,Xã,25,Phú Thọ,Phu Tho,20.872861,105.25144,20.7992,20.945959,105.179472,105.313445,136.8
08923,Đại Đình,Dai Dinh,Xã Đại Đình,Dai Dinh Commune,Xã,25,Phú Thọ,Phu Tho,21.466428,105.577246,21.43086,21.499622,105.518474,105.635015,44
05347,Đại Đồng,Dai Dong,Xã Đại Đồng,Dai Dong Commune,Xã,25,Phú Thọ,Phu Tho,20.404462,105.504406,20.359457,20.44518,105.444341,105.56283,81.37
08071,Đan Thượng,Dan Thuong,Xã Đan Thượng,Dan Thuong Commune,Xã,25,Phú Thọ,Phu Tho,21.631358,104.981484,21.574708,21.690536,104.903117,105.03483,84.15
08914,Đạo Trù,Dao Tru,Xã Đạo Trù,Dao Tru Commune,Xã,25,Phú Thọ,Phu Tho,21.516262,105.552646,21.467727,21.573978,105.487552,105.618049,83.8
08662,Đào Xá,Dao Xa,Xã Đào Xá,Dao Xa Commune,Xã,25,Phú Thọ,Phu Tho,21.211642,105.288265,21.175906,21.245334,105.232356,105.347286,45.53
07969,Đoan Hùng,Doan Hung,Xã Đoan Hùng,Doan Hung Commune,Xã,25,Phú Thọ,Phu Tho,21.616332,105.188121,21.590006,21.646939,105.132534,105.251481,44.8
08431,Đồng Lương,Dong Luong,Xã Đồng Lương,Dong Luong Commune,Xã,25,Phú Thọ,Phu Tho,21.313511,105.161589,21.26873,21.355915,105.129574,105.203625,36.33
08209,Đông Thành,Dong Thanh,Xã Đông Thành,Dong Thanh Commune,Xã,25,Phú Thọ,Phu Tho,21.456095,105.197004,21.416861,21.490005,105.166359,105.229589,32.25
04846,Đức Nhàn,Duc Nhan,Xã Đức Nhàn,Duc Nhan Commune,Xã,25,Phú Thọ,Phu Tho,21.034916,104.913851,20.965729,21.113002,104.852739,104.997711,107.6
10660,Ái Quốc,Ai Quoc,Phường Ái Quốc,Ai Quoc Ward,Phường,31,Hải Phòng,Haiphong,20.94718,106.381729,20.910135,20.987303,106.362385,106.40439,17.6
11407,An Biên,An Bien,Phường An Biên,An Bien Ward,Phường,31,Hải Phòng,Haiphong,20.831912,106.67521,20.815096,20.855226,106.657659,106.694619,6.56
11581,An Dương,An Duong,Phường An Dương,An Duong Ward,Phường,31,Hải Phòng,Haiphong,20.861917,106.59616,20.820611,20.906947,106.564326,106.623381,31.23
11617,An Hải,An Hai,Phường An Hải,An Hai Ward,Phường,31,Hải Phòng,Haiphong,20.843733,106.633957,20.816273,20.872298,106.606997,106.663924,19.96
11674,An Hưng,An Hung,Xã An Hưng,An Hung Commune,Xã,31,Hải Phòng,Haiphong,20.751581,106.595092,20.725474,20.774048,106.54736,106.637803,20.23
11668,An Khánh,An Khanh,Xã An Khánh,An Khanh Commune,Xã,31,Hải Phòng,Haiphong,20.777632,106.582911,20.753149,20.802046,106.543264,106.617181,24.16
11629,An Lão,An Lao,Xã An Lão,An Lao Commune,Xã,31,Hải Phòng,Haiphong,20.815345,106.576185,20.78084,20.850301,106.542974,106.617547,26.39
11593,An Phong,An Phong,Phường An Phong,An Phong Ward,Phường,31,Hải Phòng,Haiphong,20.895452,106.556243,20.847986,20.948529,106.52705,106.582057,27.92
10645,An Phú,An Phu,Xã An Phú,An Phu Commune,Xã,31,Hải Phòng,Haiphong,21.007023,106.3745,20.980169,21.036317,106.336703,106.411889,27.25
11647,An Quang,An Quang,Xã An Quang,An Quang Commune,Xã,31,Hải Phòng,Haiphong,20.811672,106.526564,20.779046,20.841488,106.488323,106.559356,21.4
10792,An Thành,An Thanh,Xã An Thành,An Thanh Commune,Xã,31,Hải Phòng,Haiphong,20.929173,106.501556,20.898128,20.966596,106.473718,106.548603,23.66
11635,An Trường,An Truong,Xã An Trường,An Truong Commune,Xã,31,Hải Phòng,Haiphong,20.848291,106.527054,20.826454,20.869491,106.477048,106.581888,25.54
10678,Bắc An Phụ,Bac An Phu,Phường Bắc An Phụ,Bac An Phu Ward,Phường,31,Hải Phòng,Haiphong,21.050482,106.460764,21.025272,21.069646,106.409547,106.499648,26.1
11254,Bắc Thanh Miện,Bac Thanh Mien,Xã Bắc Thanh Miện,Bac Thanh Mien Commune,Xã,31,Hải Phòng,Haiphong,20.797429,106.204557,20.765572,20.82099,106.168709,106.245497,25.27
11948,Bạch Long Vĩ,Bach Long Vi,Đặc khu Bạch Long Vĩ,Bach Long Vi Special administrative region,Đặc khu,31,Hải Phòng,Haiphong,20.133319,107.731688,20.123082,20.146045,107.716925,107.743095,3.07
11473,Bạch Đằng,Bach Dang,Phường Bạch Đằng,Bach Dang Ward,Phường,31,Hải Phòng,Haiphong,20.969792,106.724651,20.923044,21.005406,106.675692,106.770528,53.49
10966,Bình Giang,Binh Giang,Xã Bình Giang,Binh Giang Commune,Xã,31,Hải Phòng,Haiphong,20.876797,106.226344,20.840762,20.905322,106.18297,106.260338,26.01
10888,Cẩm Giang,Cam Giang,Xã Cẩm Giang,Cam Giang Commune,Xã,31,Hải Phòng,Haiphong,20.968719,106.21025,20.944023,20.995824,106.16751,106.244904,26.64
10903,Cẩm Giàng,Cam Giang,Xã Cẩm Giàng,Cam Giang Commune,Xã,31,Hải Phòng,Haiphong,20.964506,106.156128,20.926503,21.001325,106.127154,106.19208,23.43
11914,Cát Hải,Cat Hai,Đặc khu Cát Hải,Cat Hai Special administrative region,Đặc khu,31,Hải Phòng,Haiphong,20.799262,106.994428,20.610777,20.881383,106.835922,107.213834,286.98
11806,Chấn Hưng,Chan Hung,Xã Chấn Hưng,Chan Hung Commune,Xã,31,Hải Phòng,Haiphong,20.645941,106.635161,20.612224,20.684139,106.600784,106.673529,32.11
10546,Chí Linh,Chi Linh,Phường Chí Linh,Chi Linh Ward,Phường,31,Hải Phòng,Haiphong,21.103076,106.318875,21.05748,21.13594,106.295363,106.351324,26.79
11131,Chí Minh,Chi Minh,Xã Chí Minh,Chi Minh Commune,Xã,31,Hải Phòng,Haiphong,20.81551,106.437573,20.77688,20.860277,106.393134,106.484477,33.58
10549,Chu Văn An,Chu Van An,Phường Chu Văn An,Chu Van An Ward,Phường,31,Hải Phòng,Haiphong,21.094892,106.374039,21.062427,21.134246,106.331917,106.415782,40.86
11692,Dương Kinh,Duong Kinh,Phường Dương Kinh,Duong Kinh Ward,Phường,31,Hải Phòng,Haiphong,20.767384,106.736485,20.742921,20.799157,106.69778,106.781249,27.96
10999,Gia Lộc,Gia Loc,Xã Gia Lộc,Gia Loc Commune,Xã,31,Hải Phòng,Haiphong,20.871323,106.311199,20.856211,20.888256,106.263181,106.351456,21.78
11050,Gia Phúc,Gia Phuc,Xã Gia Phúc,Gia Phuc Commune,Xã,31,Hải Phòng,Haiphong,20.833664,106.30364,20.793822,20.863048,106.271379,106.350635,31.79
11359,Gia Viên,Gia Vien,Phường Gia Viên,Gia Vien Ward,Phường,31,Hải Phòng,Haiphong,20.847715,106.697484,20.827422,20.861524,106.68162,106.711202,5.01
10816,Hà Bắc,Ha Bac,Xã Hà Bắc,Ha Bac Commune,Xã,31,Hải Phòng,Haiphong,20.941959,106.414177,20.906702,20.975382,106.382466,106.442411,26.29
10843,Hà Nam,Ha Nam,Xã Hà Nam,Ha Nam Commune,Xã,31,Hải Phòng,Haiphong,20.921028,106.462549,20.87139,20.953868,106.434047,106.486736,27.78
10846,Hà Tây,Ha Tay,Xã Hà Tây,Ha Tay Commune,Xã,31,Hải Phòng,Haiphong,20.88204,106.406049,20.843873,20.918288,106.373181,106.43506,24.41
10882,Hà Đông,Ha Dong,Xã Hà Đông,Ha Dong Commune,Xã,31,Hải Phòng,Haiphong,20.836093,106.472976,20.799702,20.88034,106.439064,106.515957,33.15
11413,Hải An,Hai An,Phường Hải An,Hai An Ward,Phường,31,Hải Phòng,Haiphong,20.809443,106.737993,20.774151,20.848158,106.698851,106.779066,39.99
10525,Hải Dương,Hai Duong,Phường Hải Dương,Hai Duong Ward,Phường,31,Hải Phòng,Haiphong,20.944468,106.344633,20.923328,20.959221,106.329619,106.355788,6.51
11257,Hải Hưng,Hai Hung,Xã Hải Hưng,Hai Hung Commune,Xã,31,Hải Phòng,Haiphong,20.80376,106.163384,20.762731,20.841377,106.131184,106.188764,24.85
11533,Hoà Bình,Hoa Binh,Phường Hoà Bình,Hoa Binh Ward,Phường,31,Hải Phòng,Haiphong,20.931707,106.697792,20.904254,20.95806,106.664567,106.723754,19.47
11602,Hồng An,Hong An,Phường Hồng An,Hong An Ward,Phường,31,Hải Phòng,Haiphong,20.915617,106.593025,20.880003,20.951871,106.55545,106.623612,27.64
11311,Hồng Bàng,Hong Bang,Phường Hồng Bàng,Hong Bang Ward,Phường,31,Hải Phòng,Haiphong,20.868618,106.655358,20.85298,20.881749,106.622496,106.689023,12.11
11218,Hồng Châu,Hong Chau,Xã Hồng Châu,Hong Chau Commune,Xã,31,Hải Phòng,Haiphong,20.729474,106.283965,20.68987,20.774647,106.261748,106.309993,29.59
10615,Hợp Tiến,Hop Tien,Xã Hợp Tiến,Hop Tien Commune,Xã,31,Hải Phòng,Haiphong,21.062632,106.338062,21.036524,21.086455,106.314081,106.366164,17.5
11809,Hùng Thắng,Hung Thang,Xã Hùng Thắng,Hung Thang Commune,Xã,31,Hải Phòng,Haiphong,20.662146,106.676444,20.613977,20.697552,106.632019,106.710435,43.59
11689,Hưng Đạo,Hung Dao,Phường Hưng Đạo,Hung Dao Ward,Phường,31,Hải Phòng,Haiphong,20.801635,106.682844,20.781046,20.828272,106.648035,106.720436,18.64
10945,Kẻ Sặt,Ke Sat,Xã Kẻ Sặt,Ke Sat Commune,Xã,31,Hải Phòng,Haiphong,20.908944,106.179329,20.888083,20.933944,106.136299,106.225425,24.67
11224,Khúc Thừa Dụ,Khuc Thua Du,Xã Khúc Thừa Dụ,Khuc Thua Du Commune,Xã,31,Hải Phòng,Haiphong,20.730847,106.337217,20.694481,20.773094,106.302405,106.370163,28.79
11443,Kiến An,Kien An,Phường Kiến An,Kien An Ward,Phường,31,Hải Phòng,Haiphong,20.821482,106.648967,20.80293,20.843997,106.623627,106.677414,11.18
11749,Kiến Hải,Kien Hai,Xã Kiến Hải,Kien Hai Commune,Xã,31,Hải Phòng,Haiphong,20.710705,106.713607,20.676495,20.75292,106.68238,106.741535,31.86
11728,Kiến Hưng,Kien Hung,Xã Kiến Hưng,Kien Hung Commune,Xã,31,Hải Phòng,Haiphong,20.716657,106.670838,20.688401,20.74208,106.639729,106.699281,21.02
11725,Kiến Minh,Kien Minh,Xã Kiến Minh,Kien Minh Commune,Xã,31,Hải Phòng,Haiphong,20.768247,106.688744,20.739247,20.790702,106.6666,106.708654,16.32
11680,Kiến Thuỵ,Kien Thuy,Xã Kiến Thuỵ,Kien Thuy Commune,Xã,31,Hải Phòng,Haiphong,20.758884,106.654618,20.733165,20.783662,106.620423,106.686261,20.18
10804,Kim Thành,Kim Thanh,Xã Kim Thành,Kim Thanh Commune,Xã,31,Hải Phòng,Haiphong,20.884953,106.513808,20.851344,20.91789,106.47681,106.553074,33.79
10675,Kinh Môn,Kinh Mon,Phường Kinh Môn,Kinh Mon Ward,Phường,31,Hải Phòng,Haiphong,20.980607,106.543071,20.953547,21.007904,106.512062,106.563556,11.47
11140,Lạc Phượng,Lac Phuong,Xã Lạc Phượng,Lac Phuong Commune,Xã,31,Hải Phòng,Haiphong,20.776325,106.452203,20.750392,20.798009,106.40545,106.494791,24.71
10756,Lai Khê,Lai Khe,Xã Lai Khê,Lai Khe Commune,Xã,31,Hải Phòng,Haiphong,20.978007,106.433182,20.952023,21.00115,106.387528,106.4797,30.07
11383,Lê Chân,Le Chan,Phường Lê Chân,Le Chan Ward,Phường,31,Hải Phòng,Haiphong,20.84078,106.684417,20.819678,20.856009,106.670293,106.696501,5.65
11506,Lê Ích Mộc,Le Ich Moc,Phường Lê Ích Mộc,Le Ich Moc Ward,Phường,31,Hải Phòng,Haiphong,20.952053,106.616619,20.919396,20.985794,106.587664,106.642031,27.04
10532,Lê Thanh Nghị,Le Thanh Nghi,Phường Lê Thanh Nghị,Le Thanh Nghi Ward,Phường,31,Hải Phòng,Haiphong,20.930474,106.314647,20.916958,20.943047,106.291813,106.337413,8.04
10603,Lê Đại Hành,Le Dai Hanh,Phường Lê Đại Hành,Le Dai Hanh Ward,Phường,31,Hải Phòng,Haiphong,21.051828,106.396807,21.019582,21.088444,106.363489,106.435591,31.62
11488,Lưu Kiếm,Luu Kiem,Phường Lưu Kiếm,Luu Kiem Ward,Phường,31,Hải Phòng,Haiphong,20.978968,106.655717,20.927717,21.019527,106.621734,106.688665,42.17
10930,Mao Điền,Mao Dien,Xã Mao Điền,Mao Dien Commune,Xã,31,Hải Phòng,Haiphong,20.93124,106.211347,20.900492,20.957491,106.163919,106.245924,24.37
10705,Nam An Phụ,Nam An Phu,Xã Nam An Phụ,Nam An Phu Commune,Xã,31,Hải Phòng,Haiphong,21.015261,106.435218,20.985642,21.043616,106.404788,106.472478,25.9
10606,Nam Sách,Nam Sach,Xã Nam Sách,Nam Sach Commune,Xã,31,Hải Phòng,Haiphong,20.985346,106.335589,20.963595,21.007576,106.297966,106.372431,19.75
11284,Nam Thanh Miện,Nam Thanh Mien,Xã Nam Thanh Miện,Nam Thanh Mien Commune,Xã,31,Hải Phòng,Haiphong,20.72347,106.240849,20.684183,20.755615,106.211361,106.269249,23.99
11542,Nam Triệu,Nam Trieu,Phường Nam Triệu,Nam Trieu Ward,Phường,31,Hải Phòng,Haiphong,20.913619,106.746558,20.874613,20.948594,106.720068,106.770956,29.51
11737,Nam Đồ Sơn,Nam Do Son,Phường Nam Đồ Sơn,Nam Do Son Ward,Phường,31,Hải Phòng,Haiphong,20.725276,106.744617,20.689349,20.757629,106.707681,106.775874,21
10837,Nam Đồng,Nam Dong,Phường Nam Đồng,Nam Dong Ward,Phường,31,Hải Phòng,Haiphong,20.925134,106.362705,20.892518,20.971719,106.344194,106.386892,19.67
11713,Nghi Dương,Nghi Duong,Xã Nghi Dương,Nghi Duong Commune,Xã,31,Hải Phòng,Haiphong,20.726899,106.629541,20.699552,20.753209,106.601423,106.657131,19.48
11329,Ngô Quyền,Ngo Quyen,Phường Ngô Quyền,Ngo Quyen Ward,Phường,31,Hải Phòng,Haiphong,20.866055,106.704475,20.851618,20.877416,106.685502,106.722264,5.81
11911,Nguyễn Bỉnh Khiêm,Nguyen Binh Khiem,Xã Nguyễn Bỉnh Khiêm,Nguyen Binh Khiem Commune,Xã,31,Hải Phòng,Haiphong,20.65423,106.565941,20.622365,20.681568,106.524287,106.601589,26.37
11146,Nguyên Giáp,Nguyen Giap,Xã Nguyên Giáp,Nguyen Giap Commune,Xã,31,Hải Phòng,Haiphong,20.749506,106.445885,20.720286,20.773242,106.39861,106.498091,27.21
11242,Nguyễn Lương Bằng,Nguyen Luong Bang,Xã Nguyễn Lương Bằng,Nguyen Luong Bang Commune,Xã,31,Hải Phòng,Haiphong,20.835289,106.223988,20.810684,20.865824,106.197829,106.255573,21.78
10552,Nguyễn Trãi,Nguyen Trai,Phường Nguyễn Trãi,Nguyen Trai Ward,Phường,31,Hải Phòng,Haiphong,21.191807,106.447723,21.143703,21.237375,106.385948,106.502078,76.28
10744,Nguyễn Đại Năng,Nguyen Dai Nang,Phường Nguyễn Đại Năng,Nguyen Dai Nang Ward,Phường,31,Hải Phòng,Haiphong,20.956639,106.56821,20.930372,20.984592,106.540772,106.59275,17.4
10714,Nhị Chiểu,Nhi Chieu,Phường Nhị Chiểu,Nhi Chieu Ward,Phường,31,Hải Phòng,Haiphong,21.034601,106.55655,21.002797,21.060171,106.499095,106.611393,39.28
11203,Ninh Giang,Ninh Giang,Xã Ninh Giang,Ninh Giang Commune,Xã,31,Hải Phòng,Haiphong,20.738829,106.381728,20.708839,20.776074,106.343472,106.413216,27.41
10726,Phạm Sư Mạnh,Pham Su Manh,Phường Phạm Sư Mạnh,Pham Su Manh Ward,Phường,31,Hải Phòng,Haiphong,21.017875,106.512436,20.989957,21.04551,106.476623,106.552303,22.34
11446,Phù Liễn,Phu Lien,Phường Phù Liễn,Phu Lien Ward,Phường,31,Hải Phòng,Haiphong,20.793957,106.632881,20.768621,20.817338,106.594744,106.660545,18.46
10750,Phú Thái,Phu Thai,Xã Phú Thái,Phu Thai Commune,Xã,31,Hải Phòng,Haiphong,20.959357,106.504663,20.926686,20.989009,106.45798,106.548018,28.89
11761,Quyết Thắng,Quyet Thang,Xã Quyết Thắng,Quyet Thang Commune,Xã,31,Hải Phòng,Haiphong,20.780776,106.515835,20.758729,20.808431,106.481161,106.551853,22.15
11167,Tân An,Tan An,Xã Tân An,Tan An Commune,Xã,31,Hải Phòng,Haiphong,20.761654,106.311916,20.718682,20.799302,106.283135,106.345924,24.9
10537,Tân Hưng,Tan Hung,Phường Tân Hưng,Tan Hung Ward,Phường,31,Hải Phòng,Haiphong,20.905536,106.336528,20.882824,20.936595,106.312176,106.361467,14.18
11113,Tân Kỳ,Tan Ky,Xã Tân Kỳ,Tan Ky Commune,Xã,31,Hải Phòng,Haiphong,20.826271,106.341965,20.787553,20.861533,106.307051,106.381787,27.76
11779,Tân Minh,Tan Minh,Xã Tân Minh,Tan Minh Commune,Xã,31,Hải Phòng,Haiphong,20.69161,106.547915,20.664137,20.720042,106.512518,106.592474,33
11002,Thạch Khôi,Thach Khoi,Phường Thạch Khôi,Thach Khoi Ward,Phường,31,Hải Phòng,Haiphong,20.901057,106.297645,20.879959,20.922984,106.264074,106.332946,19.94
10642,Thái Tân,Thai Tan,Xã Thái Tân,Thai Tan Commune,Xã,31,Hải Phòng,Haiphong,20.991578,106.295494,20.956291,21.027526,106.272761,106.324108,20.73
10813,Thanh Hà,Thanh Ha,Xã Thanh Hà,Thanh Ha Commune,Xã,31,Hải Phòng,Haiphong,20.885566,106.438612,20.845009,20.920947,106.409579,106.46462,25.9
11239,Thanh Miện,Thanh Mien,Xã Thanh Miện,Thanh Mien Commune,Xã,31,Hải Phòng,Haiphong,20.768135,106.241258,20.736369,20.797608,106.192637,106.287609,33.47
10507,Thành Đông,Thanh Dong,Phường Thành Đông,Thanh Dong Ward,Phường,31,Hải Phòng,Haiphong,20.959566,106.325139,20.937054,20.983608,106.307833,106.347169,12.22
11557,Thiên Hương,Thien Huong,Phường Thiên Hương,Thien Huong Ward,Phường,31,Hải Phòng,Haiphong,20.907275,106.640783,20.880582,20.940619,106.619926,106.671338,21.1
10993,Thượng Hồng,Thuong Hong,Xã Thượng Hồng,Thuong Hong Commune,Xã,31,Hải Phòng,Haiphong,20.83962,106.168109,20.81839,20.855649,106.124276,106.209614,24.01
11560,Thuỷ Nguyên,Thuy Nguyen,Phường Thuỷ Nguyên,Thuy Nguyen Ward,Phường,31,Hải Phòng,Haiphong,20.890677,106.697996,20.848523,20.933531,106.649703,106.766027,45.34
11755,Tiên Lãng,Tien Lang,Xã Tiên Lãng,Tien Lang Commune,Xã,31,Hải Phòng,Haiphong,20.734904,106.542496,20.70522,20.762569,106.513005,106.58121,27.89
11791,Tiên Minh,Tien Minh,Xã Tiên Minh,Tien Minh Commune,Xã,31,Hải Phòng,Haiphong,20.69532,106.603789,20.64533,20.739314,106.566948,106.650752,36.48
10570,Trần Hưng Đạo,Tran Hung Dao,Phường Trần Hưng Đạo,Tran Hung Dao Ward,Phường,31,Hải Phòng,Haiphong,21.151515,106.370524,21.11113,21.196846,106.30907,106.426956,66.89
10729,Trần Liễu,Tran Lieu,Phường Trần Liễu,Tran Lieu Ward,Phường,31,Hải Phòng,Haiphong,21.001334,106.491535,20.972582,21.036189,106.445449,106.53755,23.87
10573,Trần Nhân Tông,Tran Nhan Tong,Phường Trần Nhân Tông,Tran Nhan Tong Ward,Phường,31,Hải Phòng,Haiphong,21.123664,106.445718,21.064202,21.180444,106.404963,106.490287,39.97
10633,Trần Phú,Tran Phu,Xã Trần Phú,Tran Phu Commune,Xã,31,Hải Phòng,Haiphong,21.031918,106.328073,21.002119,21.05914,106.292772,106.365498,24.99
11065,Trường Tân,Truong Tan,Xã Trường Tân,Truong Tan Commune,Xã,31,Hải Phòng,Haiphong,20.80547,106.268609,20.775628,20.844535,106.23932,106.301731,24.56
11074,Tứ Kỳ,Tu Ky,Xã Tứ Kỳ,Tu Ky Commune,Xã,31,Hải Phòng,Haiphong,20.808893,106.39079,20.766515,20.846845,106.3588,106.420259,30.86
10891,Tứ Minh,Tu Minh,Phường Tứ Minh,Tu Minh Ward,Phường,31,Hải Phòng,Haiphong,20.922955,106.265426,20.902452,20.936597,106.233418,106.300745,14.77
10909,Tuệ Tĩnh,Tue Tinh,Xã Tuệ Tĩnh,Tue Tinh Commune,Xã,31,Hải Phòng,Haiphong,20.973753,106.262296,20.950985,20.997744,106.23367,106.292508,17.78
10543,Việt Hoà,Viet Hoa,Phường Việt Hoà,Viet Hoa Ward,Phường,31,Hải Phòng,Haiphong,20.946182,106.271585,20.933188,20.962477,106.235391,106.31054,17.02
11503,Việt Khê,Viet Khe,Xã Việt Khê,Viet Khe Commune,Xã,31,Hải Phòng,Haiphong,20.995095,106.59212,20.958169,21.020544,106.554574,106.629343,30.98
11887,Vĩnh Am,Vinh Am,Xã Vĩnh Am,Vinh Am Commune,Xã,31,Hải Phòng,Haiphong,20.633606,106.53175,20.602268,20.67663,106.500808,106.574206,27.34
11824,Vĩnh Bảo,Vinh Bao,Xã Vĩnh Bảo,Vinh Bao Commune,Xã,31,Hải Phòng,Haiphong,20.679643,106.486615,20.644286,20.709039,106.445386,106.515348,30.6
11875,Vĩnh Hải,Vinh Hai,Xã Vĩnh Hải,Vinh Hai Commune,Xã,31,Hải Phòng,Haiphong,20.636177,106.475168,20.597899,20.670525,106.438009,106.509518,32.21
11848,Vĩnh Hoà,Vinh Hoa,Xã Vĩnh Hoà,Vinh Hoa Commune,Xã,31,Hải Phòng,Haiphong,20.689576,106.432352,20.659134,20.719489,106.400505,106.463424,21.66
11164,Vĩnh Lại,Vinh Lai,Xã Vĩnh Lại,Vinh Lai Commune,Xã,31,Hải Phòng,Haiphong,20.781867,106.358647,20.744528,20.816216,106.320503,106.393647,26.15
11836,Vĩnh Thịnh,Vinh Thinh,Xã Vĩnh Thịnh,Vinh Thinh Commune,Xã,31,Hải Phòng,Haiphong,20.717598,106.456762,20.69408,20.736263,106.407445,106.498159,21.5
11842,Vĩnh Thuận,Vinh Thuan,Xã Vĩnh Thuận,Vinh Thuan Commune,Xã,31,Hải Phòng,Haiphong,20.737196,106.496334,20.704924,20.764684,106.452222,106.521549,23.5
11020,Yết Kiêu,Yet Kieu,Xã Yết Kiêu,Yet Kieu Commune,Xã,31,Hải Phòng,Haiphong,20.874605,106.262256,20.829027,20.9129,106.238399,106.285139,21.53
11086,Đại Sơn,Dai Son,Xã Đại Sơn,Dai Son Commune,Xã,31,Hải Phòng,Haiphong,20.86784,106.376091,20.834278,20.893672,106.344857,106.412053,22.99
11455,Đồ Sơn,Do Son,Phường Đồ Sơn,Do Son Ward,Phường,31,Hải Phòng,Haiphong,20.711808,106.778688,20.665591,20.746318,106.755793,106.817908,25.54
11411,Đông Hải,Dong Hai,Phường Đông Hải,Dong Hai Ward,Phường,31,Hải Phòng,Haiphong,20.824948,106.777001,20.784759,20.867213,106.707985,106.837806,57.65
10972,Đường An,Duong An,Xã Đường An,Duong An Commune,Xã,31,Hải Phòng,Haiphong,20.872499,106.171433,20.851994,20.901901,106.136967,106.218688,25.53
12499,A Sào,A Sao,Xã A Sào,A Sao Commune,Xã,33,Hưng Yên,Hung Yen,20.698361,106.390103,20.66451,20.729027,106.364475,106.421369,20.46
13021,Ái Quốc,Ai Quoc,Xã Ái Quốc,Ai Quoc Commune,Xã,33,Hưng Yên,Hung Yen,20.376765,106.517652,20.354127,20.401965,106.489497,106.553516,14.98
12142,Ân Thi,An Thi,Xã Ân Thi,An Thi Commune,Xã,33,Hưng Yên,Hung Yen,20.824634,106.101299,20.794321,20.855015,106.071956,106.129367,24.39
12916,Bắc Thái Ninh,Bac Thai Ninh,Xã Bắc Thái Ninh,Bac Thai Ninh Commune,Xã,33,Hưng Yên,Hung Yen,20.514111,106.493047,20.469921,20.544259,106.460846,106.523864,23.12
12859,Bắc Thuỵ Anh,Bac Thuy Anh,Xã Bắc Thuỵ Anh,Bac Thuy Anh Commune,Xã,33,Hưng Yên,Hung Yen,20.597759,106.529206,20.572332,20.620349,106.496159,106.562681,17.38
12700,Bắc Tiên Hưng,Bac Tien Hung,Xã Bắc Tiên Hưng,Bac Tien Hung Commune,Xã,33,Hưng Yên,Hung Yen,20.580585,106.318254,20.547043,20.615182,106.275801,106.360245,28.03
12694,Bắc Đông Hưng,Bac Dong Hung,Xã Bắc Đông Hưng,Bac Dong Hung Commune,Xã,33,Hưng Yên,Hung Yen,20.573925,106.405772,20.552943,20.603324,106.373756,106.441341,20.84
12745,Bắc Đông Quan,Bac Dong Quan,Xã Bắc Đông Quan,Bac Dong Quan Commune,Xã,33,Hưng Yên,Hung Yen,20.539543,106.399041,20.513045,20.5591,106.371996,106.439876,20.67
13096,Bình Nguyên,Binh Nguyen,Xã Bình Nguyên,Binh Nguyen Commune,Xã,33,Hưng Yên,Hung Yen,20.454639,106.424687,20.421528,20.494225,106.402798,106.444056,17.21
13183,Bình Thanh,Binh Thanh,Xã Bình Thanh,Binh Thanh Commune,Xã,33,Hưng Yên,Hung Yen,20.33769,106.427837,20.295701,20.368816,106.398342,106.458513,22.37
13186,Bình Định,Binh Dinh,Xã Bình Định,Binh Dinh Commune,Xã,33,Hưng Yên,Hung Yen,20.315843,106.459057,20.289061,20.350906,106.432842,106.492032,24.47
12247,Châu Ninh,Chau Ninh,Xã Châu Ninh,Chau Ninh Commune,Xã,33,Hưng Yên,Hung Yen,20.812656,105.932974,20.779998,20.850361,105.910908,105.964626,22.22
12271,Chí Minh,Chi Minh,Xã Chí Minh,Chi Minh Commune,Xã,33,Hưng Yên,Hung Yen,20.777362,105.989354,20.756937,20.798966,105.957066,106.017648,20.73
12619,Diên Hà,Dien Ha,Xã Diên Hà,Dien Ha Commune,Xã,33,Hưng Yên,Hung Yen,20.639457,106.255075,20.608806,20.674244,106.216465,106.292878,27.3
12322,Hiệp Cường,Hiep Cuong,Xã Hiệp Cường,Hiep Cuong Commune,Xã,33,Hưng Yên,Hung Yen,20.7259,106.03741,20.693962,20.75779,105.99749,106.082865,28.37
12070,Hoàn Long,Hoan Long,Xã Hoàn Long,Hoan Long Commune,Xã,33,Hưng Yên,Hung Yen,20.904619,105.984678,20.878845,20.927153,105.943429,106.025549,19.6
12337,Hoàng Hoa Thám,Hoang Hoa Tham,Xã Hoàng Hoa Thám,Hoang Hoa Tham Commune,Xã,33,Hưng Yên,Hung Yen,20.700941,106.107844,20.6633,20.732239,106.076883,106.141991,31.85
11980,Hồng Châu,Hong Chau,Phường Hồng Châu,Hong Chau Ward,Phường,33,Hưng Yên,Hung Yen,20.623599,106.063381,20.603002,20.648023,106.03339,106.096293,15.41
12685,Hồng Minh,Hong Minh,Xã Hồng Minh,Hong Minh Commune,Xã,33,Hưng Yên,Hung Yen,20.534179,106.216492,20.512088,20.559141,106.177287,106.250857,23.32
12196,Hồng Quang,Hong Quang,Xã Hồng Quang,Hong Quang Commune,Xã,33,Hưng Yên,Hung Yen,20.75554,106.118882,20.727478,20.779502,106.083849,106.153481,25.53
13159,Hồng Vũ,Hong Vu,Xã Hồng Vũ,Hong Vu Commune,Xã,33,Hưng Yên,Hung Yen,20.366939,106.386936,20.33888,20.392105,106.357393,106.411206,18.77
12586,Hưng Hà,Hung Ha,Xã Hưng Hà,Hung Ha Commune,Xã,33,Hưng Yên,Hung Yen,20.582315,106.232702,20.549927,20.617874,106.197446,106.270103,38.93
13066,Hưng Phú,Hung Phu,Xã Hưng Phú,Hung Phu Commune,Xã,33,Hưng Yên,Hung Yen,20.303204,106.573547,20.24901,20.351038,106.521241,106.616946,45.08
12205,Khoái Châu,Khoai Chau,Xã Khoái Châu,Khoai Chau Commune,Xã,33,Hưng Yên,Hung Yen,20.816726,105.971124,20.792233,20.843278,105.931957,106.009048,29.35
13075,Kiến Xương,Kien Xuong,Xã Kiến Xương,Kien Xuong Commune,Xã,33,Hưng Yên,Hung Yen,20.382766,106.436806,20.347433,20.410916,106.384586,106.477523,36.73
11992,Lạc Đạo,Lac Dao,Xã Lạc Đạo,Lac Dao Commune,Xã,33,Hưng Yên,Hung Yen,20.981161,106.035791,20.952859,21.003813,105.996072,106.07093,22.22
13120,Lê Lợi,Le Loi,Xã Lê Lợi,Le Loi Commune,Xã,33,Hưng Yên,Hung Yen,20.431322,106.456917,20.400374,20.461163,106.423617,106.489842,21.39
12676,Lê Quý Đôn,Le Quy Don,Xã Lê Quý Đôn,Le Quy Don Commune,Xã,33,Hưng Yên,Hung Yen,20.56349,106.174328,20.530429,20.595401,106.133469,106.20364,21.72
12613,Long Hưng,Long Hung,Xã Long Hưng,Long Hung Commune,Xã,33,Hưng Yên,Hung Yen,20.614755,106.146872,20.573511,20.659638,106.110066,106.185793,33.67
12280,Lương Bằng,Luong Bang,Xã Lương Bằng,Luong Bang Commune,Xã,33,Hưng Yên,Hung Yen,20.751657,106.067637,20.721071,20.785659,106.028597,106.099494,29.08
12049,Mễ Sở,Me So,Xã Mễ Sở,Me So Commune,Xã,33,Hưng Yên,Hung Yen,20.892714,105.924428,20.868216,20.920005,105.894504,105.952633,17.51
12511,Minh Thọ,Minh Tho,Xã Minh Thọ,Minh Tho Commune,Xã,33,Hưng Yên,Hung Yen,20.686851,106.339268,20.661179,20.711411,106.300757,106.373785,22.11
12103,Mỹ Hào,My Hao,Phường Mỹ Hào,My Hao Ward,Phường,33,Hưng Yên,Hung Yen,20.950028,106.074672,20.929044,20.977884,106.031025,106.113706,28.36
13057,Nam Cường,Nam Cuong,Xã Nam Cường,Nam Cuong Commune,Xã,33,Hưng Yên,Hung Yen,20.352657,106.576343,20.31939,20.390713,106.50742,106.619218,28.77
12961,Nam Thái Ninh,Nam Thai Ninh,Xã Nam Thái Ninh,Nam Thai Ninh Commune,Xã,33,Hưng Yên,Hung Yen,20.468118,106.506756,20.442798,20.503343,106.468672,106.54725,26.4
12904,Nam Thuỵ Anh,Nam Thuy Anh,Xã Nam Thuỵ Anh,Nam Thuy Anh Commune,Xã,33,Hưng Yên,Hung Yen,20.552472,106.460463,20.531879,20.574649,106.433085,106.488309,17.4
13063,Nam Tiền Hải,Nam Tien Hai,Xã Nam Tiền Hải,Nam Tien Hai Commune,Xã,33,Hưng Yên,Hung Yen,20.327402,106.504275,20.302999,20.35705,106.475295,106.540156,22.62
12763,Nam Tiên Hưng,Nam Tien Hung,Xã Nam Tiên Hưng,Nam Tien Hung Commune,Xã,33,Hưng Yên,Hung Yen,20.519038,106.299985,20.492531,20.542019,106.26271,106.342748,23.94
12775,Nam Đông Hưng,Nam Dong Hung,Xã Nam Đông Hưng,Nam Dong Hung Commune,Xã,33,Hưng Yên,Hung Yen,20.511966,106.36785,20.482725,20.537263,106.336674,106.404013,16.25
12286,Nghĩa Dân,Nghia Dan,Xã Nghĩa Dân,Nghia Dan Commune,Xã,33,Hưng Yên,Hung Yen,20.780134,106.031478,20.740618,20.814674,106.002027,106.065766,23.29
12031,Nghĩa Trụ,Nghia Tru,Xã Nghĩa Trụ,Nghia Tru Commune,Xã,33,Hưng Yên,Hung Yen,20.941601,105.977965,20.920466,20.96852,105.940469,106.016212,22.8
12517,Ngọc Lâm,Ngoc Lam,Xã Ngọc Lâm,Ngoc Lam Commune,Xã,33,Hưng Yên,Hung Yen,20.678688,106.274663,20.646254,20.711394,106.249192,106.306149,19.82
12595,Ngự Thiên,Ngu Thien,Xã Ngự Thiên,Ngu Thien Commune,Xã,33,Hưng Yên,Hung Yen,20.634092,106.180479,20.611772,20.658122,106.1492,106.215596,22.41
12532,Nguyễn Du,Nguyen Du,Xã Nguyễn Du,Nguyen Du Commune,Xã,33,Hưng Yên,Hung Yen,20.644885,106.298289,20.608824,20.684282,106.278274,106.326069,16.75
12184,Nguyễn Trãi,Nguyen Trai,Xã Nguyễn Trãi,Nguyen Trai Commune,Xã,33,Hưng Yên,Hung Yen,20.791025,106.109818,20.766748,20.829733,106.061939,106.153881,30.68
12064,Nguyễn Văn Linh,Nguyen Van Linh,Xã Nguyễn Văn Linh,Nguyen Van Linh Commune,Xã,33,Hưng Yên,Hung Yen,20.920331,106.042178,20.896624,20.954446,106.012498,106.076048,20.9
12004,Như Quỳnh,Nhu Quynh,Xã Như Quỳnh,Nhu Quynh Commune,Xã,33,Hưng Yên,Hung Yen,20.969563,105.997337,20.931906,21.001026,105.961329,106.036831,27.32
12148,Phạm Ngũ Lão,Pham Ngu Lao,Xã Phạm Ngũ Lão,Pham Ngu Lao Commune,Xã,33,Hưng Yên,Hung Yen,20.868492,106.112178,20.840307,20.897748,106.073406,106.147364,29.32
11953,Phố Hiến,Pho Hien,Phường Phố Hiến,Pho Hien Ward,Phường,33,Hưng Yên,Hung Yen,20.663437,106.068282,20.638062,20.695254,106.032542,106.09458,21.5
12523,Phụ Dực,Phu Duc,Xã Phụ Dực,Phu Duc Commune,Xã,33,Hưng Yên,Hung Yen,20.639146,106.42608,20.599515,20.683768,106.390094,106.464553,33.16
12025,Phụng Công,Phung Cong,Xã Phụng Công,Phung Cong Commune,Xã,33,Hưng Yên,Hung Yen,20.958347,105.929801,20.937332,20.975754,105.903098,105.966946,14.62
12391,Quang Hưng,Quang Hung,Xã Quang Hưng,Quang Hung Commune,Xã,33,Hưng Yên,Hung Yen,20.745936,106.186689,20.710325,20.784931,106.148992,106.21905,25.73
13132,Quang Lịch,Quang Lich,Xã Quang Lịch,Quang Lich Commune,Xã,33,Hưng Yên,Hung Yen,20.420722,106.412245,20.393188,20.451667,106.391281,106.438896,14.92
12577,Quỳnh An,Quynh An,Xã Quỳnh An,Quynh An Commune,Xã,33,Hưng Yên,Hung Yen,20.612582,106.357968,20.588742,20.636805,106.307357,106.397599,26
12472,Quỳnh Phụ,Quynh Phu,Xã Quỳnh Phụ,Quynh Phu Commune,Xã,33,Hưng Yên,Hung Yen,20.650702,106.336949,20.615706,20.683491,106.303987,106.374275,31.98
11983,Sơn Nam,Son Nam,Phường Sơn Nam,Son Nam Ward,Phường,33,Hưng Yên,Hung Yen,20.691363,106.043438,20.652147,20.716364,106.004583,106.07172,23.62
11977,Tân Hưng,Tan Hung,Xã Tân Hưng,Tan Hung Commune,Xã,33,Hưng Yên,Hung Yen,20.638009,106.097655,20.613995,20.672349,106.061892,106.12901,19.2
13246,Tân Thuận,Tan Thuan,Xã Tân Thuận,Tan Thuan Commune,Xã,33,Hưng Yên,Hung Yen,20.423513,106.242404,20.405024,20.44383,106.209372,106.277792,22.11
12583,Tân Tiến,Tan Tien,Xã Tân Tiến,Tan Tien Commune,Xã,33,Hưng Yên,Hung Yen,20.596821,106.427387,20.56661,20.628981,106.396311,106.458144,19.66
12919,Tây Thái Ninh,Tay Thai Ninh,Xã Tây Thái Ninh,Tay Thai Ninh Commune,Xã,33,Hưng Yên,Hung Yen,20.515997,106.453028,20.485665,20.540784,106.430353,106.479337,16.56
12850,Tây Thuỵ Anh,Tay Thuy Anh,Xã Tây Thuỵ Anh,Tay Thuy Anh Commune,Xã,33,Hưng Yên,Hung Yen,20.586105,106.470074,20.559316,20.615012,106.444391,106.492923,16.68
13039,Tây Tiền Hải,Tay Tien Hai,Xã Tây Tiền Hải,Tay Tien Hai Commune,Xã,33,Hưng Yên,Hung Yen,20.361421,106.482316,20.326078,20.389239,106.462388,106.504231,17.56
13225,Thái Bình,Thai Binh,Phường Thái Bình,Thai Binh Ward,Phường,33,Hưng Yên,Hung Yen,20.481661,106.314296,20.446453,20.512691,106.285467,106.352346,28.03
12922,Thái Ninh,Thai Ninh,Xã Thái Ninh,Thai Ninh Commune,Xã,33,Hưng Yên,Hung Yen,20.52608,106.550464,20.498535,20.55898,106.500996,106.589802,27.57
12826,Thái Thuỵ,Thai Thuy,Xã Thái Thuỵ,Thai Thuy Commune,Xã,33,Hưng Yên,Hung Yen,20.565663,106.555608,20.53384,20.594019,106.506461,106.607491,35.5
12631,Thần Khê,Than Khe,Xã Thần Khê,Than Khe Commune,Xã,33,Hưng Yên,Hung Yen,20.597284,106.283868,20.56524,20.627351,106.257987,106.317974,20.39
13222,Thư Trì,Thu Tri,Xã Thư Trì,Thu Tri Commune,Xã,33,Hưng Yên,Hung Yen,20.486149,106.262861,20.461274,20.516614,106.23268,106.297905,20.97
13264,Thư Vũ,Thu Vu,Xã Thư Vũ,Thu Vu Commune,Xã,33,Hưng Yên,Hung Yen,20.387174,106.350173,20.344351,20.428126,106.316299,106.382416,24.99
12127,Thượng Hồng,Thuong Hong,Phường Thượng Hồng,Thuong Hong Ward,Phường,33,Hưng Yên,Hung Yen,20.934815,106.128472,20.907088,20.960609,106.100176,106.158961,25.41
12865,Thuỵ Anh,Thuy Anh,Xã Thuỵ Anh,Thuy Anh Commune,Xã,33,Hưng Yên,Hung Yen,20.570244,106.499869,20.531357,20.616685,106.47782,106.524676,20.07
12970,Tiền Hải,Tien Hai,Xã Tiền Hải,Tien Hai Commune,Xã,33,Hưng Yên,Hung Yen,20.41837,106.49951,20.38507,20.45326,106.463601,106.534131,32.99
12361,Tiên Hoa,Tien Hoa,Xã Tiên Hoa,Tien Hoa Commune,Xã,33,Hưng Yên,Hung Yen,20.681537,106.16881,20.651822,20.710205,106.139518,106.198766,21.65
12754,Tiên Hưng,Tien Hung,Xã Tiên Hưng,Tien Hung Commune,Xã,33,Hưng Yên,Hung Yen,20.538563,106.263283,20.500843,20.579714,106.234615,106.292789,22.41
12634,Tiên La,Tien La,Xã Tiên La,Tien La Commune,Xã,33,Hưng Yên,Hung Yen,20.609485,106.208442,20.570759,20.642288,106.17467,106.24713,22.54
12364,Tiên Lữ,Tien Lu,Xã Tiên Lữ,Tien Lu Commune,Xã,33,Hưng Yên,Hung Yen,20.66487,106.135145,20.638328,20.696341,106.102297,106.170332,19.51
12424,Tiên Tiến,Tien Tien,Xã Tiên Tiến,Tien Tien Commune,Xã,33,Hưng Yên,Hung Yen,20.698178,106.200498,20.664129,20.729301,106.163812,106.22943,25.8
12427,Tống Trân,Tong Tran,Xã Tống Trân,Tong Tran Commune,Xã,33,Hưng Yên,Hung Yen,20.671753,106.226177,20.641122,20.704935,106.189078,106.269189,20.73
13093,Trà Giang,Tra Giang,Xã Trà Giang,Tra Giang Commune,Xã,33,Hưng Yên,Hung Yen,20.475917,106.455009,20.444035,20.504303,106.418651,106.479299,21.31
12817,Trà Lý,Tra Ly,Phường Trà Lý,Tra Ly Ward,Phường,33,Hưng Yên,Hung Yen,20.482166,106.35393,20.449296,20.511284,106.333329,106.378082,20.94
12452,Trần Hưng Đạo,Tran Hung Dao,Phường Trần Hưng Đạo,Tran Hung Dao Ward,Phường,33,Hưng Yên,Hung Yen,20.448521,106.320518,20.429152,20.469449,106.295889,106.343666,9.32
12454,Trần Lãm,Tran Lam,Phường Trần Lãm,Tran Lam Ward,Phường,33,Hưng Yên,Hung Yen,20.449983,106.373715,20.409396,20.489418,106.327044,106.414165,34.63
12223,Triệu Việt Vương,Trieu Viet Vuong,Xã Triệu Việt Vương,Trieu Viet Vuong Commune,Xã,33,Hưng Yên,Hung Yen,20.855616,105.971106,20.832408,20.883684,105.931066,106.015732,27.15
12019,Văn Giang,Van Giang,Xã Văn Giang,Van Giang Commune,Xã,33,Hưng Yên,Hung Yen,20.923436,105.944554,20.899834,20.949067,105.908206,105.982905,22.96
13219,Vạn Xuân,Van Xuan,Xã Vạn Xuân,Van Xuan Commune,Xã,33,Hưng Yên,Hung Yen,20.492681,106.21309,20.451839,20.52177,106.178345,106.248194,30.36
12238,Việt Tiến,Viet Tien,Xã Việt Tiến,Viet Tien Commune,Xã,33,Hưng Yên,Hung Yen,20.824387,106.018385,20.794062,20.854639,105.995632,106.04193,20.18
12091,Việt Yên,Viet Yen,Xã Việt Yên,Viet Yen Commune,Xã,33,Hưng Yên,Hung Yen,20.881608,106.001891,20.854246,20.90569,105.962445,106.03529,23.99
12466,Vũ Phúc,Vu Phuc,Phường Vũ Phúc,Vu Phuc Ward,Phường,33,Hưng Yên,Hung Yen,20.41273,106.308068,20.386074,20.444831,106.274423,106.33806,23.99
13141,Vũ Quý,Vu Quy,Xã Vũ Quý,Vu Quy Commune,Xã,33,Hưng Yên,Hung Yen,20.408555,106.381556,20.374014,20.430897,106.357738,106.406705,15.09
13192,Vũ Thư,Vu Thu,Xã Vũ Thư,Vu Thu Commune,Xã,33,Hưng Yên,Hung Yen,20.444839,106.267573,20.403522,20.474729,106.218992,106.301171,29.07
13279,Vũ Tiên,Vu Tien,Xã Vũ Tiên,Vu Tien Commune,Xã,33,Hưng Yên,Hung Yen,20.359454,106.288859,20.326396,20.390284,106.252088,106.33237,32.68
12166,Xuân Trúc,Xuan Truc,Xã Xuân Trúc,Xuan Truc Commune,Xã,33,Hưng Yên,Hung Yen,20.826167,106.061718,20.794266,20.858381,106.03371,106.084743,20.04
12073,Yên Mỹ,Yen My,Xã Yên Mỹ,Yen My Commune,Xã,33,Hưng Yên,Hung Yen,20.872567,106.051068,20.835411,20.908317,106.016719,106.08577,33.12
11995,Đại Đồng,Dai Dong,Xã Đại Đồng,Dai Dong Commune,Xã,33,Hưng Yên,Hung Yen,20.982345,106.096395,20.957482,21.00703,106.047359,106.138154,25.68
12406,Đoàn Đào,Doan Dao,Xã Đoàn Đào,Doan Dao Commune,Xã,33,Hưng Yên,Hung Yen,20.733239,106.15152,20.705313,20.771711,106.11806,106.177241,22.39
12526,Đồng Bằng,Dong Bang,Xã Đồng Bằng,Dong Bang Commune,Xã,33,Hưng Yên,Hung Yen,20.648383,106.388087,20.617223,20.687378,106.356883,106.410828,20.04
13003,Đồng Châu,Dong Chau,Xã Đồng Châu,Dong Chau Commune,Xã,33,Hưng Yên,Hung Yen,20.404684,106.573482,20.366594,20.454728,106.518592,106.619197,30.67
12688,Đông Hưng,Dong Hung,Xã Đông Hưng,Dong Hung Commune,Xã,33,Hưng Yên,Hung Yen,20.560699,106.361057,20.527579,20.591714,106.333528,106.38915,24.95
12793,Đông Quan,Dong Quan,Xã Đông Quan,Dong Quan Commune,Xã,33,Hưng Yên,Hung Yen,20.510824,106.417185,20.482575,20.542406,106.389707,106.444423,23.62
12943,Đông Thái Ninh,Dong Thai Ninh,Xã Đông Thái Ninh,Dong Thai Ninh Commune,Xã,33,Hưng Yên,Hung Yen,20.491216,106.559463,20.463739,20.520115,106.508277,106.602022,31.08
12862,Đông Thuỵ Anh,Dong Thuy Anh,Xã Đông Thuỵ Anh,Dong Thuy Anh Commune,Xã,33,Hưng Yên,Hung Yen,20.607727,106.603238,20.576444,20.639435,106.541283,106.659473,34.9
12988,Đông Tiền Hải,Dong Tien Hai,Xã Đông Tiền Hải,Dong Tien Hai Commune,Xã,33,Hưng Yên,Hung Yen,20.443738,106.562882,20.406664,20.476403,106.516392,106.607382,38.64
12736,Đông Tiên Hưng,Dong Tien Hung,Xã Đông Tiên Hưng,Dong Tien Hung Commune,Xã,33,Hưng Yên,Hung Yen,20.547101,106.317286,20.524815,20.573114,106.29095,106.346205,16.32
12313,Đức Hợp,Duc Hop,Xã Đức Hợp,Duc Hop Commune,Xã,33,Hưng Yên,Hung Yen,20.730955,105.984739,20.699135,20.759639,105.964115,106.00778,22.37
12133,Đường Hào,Duong Hao,Phường Đường Hào,Duong Hao Ward,Phường,33,Hưng Yên,Hung Yen,20.905884,106.098756,20.873469,20.933494,106.058626,106.144262,25.62
13579,Bắc Lý,Bac Ly,Xã Bắc Lý,Bac Ly Commune,Xã,37,Ninh Bình,Ninh Binh,20.589147,106.092896,20.550312,20.617121,106.057251,106.129777,31.17
13540,Bình An,Binh An,Xã Bình An,Binh An Commune,Xã,37,Ninh Bình,Ninh Binh,20.498166,106.057635,20.446315,20.534374,106.029709,106.097375,37.76
13531,Bình Giang,Binh Giang,Xã Bình Giang,Binh Giang Commune,Xã,37,Ninh Bình,Ninh Binh,20.493552,106.10243,20.455023,20.523504,106.066719,106.141868,24.15
13504,Bình Lục,Binh Luc,Xã Bình Lục,Binh Luc Commune,Xã,37,Ninh Bình,Ninh Binh,20.547495,106.013297,20.51219,20.582413,105.982501,106.035103,23.97
14623,Bình Minh,Binh Minh,Xã Bình Minh,Binh Minh Commune,Xã,37,Ninh Bình,Ninh Binh,19.990043,106.064414,19.959334,20.024322,106.024015,106.105004,34.44
13501,Bình Mỹ,Binh My,Xã Bình Mỹ,Binh My Commune,Xã,37,Ninh Bình,Ninh Binh,20.488597,106.005351,20.447152,20.523798,105.980796,106.037284,30.28
13558,Bình Sơn,Binh Son,Xã Bình Sơn,Binh Son Commune,Xã,37,Ninh Bình,Ninh Binh,20.437237,106.010618,20.395406,20.485746,105.981755,106.033269,28.06
14056,Cát Thành,Cat Thanh,Xã Cát Thành,Cat Thanh Commune,Xã,37,Ninh Bình,Ninh Binh,20.261066,106.281396,20.237045,20.282925,106.241891,106.325132,23.07
14653,Chất Bình,Chat Binh,Xã Chất Bình,Chat Binh Commune,Xã,37,Ninh Bình,Ninh Binh,20.126173,106.138357,20.087011,20.156488,106.108355,106.163113,18.6
13318,Châu Sơn,Chau Son,Phường Châu Sơn,Chau Son Ward,Phường,37,Ninh Bình,Ninh Binh,20.505719,105.894942,20.484469,20.529301,105.862471,105.919122,17.45
14026,Cổ Lễ,Co Le,Xã Cổ Lễ,Co Le Commune,Xã,37,Ninh Bình,Ninh Binh,20.296848,106.273725,20.264284,20.329733,106.250815,106.292764,18.33
14404,Cúc Phương,Cuc Phuong,Xã Cúc Phương,Cuc Phuong Commune,Xã,37,Ninh Bình,Ninh Binh,20.297794,105.654523,20.229481,20.369708,105.542773,105.768287,132.68
13336,Duy Hà,Duy Ha,Phường Duy Hà,Duy Ha Ward,Phường,37,Ninh Bình,Ninh Binh,20.646662,105.914278,20.611313,20.674465,105.891409,105.939511,15.46
13330,Duy Tân,Duy Tan,Phường Duy Tân,Duy Tan Ward,Phường,37,Ninh Bình,Ninh Binh,20.670981,106.002775,20.642791,20.703681,105.957021,106.037491,28.86
13324,Duy Tiên,Duy Tien,Phường Duy Tiên,Duy Tien Ward,Phường,37,Ninh Bình,Ninh Binh,20.630533,106.001421,20.596616,20.658028,105.962546,106.043681,28.93
14482,Gia Hưng,Gia Hung,Xã Gia Hưng,Gia Hung Commune,Xã,37,Ninh Bình,Ninh Binh,20.381867,105.82108,20.332811,20.420492,105.794466,105.845322,28.37
14389,Gia Lâm,Gia Lam,Xã Gia Lâm,Gia Lam Commune,Xã,37,Ninh Bình,Ninh Binh,20.410151,105.780089,20.363597,20.454296,105.751667,105.820871,37.61
14524,Gia Phong,Gia Phong,Xã Gia Phong,Gia Phong Commune,Xã,37,Ninh Bình,Ninh Binh,20.301965,105.824736,20.272583,20.328186,105.800061,105.848654,18.53
14494,Gia Trấn,Gia Tran,Xã Gia Trấn,Gia Tran Commune,Xã,37,Ninh Bình,Ninh Binh,20.354991,105.922331,20.324274,20.388887,105.884262,105.954189,18.76
14401,Gia Tường,Gia Tuong,Xã Gia Tường,Gia Tuong Commune,Xã,37,Ninh Bình,Ninh Binh,20.354112,105.788474,20.313565,20.389179,105.755645,105.814645,27.09
14488,Gia Vân,Gia Van,Xã Gia Vân,Gia Van Commune,Xã,37,Ninh Bình,Ninh Binh,20.344257,105.892808,20.305162,20.381392,105.857665,105.930867,26.94
14464,Gia Viễn,Gia Vien,Xã Gia Viễn,Gia Vien Commune,Xã,37,Ninh Bình,Ninh Binh,20.372908,105.850275,20.320332,20.422045,105.807485,105.890371,39.8
14194,Giao Bình,Giao Binh,Xã Giao Bình,Giao Binh Commune,Xã,37,Ninh Bình,Ninh Binh,20.233574,106.403645,20.205055,20.264827,106.36777,106.437414,21.75
14182,Giao Hoà,Giao Hoa,Xã Giao Hoà,Giao Hoa Commune,Xã,37,Ninh Bình,Ninh Binh,20.256935,106.506198,20.208918,20.309008,106.451763,106.54795,29.62
14179,Giao Hưng,Giao Hung,Xã Giao Hưng,Giao Hung Commune,Xã,37,Ninh Bình,Ninh Binh,20.241817,106.433075,20.201981,20.279054,106.39969,106.463002,21.74
14161,Giao Minh,Giao Minh,Xã Giao Minh,Giao Minh Commune,Xã,37,Ninh Bình,Ninh Binh,20.257894,106.546264,20.192029,20.316266,106.491519,106.598691,27.74
14212,Giao Ninh,Giao Ninh,Xã Giao Ninh,Giao Ninh Commune,Xã,37,Ninh Bình,Ninh Binh,20.212215,106.373921,20.176391,20.246515,106.350822,106.404864,25.81
14203,Giao Phúc,Giao Phuc,Xã Giao Phúc,Giao Phuc Commune,Xã,37,Ninh Bình,Ninh Binh,20.230373,106.475871,20.194144,20.279478,106.434473,106.535625,19.47
14167,Giao Thuỷ,Giao Thuy,Xã Giao Thuỷ,Giao Thuy Commune,Xã,37,Ninh Bình,Ninh Binh,20.274334,106.424168,20.24412,20.299315,106.370744,106.481484,23.52
13366,Hà Nam,Ha Nam,Phường Hà Nam,Ha Nam Ward,Phường,37,Ninh Bình,Ninh Binh,20.576091,105.938454,20.541608,20.620398,105.910723,105.968101,29.98
14281,Hải An,Hai An,Xã Hải An,Hai An Commune,Xã,37,Ninh Bình,Ninh Binh,20.139191,106.209132,20.112332,20.16183,106.178229,106.240575,25.19
14236,Hải Anh,Hai Anh,Xã Hải Anh,Hai Anh Commune,Xã,37,Ninh Bình,Ninh Binh,20.201862,106.257147,20.135672,20.251048,106.234776,106.282266,26.13
14215,Hải Hậu,Hai Hau,Xã Hải Hậu,Hai Hau Commune,Xã,37,Ninh Bình,Ninh Binh,20.201475,106.283134,20.162096,20.245514,106.258081,106.305201,23.87
14248,Hải Hưng,Hai Hung,Xã Hải Hưng,Hai Hung Commune,Xã,37,Ninh Bình,Ninh Binh,20.202944,106.328884,20.161384,20.246691,106.286368,106.365439,39.89
14287,Hải Quang,Hai Quang,Xã Hải Quang,Hai Quang Commune,Xã,37,Ninh Bình,Ninh Binh,20.156286,106.308441,20.128061,20.180508,106.279077,106.359775,24.68
14221,Hải Thịnh,Hai Thinh,Xã Hải Thịnh,Hai Thinh Commune,Xã,37,Ninh Bình,Ninh Binh,20.067395,106.218912,19.99498,20.124309,106.194205,106.240843,32.92
14218,Hải Tiến,Hai Tien,Xã Hải Tiến,Hai Tien Commune,Xã,37,Ninh Bình,Ninh Binh,20.134069,106.278618,20.093343,20.168657,106.248251,106.324203,24.19
14308,Hải Xuân,Hai Xuan,Xã Hải Xuân,Hai Xuan Commune,Xã,37,Ninh Bình,Ninh Binh,20.097554,106.252,20.043395,20.139183,106.227029,106.281829,31.27
13753,Hiển Khánh,Hien Khanh,Xã Hiển Khánh,Hien Khanh Commune,Xã,37,Ninh Bình,Ninh Binh,20.408446,106.081579,20.363333,20.450406,106.048109,106.11891,30.24
14329,Hoa Lư,Hoa Lu,Phường Hoa Lư,Hoa Lu Ward,Phường,37,Ninh Bình,Ninh Binh,20.262924,105.95568,20.22314,20.311109,105.901304,106.01026,53.72
13927,Hồng Phong,Hong Phong,Xã Hồng Phong,Hong Phong Commune,Xã,37,Ninh Bình,Ninh Binh,20.083182,106.17434,20.059062,20.110493,106.141641,106.209642,29.21
13984,Hồng Quang,Hong Quang,Phường Hồng Quang,Hong Quang Ward,Phường,37,Ninh Bình,Ninh Binh,20.378382,106.188926,20.34951,20.414629,106.1528,106.235784,27.53
14614,Khánh Hội,Khanh Hoi,Xã Khánh Hội,Khanh Hoi Commune,Xã,37,Ninh Bình,Ninh Binh,20.176255,106.110309,20.13839,20.207917,106.079742,106.140516,22.89
14611,Khánh Nhạc,Khanh Nhac,Xã Khánh Nhạc,Khanh Nhac Commune,Xã,37,Ninh Bình,Ninh Binh,20.153018,106.079859,20.127761,20.18005,106.051823,106.113811,19.58
14563,Khánh Thiện,Khanh Thien,Xã Khánh Thiện,Khanh Thien Commune,Xã,37,Ninh Bình,Ninh Binh,20.216988,106.103582,20.189326,20.255046,106.06896,106.153063,24.51
14608,Khánh Trung,Khanh Trung,Xã Khánh Trung,Khanh Trung Commune,Xã,37,Ninh Bình,Ninh Binh,20.174983,106.148505,20.124069,20.222056,106.119842,106.168397,26.42
13384,Kim Bảng,Kim Bang,Phường Kim Bảng,Kim Bang Ward,Phường,37,Ninh Bình,Ninh Binh,20.585717,105.879698,20.565768,20.604563,105.836701,105.920962,15.22
14638,Kim Sơn,Kim Son,Xã Kim Sơn,Kim Son Commune,Xã,37,Ninh Bình,Ninh Binh,20.107395,106.121187,20.060246,20.14917,106.091904,106.144893,17.6
13402,Kim Thanh,Kim Thanh,Phường Kim Thanh,Kim Thanh Ward,Phường,37,Ninh Bình,Ninh Binh,20.615933,105.900795,20.589,20.641628,105.8733,105.924844,13.49
14698,Kim Đông,Kim Dong,Xã Kim Đông,Kim Dong Commune,Xã,37,Ninh Bình,Ninh Binh,19.944034,106.069261,19.866024,19.984572,106.025984,106.106393,81.82
14674,Lai Thành,Lai Thanh,Xã Lai Thành,Lai Thanh Commune,Xã,37,Ninh Bình,Ninh Binh,20.083599,106.056535,20.049882,20.118223,106.028673,106.096211,22.07
13393,Lê Hồ,Le Ho,Phường Lê Hồ,Le Ho Ward,Phường,37,Ninh Bình,Ninh Binh,20.620827,105.868942,20.585661,20.648232,105.840009,105.895205,22.27
13456,Liêm Hà,Liem Ha,Xã Liêm Hà,Liem Ha Commune,Xã,37,Ninh Bình,Ninh Binh,20.503852,105.952344,20.48081,20.5279,105.914608,105.989188,20.95
13444,Liêm Tuyền,Liem Tuyen,Phường Liêm Tuyền,Liem Tuyen Ward,Phường,37,Ninh Bình,Ninh Binh,20.536874,105.970622,20.513343,20.567473,105.936048,105.999331,21.44
13786,Liên Minh,Lien Minh,Xã Liên Minh,Lien Minh Commune,Xã,37,Ninh Bình,Ninh Binh,20.32804,106.126692,20.300762,20.353255,106.089953,106.170053,31.05
13573,Lý Nhân,Ly Nhan,Xã Lý Nhân,Ly Nhan Commune,Xã,37,Ninh Bình,Ninh Binh,20.600154,106.003793,20.57197,20.627192,105.980695,106.037606,18.38
13435,Lý Thường Kiệt,Ly Thuong Kiet,Phường Lý Thường Kiệt,Ly Thuong Kiet Ward,Phường,37,Ninh Bình,Ninh Binh,20.530631,105.852798,20.477893,20.576016,105.818801,105.894304,53.66
13750,Minh Tân,Minh Tan,Xã Minh Tân,Minh Tan Commune,Xã,37,Ninh Bình,Ninh Binh,20.40736,106.049636,20.362604,20.462595,106.019951,106.082797,33.09
14071,Minh Thái,Minh Thai,Xã Minh Thái,Minh Thai Commune,Xã,37,Ninh Bình,Ninh Binh,20.19411,106.233475,20.159091,20.23689,106.210534,106.254358,23.44
13708,Mỹ Lộc,My Loc,Phường Mỹ Lộc,My Loc Ward,Phường,37,Ninh Bình,Ninh Binh,20.446191,106.098896,20.410635,20.48927,106.042745,106.142722,35.54
14359,Nam Hoa Lư,Nam Hoa Lu,Phường Nam Hoa Lư,Nam Hoa Lu Ward,Phường,37,Ninh Bình,Ninh Binh,20.216151,105.938721,20.172256,20.257379,105.877569,106.000792,54.3
13987,Nam Hồng,Nam Hong,Xã Nam Hồng,Nam Hong Commune,Xã,37,Ninh Bình,Ninh Binh,20.369889,106.253869,20.317609,20.406403,106.227641,106.286662,28.81
13627,Nam Lý,Nam Ly,Xã Nam Lý,Nam Ly Commune,Xã,37,Ninh Bình,Ninh Binh,20.505083,106.160697,20.468375,20.550127,106.138667,106.183549,28.69
14011,Nam Minh,Nam Minh,Xã Nam Minh,Nam Minh Commune,Xã,37,Ninh Bình,Ninh Binh,20.30967,106.198375,20.279944,20.333942,106.158321,106.228295,24.79
14005,Nam Ninh,Nam Ninh,Xã Nam Ninh,Nam Ninh Commune,Xã,37,Ninh Bình,Ninh Binh,20.304261,106.239112,20.261974,20.352705,106.213192,106.268211,25.8
13966,Nam Trực,Nam Truc,Xã Nam Trực,Nam Truc Commune,Xã,37,Ninh Bình,Ninh Binh,20.347456,106.194609,20.324892,20.375077,106.162161,106.225591,20.47
13591,Nam Xang,Nam Xang,Xã Nam Xang,Nam Xang Commune,Xã,37,Ninh Bình,Ninh Binh,20.587876,106.045988,20.55491,20.622326,106.013154,106.076242,22.7
13669,Nam Định,Nam Dinh,Phường Nam Định,Nam Dinh Ward,Phường,37,Ninh Bình,Ninh Binh,20.441384,106.170222,20.403606,20.479964,106.14761,106.196239,19.91
14014,Nam Đồng,Nam Dong,Xã Nam Đồng,Nam Dong Commune,Xã,37,Ninh Bình,Ninh Binh,20.285255,106.178517,20.251178,20.321615,106.147744,106.215647,23.42
13891,Nghĩa Hưng,Nghia Hung,Xã Nghĩa Hưng,Nghia Hung Commune,Xã,37,Ninh Bình,Ninh Binh,20.230516,106.162848,20.202012,20.257441,106.124069,106.197206,26.31
13957,Nghĩa Lâm,Nghia Lam,Xã Nghĩa Lâm,Nghia Lam Commune,Xã,37,Ninh Bình,Ninh Binh,20.019381,106.128272,19.968985,20.056008,106.094827,106.156231,28.1
13918,Nghĩa Sơn,Nghia Son,Xã Nghĩa Sơn,Nghia Son Commune,Xã,37,Ninh Bình,Ninh Binh,20.150708,106.17522,20.098739,20.209863,106.153119,106.202773,26.83
13396,Nguyễn Úy,Nguyen Uy,Phường Nguyễn Úy,Nguyen Uy Ward,Phường,37,Ninh Bình,Ninh Binh,20.621775,105.828555,20.581211,20.664468,105.799283,105.861693,24.21
13609,Nhân Hà,Nhan Ha,Xã Nhân Hà,Nhan Ha Commune,Xã,37,Ninh Bình,Ninh Binh,20.541494,106.13655,20.508241,20.56977,106.10567,106.171611,23.98
14428,Nho Quan,Nho Quan,Xã Nho Quan,Nho Quan Commune,Xã,37,Ninh Bình,Ninh Binh,20.309016,105.735072,20.279676,20.337909,105.692232,105.779428,32.62
14077,Ninh Cường,Ninh Cuong,Xã Ninh Cường,Ninh Cuong Commune,Xã,37,Ninh Bình,Ninh Binh,20.184923,106.200803,20.142354,20.222617,106.17806,106.226177,22.28
14038,Ninh Giang,Ninh Giang,Xã Ninh Giang,Ninh Giang Commune,Xã,37,Ninh Bình,Ninh Binh,20.307272,106.302069,20.271788,20.345516,106.278397,106.330021,23.69
14620,Phát Diệm,Phat Diem,Xã Phát Diệm,Phat Diem Commune,Xã,37,Ninh Bình,Ninh Binh,20.082687,106.090297,20.030577,20.133869,106.060928,106.120338,23.1
13822,Phong Doanh,Phong Doanh,Xã Phong Doanh,Phong Doanh Commune,Xã,37,Ninh Bình,Ninh Binh,20.360062,105.96122,20.319216,20.400411,105.923759,105.999152,34.98
14458,Phú Long,Phu Long,Xã Phú Long,Phu Long Commune,Xã,37,Ninh Bình,Ninh Binh,20.209244,105.769421,20.168391,20.256505,105.692676,105.831292,74.79
13285,Phủ Lý,Phu Ly,Phường Phủ Lý,Phu Ly Ward,Phường,37,Ninh Bình,Ninh Binh,20.530687,105.927954,20.510794,20.550573,105.909303,105.951104,11.84
14407,Phú Sơn,Phu Son,Xã Phú Sơn,Phu Son Commune,Xã,37,Ninh Bình,Ninh Binh,20.363583,105.735482,20.314029,20.412757,105.684824,105.784503,41.12
13291,Phù Vân,Phu Van,Phường Phù Vân,Phu Van Ward,Phường,37,Ninh Bình,Ninh Binh,20.553764,105.89967,20.515309,20.586834,105.877138,105.92059,19.34
14062,Quang Hưng,Quang Hung,Xã Quang Hưng,Quang Hung Commune,Xã,37,Ninh Bình,Ninh Binh,20.237756,106.19991,20.207316,20.263179,106.175371,106.221461,15.89
14647,Quang Thiện,Quang Thien,Xã Quang Thiện,Quang Thien Commune,Xã,37,Ninh Bình,Ninh Binh,20.096684,106.105831,20.053297,20.146064,106.073336,106.136973,20.73
13939,Quỹ Nhất,Quy Nhat,Xã Quỹ Nhất,Quy Nhat Commune,Xã,37,Ninh Bình,Ninh Binh,20.038971,106.171811,19.992557,20.072047,106.126044,106.210108,32.7
14452,Quỳnh Lưu,Quynh Luu,Xã Quỳnh Lưu,Quynh Luu Commune,Xã,37,Ninh Bình,Ninh Binh,20.240493,105.81515,20.212948,20.26555,105.767971,105.851493,26.49
13894,Rạng Đông,Rang Dong,Xã Rạng Đông,Rang Dong Commune,Xã,37,Ninh Bình,Ninh Binh,19.964737,106.139508,19.883826,20.039188,106.089291,106.20492,32.39
13420,Tam Chúc,Tam Chuc,Phường Tam Chúc,Tam Chuc Ward,Phường,37,Ninh Bình,Ninh Binh,20.556582,105.813308,20.498653,20.607827,105.768664,105.866175,46.56
14362,Tam Điệp,Tam Diep,Phường Tam Điệp,Tam Diep Ward,Phường,37,Ninh Bình,Ninh Binh,20.163013,105.860496,20.136067,20.188099,105.792824,105.929397,41.2
13807,Tân Minh,Tan Minh,Xã Tân Minh,Tan Minh Commune,Xã,37,Ninh Bình,Ninh Binh,20.392988,105.994309,20.353998,20.441697,105.942108,106.04748,44.65
13474,Tân Thanh,Tan Thanh,Xã Tân Thanh,Tan Thanh Commune,Xã,37,Ninh Bình,Ninh Binh,20.47547,105.905804,20.449084,20.505027,105.851271,105.960539,36.35
14533,Tây Hoa Lư,Tay Hoa Lu,Phường Tây Hoa Lư,Tay Hoa Lu Ward,Phường,37,Ninh Bình,Ninh Binh,20.270719,105.886468,20.199933,20.327364,105.816084,105.972527,84.96
13483,Thanh Bình,Thanh Binh,Xã Thanh Bình,Thanh Binh Commune,Xã,37,Ninh Bình,Ninh Binh,20.456727,105.967927,20.414842,20.498799,105.947485,105.991163,23.85
13489,Thanh Lâm,Thanh Lam,Xã Thanh Lâm,Thanh Lam Commune,Xã,37,Ninh Bình,Ninh Binh,20.421407,105.89314,20.362789,20.471241,105.852217,105.936761,52.91
13495,Thanh Liêm,Thanh Liem,Xã Thanh Liêm,Thanh Liem Commune,Xã,37,Ninh Bình,Ninh Binh,20.430236,105.931357,20.397622,20.463795,105.906921,105.954812,23.27
13699,Thành Nam,Thanh Nam,Phường Thành Nam,Thanh Nam Ward,Phường,37,Ninh Bình,Ninh Binh,20.403988,106.128982,20.381533,20.429752,106.093403,106.160684,16.03
14434,Thanh Sơn,Thanh Son,Xã Thanh Sơn,Thanh Son Commune,Xã,37,Ninh Bình,Ninh Binh,20.278467,105.785637,20.240602,20.31965,105.74889,105.821087,35.69
13684,Thiên Trường,Thien Truong,Phường Thiên Trường,Thien Truong Ward,Phường,37,Ninh Bình,Ninh Binh,20.459774,106.200356,20.429724,20.484823,106.174055,106.225831,20.53
13363,Tiên Sơn,Tien Son,Phường Tiên Sơn,Tien Son Ward,Phường,37,Ninh Bình,Ninh Binh,20.595133,105.965229,20.55803,20.639917,105.929764,106.005994,23.96
13594,Trần Thương,Tran Thuong,Xã Trần Thương,Tran Thuong Commune,Xã,37,Ninh Bình,Ninh Binh,20.551133,106.104139,20.508601,20.586056,106.071113,106.140753,26.32
14053,Trực Ninh,Truc Ninh,Xã Trực Ninh,Truc Ninh Commune,Xã,37,Ninh Bình,Ninh Binh,20.253689,106.225613,20.22407,20.280884,106.191157,106.253482,17.26
14365,Trung Sơn,Trung Son,Phường Trung Sơn,Trung Son Ward,Phường,37,Ninh Bình,Ninh Binh,20.131088,105.912883,20.101267,20.16206,105.856745,105.968534,38.15
13777,Trường Thi,Truong Thi,Phường Trường Thi,Truong Thi Ward,Phường,37,Ninh Bình,Ninh Binh,20.374029,106.139345,20.339802,20.429795,106.096729,106.171185,31.5
13864,Vạn Thắng,Van Thang,Xã Vạn Thắng,Van Thang Commune,Xã,37,Ninh Bình,Ninh Binh,20.295873,106.054966,20.272454,20.321221,106.014808,106.100573,26.22
13972,Vị Khê,Vi Khe,Phường Vị Khê,Vi Khe Ward,Phường,37,Ninh Bình,Ninh Binh,20.403465,106.2128,20.371312,20.443902,106.180008,106.258411,25.27
13597,Vĩnh Trụ,Vinh Tru,Xã Vĩnh Trụ,Vinh Tru Commune,Xã,37,Ninh Bình,Ninh Binh,20.548201,106.049039,20.524449,20.573351,106.026872,106.075412,17.59
13741,Vụ Bản,Vu Ban,Xã Vụ Bản,Vu Ban Commune,Xã,37,Ninh Bình,Ninh Binh,20.340745,106.08085,20.309336,20.375523,106.055335,106.104507,21.56
13834,Vũ Dương,Vu Duong,Xã Vũ Dương,Vu Duong Commune,Xã,37,Ninh Bình,Ninh Binh,20.341453,106.036628,20.299748,20.370179,105.994307,106.069656,30.59
14104,Xuân Giang,Xuan Giang,Xã Xuân Giang,Xuan Giang Commune,Xã,37,Ninh Bình,Ninh Binh,20.316814,106.386328,20.282551,20.342181,106.335021,106.432695,32.04
14095,Xuân Hồng,Xuan Hong,Xã Xuân Hồng,Xuan Hong Commune,Xã,37,Ninh Bình,Ninh Binh,20.340832,106.334174,20.296098,20.377185,106.296208,106.39554,27.61
14122,Xuân Hưng,Xuan Hung,Xã Xuân Hưng,Xuan Hung Commune,Xã,37,Ninh Bình,Ninh Binh,20.286966,106.368681,20.23925,20.316695,106.344989,106.39968,23.17
14089,Xuân Trường,Xuan Truong,Xã Xuân Trường,Xuan Truong Commune,Xã,37,Ninh Bình,Ninh Binh,20.264744,106.332071,20.216999,20.319624,106.295023,106.360253,33.29
13795,Ý Yên,Y Yen,Xã Ý Yên,Y Yen Commune,Xã,37,Ninh Bình,Ninh Binh,20.302645,105.999129,20.249812,20.35041,105.953954,106.033053,46.73
13870,Yên Cường,Yen Cuong,Xã Yên Cường,Yen Cuong Commune,Xã,37,Ninh Bình,Ninh Binh,20.280354,106.107172,20.245033,20.308805,106.071769,106.143903,32.44
14560,Yên Khánh,Yen Khanh,Xã Yên Khánh,Yen Khanh Commune,Xã,37,Ninh Bình,Ninh Binh,20.192923,106.053187,20.148116,20.225142,106.017258,106.084744,29.88
14743,Yên Mạc,Yen Mac,Xã Yên Mạc,Yen Mac Commune,Xã,37,Ninh Bình,Ninh Binh,20.099473,106.018594,20.058638,20.136979,105.995285,106.04272,20.6
14701,Yên Mô,Yen Mo,Xã Yên Mô,Yen Mo Commune,Xã,37,Ninh Bình,Ninh Binh,20.161964,106.005107,20.130868,20.195586,105.966989,106.043088,28.6
14371,Yên Sơn,Yen Son,Phường Yên Sơn,Yen Son Ward,Phường,37,Ninh Bình,Ninh Binh,20.191981,105.87914,20.162021,20.218809,105.81935,105.938547,35.86
14725,Yên Thắng,Yen Thang,Phường Yên Thắng,Yen Thang Ward,Phường,37,Ninh Bình,Ninh Binh,20.165184,105.964381,20.126525,20.196808,105.927041,106.008887,29.95
14728,Yên Từ,Yen Tu,Xã Yên Từ,Yen Tu Commune,Xã,37,Ninh Bình,Ninh Binh,20.135472,106.040417,20.097574,20.174393,106.020768,106.071224,23.98
13879,Yên Đồng,Yen Dong,Xã Yên Đồng,Yen Dong Commune,Xã,37,Ninh Bình,Ninh Binh,20.250874,106.052054,20.216796,20.282166,106.017013,106.083437,30.53
14500,Đại Hoàng,Dai Hoang,Xã Đại Hoàng,Dai Hoang Commune,Xã,37,Ninh Bình,Ninh Binh,20.316708,105.869294,20.289376,20.350588,105.83549,105.901902,23.75
14677,Định Hoá,Dinh Hoa,Xã Định Hoá,Dinh Hoa Commune,Xã,37,Ninh Bình,Ninh Binh,20.03139,106.088535,19.999863,20.070967,106.061169,106.113309,21.44
13693,Đông A,Dong A,Phường Đông A,Dong A Ward,Phường,37,Ninh Bình,Ninh Binh,20.461751,106.133697,20.411594,20.499677,106.102337,106.163043,22.07
14566,Đông Hoa Lư,Dong Hoa Lu,Phường Đông Hoa Lư,Dong Hoa Lu Ward,Phường,37,Ninh Bình,Ninh Binh,20.223574,106.014346,20.193084,20.255404,105.985188,106.049695,25.62
14746,Đồng Thái,Dong Thai,Xã Đồng Thái,Dong Thai Commune,Xã,37,Ninh Bình,Ninh Binh,20.097626,105.972918,20.065444,20.137424,105.924624,106.015742,47.6
13900,Đồng Thịnh,Dong Thinh,Xã Đồng Thịnh,Dong Thinh Commune,Xã,37,Ninh Bình,Ninh Binh,20.257265,106.132884,20.216079,20.310912,106.097289,106.173434,30.45
13348,Đồng Văn,Dong Van,Phường Đồng Văn,Dong Van Ward,Phường,37,Ninh Bình,Ninh Binh,20.648943,105.941839,20.624375,20.681944,105.915028,105.976972,18.88
15766,An Nông,An Nong,Xã An Nông,An Nong Commune,Xã,38,Thanh Hoá,Thanh Hoa,19.794253,105.637003,19.760707,19.81613,105.594905,105.673276,22.79
14923,Bá Thước,Ba Thuoc,Xã Bá Thước,Ba Thuoc Commune,Xã,38,Thanh Hoá,Thanh Hoa,20.379683,105.2286,20.315484,20.434348,105.160882,105.297879,106.1
16171,Ba Đình,Ba Dinh,Xã Ba Đình,Ba Dinh Commune,Xã,38,Thanh Hoá,Thanh Hoa,20.036501,105.950987,20.005802,20.068842,105.909958,105.997121,27.22
15607,Bát Mọt,Bat Mot,Xã Bát Mọt,Bat Mot Commune,Xã,38,Thanh Hoá,Thanh Hoa,20.013976,105.017474,19.931219,20.096798,104.911925,105.099577,205.73
15382,Biện Thượng,Bien Thuong,Xã Biện Thượng,Bien Thuong Commune,Xã,38,Thanh Hoá,Thanh Hoa,20.018501,105.722107,19.957875,20.064628,105.660897,105.765752,65.4
14812,Bỉm Sơn,Bim Son,Phường Bỉm Sơn,Bim Son Ward,Phường,38,Thanh Hoá,Thanh Hoa,20.074024,105.911708,20.039576,20.110913,105.857923,105.971681,51.84
16591,Các Sơn,Cac Son,Xã Các Sơn,Cac Son Commune,Xã,38,Thanh Hoá,Thanh Hoa,19.52025,105.721725,19.476451,19.577005,105.665429,105.770856,46.88
15178,Cẩm Tân,Cam Tan,Xã Cẩm Tân,Cam Tan Commune,Xã,38,Thanh Hoá,Thanh Hoa,20.155192,105.558275,20.108276,20.214816,105.514939,105.601953,66.63
15142,Cẩm Thạch,Cam Thach,Xã Cẩm Thạch,Cam Thach Commune,Xã,38,Thanh Hoá,Thanh Hoa,20.224013,105.377012,20.170999,20.304806,105.313526,105.454974,106.64
15127,Cẩm Thuỷ,Cam Thuy,Xã Cẩm Thuỷ,Cam Thuy Commune,Xã,38,Thanh Hoá,Thanh Hoa,20.193062,105.497662,20.139694,20.236343,105.438824,105.556221,64.42
15148,Cẩm Tú,Cam Tu,Xã Cẩm Tú,Cam Tu Commune,Xã,38,Thanh Hoá,Thanh Hoa,20.2649,105.443955,20.205363,20.336829,105.364308,105.516776,98.09
15163,Cẩm Vân,Cam Van,Xã Cẩm Vân,Cam Van Commune,Xã,38,Thanh Hoá,Thanh Hoa,20.134609,105.484162,20.069255,20.19071,105.387042,105.585218,88.71
14959,Cổ Lũng,Co Lung,Xã Cổ Lũng,Co Lung Commune,Xã,38,Thanh Hoá,Thanh Hoa,20.48591,105.185513,20.407069,20.573109,105.094986,105.267244,127.05
16369,Công Chính,Cong Chinh,Xã Công Chính,Cong Chinh Commune,Xã,38,Thanh Hoá,Thanh Hoa,19.527579,105.655098,19.478637,19.578558,105.60212,105.690402,54.24
15043,Giao An,Giao An,Xã Giao An,Giao An Commune,Xã,38,Thanh Hoá,Thanh Hoa,20.055349,105.231848,20.003035,20.126029,105.160531,105.28642,113.88
15274,Hà Long,Ha Long,Xã Hà Long,Ha Long Commune,Xã,38,Thanh Hoá,Thanh Hoa,20.101065,105.814476,20.048362,20.155649,105.771296,105.859625,65.43
15271,Hà Trung,Ha Trung,Xã Hà Trung,Ha Trung Commune,Xã,38,Thanh Hoá,Thanh Hoa,19.991748,105.837166,19.967097,20.02094,105.792424,105.887856,34.14
14797,Hạc Thành,Hac Thanh,Phường Hạc Thành,Hac Thanh Ward,Phường,38,Thanh Hoá,Thanh Hoa,19.804079,105.786606,19.76259,19.826898,105.750098,105.822495,24.63
16645,Hải Bình,Hai Binh,Phường Hải Bình,Hai Binh Ward,Phường,38,Thanh Hoá,Thanh Hoa,19.36591,105.763116,19.332584,19.41568,105.723831,105.799244,37.74
16597,Hải Lĩnh,Hai Linh,Phường Hải Lĩnh,Hai Linh Ward,Phường,38,Thanh Hoá,Thanh Hoa,19.489607,105.761683,19.458789,19.519998,105.692603,105.807416,41.18
14758,Hàm Rồng,Ham Rong,Phường Hàm Rồng,Ham Rong Ward,Phường,38,Thanh Hoá,Thanh Hoa,19.845317,105.774805,19.816469,19.877552,105.748108,105.805999,20.88
16012,Hậu Lộc,Hau Loc,Xã Hậu Lộc,Hau Loc Commune,Xã,38,Thanh Hoá,Thanh Hoa,19.916174,105.872531,19.880544,19.953417,105.831019,105.904445,24.92
14896,Hiền Kiệt,Hien Kiet,Xã Hiền Kiệt,Hien Kiet Commune,Xã,38,Thanh Hoá,Thanh Hoa,20.434195,104.815863,20.388144,20.496956,104.701699,104.900468,140.29
16138,Hồ Vương,Ho Vuong,Xã Hồ Vương,Ho Vuong Commune,Xã,38,Thanh Hoá,Thanh Hoa,20.026293,105.99902,19.998336,20.054153,105.97214,106.030597,19.28
16072,Hoa Lộc,Hoa Loc,Xã Hoa Lộc,Hoa Loc Commune,Xã,38,Thanh Hoá,Thanh Hoa,19.920603,105.916263,19.880127,19.971332,105.881124,105.940097,34.69
16186,Hoá Quỳ,Hoa Quy,Xã Hoá Quỳ,Hoa Quy Commune,Xã,38,Thanh Hoá,Thanh Hoa,19.610722,105.431733,19.533478,19.679028,105.3574,105.520146,116.65
15976,Hoằng Châu,Hoang Chau,Xã Hoằng Châu,Hoang Chau Commune,Xã,38,Thanh Hoá,Thanh Hoa,19.804885,105.88703,19.771306,19.846022,105.856054,105.928723,33.31
15880,Hoằng Giang,Hoang Giang,Xã Hoằng Giang,Hoang Giang Commune,Xã,38,Thanh Hoá,Thanh Hoa,19.903441,105.78168,19.861772,19.961484,105.758233,105.823023,30.53
15865,Hoằng Hoá,Hoang Hoa,Xã Hoằng Hoá,Hoang Hoa Commune,Xã,38,Thanh Hoá,Thanh Hoa,19.862194,105.861742,19.832952,19.898611,105.81639,105.900377,35.16
15961,Hoằng Lộc,Hoang Loc,Xã Hoằng Lộc,Hoang Loc Commune,Xã,38,Thanh Hoá,Thanh Hoa,19.807533,105.852242,19.770057,19.840904,105.825895,105.874555,20.57
15889,Hoằng Phú,Hoang Phu,Xã Hoằng Phú,Hoang Phu Commune,Xã,38,Thanh Hoá,Thanh Hoa,19.905886,105.804942,19.882877,19.931076,105.786919,105.823977,15.35
15910,Hoằng Sơn,Hoang Son,Xã Hoằng Sơn,Hoang Son Commune,Xã,38,Thanh Hoá,Thanh Hoa,19.896085,105.835937,19.858912,19.930001,105.80962,105.86869,21.9
16000,Hoằng Thanh,Hoang Thanh,Xã Hoằng Thanh,Hoang Thanh Commune,Xã,38,Thanh Hoá,Thanh Hoa,19.824431,105.914466,19.784629,19.862958,105.883971,105.938829,23.24
15991,Hoằng Tiến,Hoang Tien,Xã Hoằng Tiến,Hoang Tien Commune,Xã,38,Thanh Hoá,Thanh Hoa,19.868076,105.925652,19.839468,19.891071,105.893441,105.965624,23.79
15286,Hoạt Giang,Hoat Giang,Xã Hoạt Giang,Hoat Giang Commune,Xã,38,Thanh Hoá,Thanh Hoa,20.036739,105.859846,20.0089,20.058008,105.817392,105.913806,27.34
14869,Hồi Xuân,Hoi Xuan,Xã Hồi Xuân,Hoi Xuan Commune,Xã,38,Thanh Hoá,Thanh Hoa,20.398832,105.106976,20.330948,20.473253,105.008113,105.188377,117.25
15682,Hợp Tiến,Hop Tien,Xã Hợp Tiến,Hop Tien Commune,Xã,38,Thanh Hoá,Thanh Hoa,19.799939,105.544756,19.753114,19.841527,105.495721,105.601426,43.11
15112,Kiên Thọ,Kien Tho,Xã Kiên Thọ,Kien Tho Commune,Xã,38,Thanh Hoá,Thanh Hoa,19.955349,105.377586,19.920862,19.991893,105.295588,105.442022,56.52
15187,Kim Tân,Kim Tan,Xã Kim Tân,Kim Tan Commune,Xã,38,Thanh Hoá,Thanh Hoa,20.137536,105.667069,20.08365,20.215142,105.609035,105.732183,61.61
15544,Lam Sơn,Lam Son,Xã Lam Sơn,Lam Son Commune,Xã,38,Thanh Hoá,Thanh Hoa,19.909792,105.401618,19.875829,19.940385,105.372975,105.436549,24.9
15055,Linh Sơn,Linh Son,Xã Linh Sơn,Linh Son Commune,Xã,38,Thanh Hoá,Thanh Hoa,20.117994,105.195655,20.059948,20.167941,105.129172,105.27649,96
15298,Lĩnh Toại,Linh Toai,Xã Lĩnh Toại,Linh Toai Commune,Xã,38,Thanh Hoá,Thanh Hoa,20.004065,105.895953,19.960965,20.038458,105.859328,105.923973,30.48
15634,Luận Thành,Luan Thanh,Xã Luận Thành,Luan Thanh Commune,Xã,38,Thanh Hoá,Thanh Hoa,19.828777,105.383136,19.749277,19.887929,105.310318,105.455208,73.48
15628,Lương Sơn,Luong Son,Xã Lương Sơn,Luong Son Commune,Xã,38,Thanh Hoá,Thanh Hoa,19.968403,105.251853,19.921036,20.019489,105.182145,105.31195,79.91
16438,Lưu Vệ,Luu Ve,Xã Lưu Vệ,Luu Ve Commune,Xã,38,Thanh Hoá,Thanh Hoa,19.729814,105.791537,19.70411,19.757846,105.758953,105.824535,26.84
16249,Mậu Lâm,Mau Lam,Xã Mậu Lâm,Mau Lam Commune,Xã,38,Thanh Hoá,Thanh Hoa,19.685054,105.597739,19.638623,19.735989,105.534563,105.644363,64.27
15124,Minh Sơn,Minh Son,Xã Minh Sơn,Minh Son Commune,Xã,38,Thanh Hoá,Thanh Hoa,20.033809,105.39128,19.985351,20.084878,105.304858,105.480957,81.77
14866,Mường Chanh,Muong Chanh,Xã Mường Chanh,Muong Chanh Commune,Xã,38,Thanh Hoá,Thanh Hoa,20.40229,104.466673,20.368517,20.437652,104.404365,104.528633,65.48
14845,Mường Lát,Muong Lat,Xã Mường Lát,Muong Lat Commune,Xã,38,Thanh Hoá,Thanh Hoa,20.536264,104.546529,20.460888,20.610151,104.456486,104.611326,129.66
14854,Mường Lý,Muong Ly,Xã Mường Lý,Muong Ly Commune,Xã,38,Thanh Hoá,Thanh Hoa,20.560616,104.747879,20.522557,20.605494,104.678891,104.831852,83.99
15025,Mường Mìn,Muong Min,Xã Mường Mìn,Muong Min Commune,Xã,38,Thanh Hoá,Thanh Hoa,20.252447,104.73329,20.198516,20.326408,104.659188,104.808774,89.21
15013,Na Mèo,Na Meo,Xã Na Mèo,Na Meo Commune,Xã,38,Thanh Hoá,Thanh Hoa,20.299989,104.658698,20.228385,20.373061,104.609003,104.713048,127.44
16516,Nam Sầm Sơn,Nam Sam Son,Phường Nam Sầm Sơn,Nam Sam Son Ward,Phường,38,Thanh Hoá,Thanh Hoa,19.722534,105.845363,19.699124,19.743709,105.814507,105.880047,18.48
14902,Nam Xuân,Nam Xuan,Xã Nam Xuân,Nam Xuan Commune,Xã,38,Thanh Hoá,Thanh Hoa,20.403541,104.979275,20.333927,20.476923,104.890628,105.078482,131.4
16144,Nga An,Nga An,Xã Nga An,Nga An Commune,Xã,38,Thanh Hoá,Thanh Hoa,20.046605,106.036325,20.016595,20.067949,105.994174,106.07595,28.1
16093,Nga Sơn,Nga Son,Xã Nga Sơn,Nga Son Commune,Xã,38,Thanh Hoá,Thanh Hoa,19.988782,105.978725,19.949806,20.026458,105.952656,106.011652,27.14
16114,Nga Thắng,Nga Thang,Xã Nga Thắng,Nga Thang Commune,Xã,38,Thanh Hoá,Thanh Hoa,19.983599,105.940525,19.938822,20.021549,105.911772,105.963974,27.52
16654,Nghi Sơn,Nghi Son,Phường Nghi Sơn,Nghi Son Ward,Phường,38,Thanh Hoá,Thanh Hoa,19.325933,105.79955,19.287075,19.38355,105.737236,105.937934,42.82
15061,Ngọc Lặc,Ngoc Lac,Xã Ngọc Lặc,Ngoc Lac Commune,Xã,38,Thanh Hoá,Thanh Hoa,20.107985,105.336126,20.057673,20.16237,105.272289,105.400252,90.39
15091,Ngọc Liên,Ngoc Lien,Xã Ngọc Liên,Ngoc Lien Commune,Xã,38,Thanh Hoá,Thanh Hoa,20.077947,105.449611,20.033042,20.120681,105.389061,105.509778,79.99
16576,Ngọc Sơn,Ngoc Son,Phường Ngọc Sơn,Ngoc Son Ward,Phường,38,Thanh Hoá,Thanh Hoa,19.58017,105.781296,19.550392,19.617431,105.739516,105.817605,38.16
15250,Ngọc Trạo,Ngoc Trao,Xã Ngọc Trạo,Ngoc Trao Commune,Xã,38,Thanh Hoá,Thanh Hoa,20.091038,105.733398,20.036097,20.142257,105.665461,105.794443,79.62
15106,Nguyệt Ấn,Nguyet An,Xã Nguyệt Ấn,Nguyet An Commune,Xã,38,Thanh Hoá,Thanh Hoa,20.011681,105.32448,19.948592,20.09079,105.271505,105.392084,98.52
15925,Nguyệt Viên,Nguyet Vien,Phường Nguyệt Viên,Nguyet Vien Ward,Phường,38,Thanh Hoá,Thanh Hoa,19.830542,105.815373,19.786877,19.865613,105.785313,105.846142,22.3
14864,Nhi Sơn,Nhi Son,Xã Nhi Sơn,Nhi Son Commune,Xã,38,Thanh Hoá,Thanh Hoa,20.482053,104.631938,20.446243,20.51181,104.59042,104.679515,38.67
16228,Như Thanh,Nhu Thanh,Xã Như Thanh,Nhu Thanh Commune,Xã,38,Thanh Hoá,Thanh Hoa,19.656273,105.541997,19.596613,19.715298,105.478472,105.608509,84.07
16174,Như Xuân,Nhu Xuan,Xã Như Xuân,Nhu Xuan Commune,Xã,38,Thanh Hoá,Thanh Hoa,19.658303,105.469633,19.607957,19.702984,105.397848,105.526283,69.87
16279,Nông Cống,Nong Cong,Xã Nông Cống,Nong Cong Commune,Xã,38,Thanh Hoá,Thanh Hoa,19.632815,105.65909,19.599766,19.664812,105.59546,105.72479,50.7
14878,Phú Lệ,Phu Le,Xã Phú Lệ,Phu Le Commune,Xã,38,Thanh Hoá,Thanh Hoa,20.526524,105.001814,20.464235,20.579639,104.884751,105.106425,139.5
14890,Phú Xuân,Phu Xuan,Xã Phú Xuân,Phu Xuan Commune,Xã,38,Thanh Hoá,Thanh Hoa,20.465389,105.021889,20.400497,20.524214,104.959837,105.090844,102.36
14956,Pù Luông,Pu Luong,Xã Pù Luông,Pu Luong Commune,Xã,38,Thanh Hoá,Thanh Hoa,20.45868,105.136623,20.401779,20.529601,105.069115,105.19965,81.71
14863,Pù Nhi,Pu Nhi,Xã Pù Nhi,Pu Nhi Commune,Xã,38,Thanh Hoá,Thanh Hoa,20.452703,104.570076,20.408236,20.511467,104.526271,104.618652,65.72
15016,Quan Sơn,Quan Son,Xã Quan Sơn,Quan Son Commune,Xã,38,Thanh Hoá,Thanh Hoa,20.278109,104.936035,20.23283,20.328987,104.859641,105.007448,98.2
16543,Quảng Bình,Quang Binh,Xã Quảng Bình,Quang Binh Commune,Xã,38,Thanh Hoá,Thanh Hoa,19.673863,105.813282,19.64531,19.696851,105.77329,105.846489,23.51
14860,Quang Chiểu,Quang Chieu,Xã Quang Chiểu,Quang Chieu Commune,Xã,38,Thanh Hoá,Thanh Hoa,20.460228,104.453437,20.41306,20.512681,104.374163,104.536449,109.88
16489,Quảng Chính,Quang Chinh,Xã Quảng Chính,Quang Chinh Commune,Xã,38,Thanh Hoá,Thanh Hoa,19.631477,105.780882,19.594074,19.673721,105.750917,105.807124,26.14
16498,Quảng Ngọc,Quang Ngoc,Xã Quảng Ngọc,Quang Ngoc Commune,Xã,38,Thanh Hoá,Thanh Hoa,19.668718,105.747559,19.629213,19.707616,105.713169,105.782039,34.39
16540,Quảng Ninh,Quang Ninh,Xã Quảng Ninh,Quang Ninh Commune,Xã,38,Thanh Hoá,Thanh Hoa,19.699169,105.808197,19.685157,19.716064,105.765086,105.852029,17.1
16522,Quảng Phú,Quang Phu,Phường Quảng Phú,Quang Phu Ward,Phường,38,Thanh Hoá,Thanh Hoa,19.765463,105.815371,19.731959,19.79589,105.756108,105.862654,41.34
14818,Quang Trung,Quang Trung,Phường Quang Trung,Quang Trung Ward,Phường,38,Thanh Hoá,Thanh Hoa,20.092374,105.860584,20.052725,20.13333,105.83336,105.903162,29.22
16480,Quảng Yên,Quang Yen,Xã Quảng Yên,Quang Yen Commune,Xã,38,Thanh Hoá,Thanh Hoa,19.718584,105.73966,19.676024,19.750327,105.711259,105.773471,24.92
15412,Quý Lộc,Quy Loc,Xã Quý Lộc,Quy Loc Commune,Xã,38,Thanh Hoá,Thanh Hoa,20.058588,105.551294,20.022462,20.08664,105.498489,105.613168,38.01
14953,Quý Lương,Quy Luong,Xã Quý Lương,Quy Luong Commune,Xã,38,Thanh Hoá,Thanh Hoa,20.345496,105.35655,20.261845,20.420857,105.28533,105.429662,133.44
16531,Sầm Sơn,Sam Son,Phường Sầm Sơn,Sam Son Ward,Phường,38,Thanh Hoá,Thanh Hoa,19.755051,105.889297,19.720504,19.785795,105.848989,105.932262,30.29
15553,Sao Vàng,Sao Vang,Xã Sao Vàng,Sao Vang Commune,Xã,38,Thanh Hoá,Thanh Hoa,19.876216,105.449771,19.815811,19.934142,105.387674,105.534787,89.27
15010,Sơn Thuỷ,Son Thuy,Xã Sơn Thuỷ,Son Thuy Commune,Xã,38,Thanh Hoá,Thanh Hoa,20.354492,104.742628,20.281511,20.403835,104.639816,104.818407,131.58
15022,Sơn Điện,Son Dien,Xã Sơn Điện,Son Dien Commune,Xã,38,Thanh Hoá,Thanh Hoa,20.275277,104.813981,20.198609,20.340275,104.753484,104.878128,94.37
14848,Tam Chung,Tam Chung,Xã Tam Chung,Tam Chung Commune,Xã,38,Thanh Hoá,Thanh Hoa,20.566086,104.641967,20.500898,20.652479,104.569007,104.701229,121.51
15019,Tam Lư,Tam Lu,Xã Tam Lư,Tam Lu Commune,Xã,38,Thanh Hoá,Thanh Hoa,20.196786,104.941739,20.097861,20.267018,104.831315,105.016043,162.72
15007,Tam Thanh,Tam Thanh,Xã Tam Thanh,Tam Thanh Commune,Xã,38,Thanh Hoá,Thanh Hoa,20.188208,104.846446,20.142499,20.23185,104.764994,104.920914,99.24
16594,Tân Dân,Tan Dan,Phường Tân Dân,Tan Dan Ward,Phường,38,Thanh Hoá,Thanh Hoa,19.536349,105.782039,19.50385,19.563179,105.750625,105.810935,24.59
15715,Tân Ninh,Tan Ninh,Xã Tân Ninh,Tan Ninh Commune,Xã,38,Thanh Hoá,Thanh Hoa,19.754302,105.608977,19.712146,19.80043,105.563681,105.658439,53.63
15661,Tân Thành,Tan Thanh,Xã Tân Thành,Tan Thanh Commune,Xã,38,Thanh Hoá,Thanh Hoa,19.781919,105.365104,19.724071,19.846398,105.303342,105.44183,90.38
16108,Tân Tiến,Tan Tien,Xã Tân Tiến,Tan Tien Commune,Xã,38,Thanh Hoá,Thanh Hoa,19.997094,106.026086,19.954338,20.03419,105.991207,106.060427,28.54
15361,Tây Đô,Tay Do,Xã Tây Đô,Tay Do Commune,Xã,38,Thanh Hoá,Thanh Hoa,20.088697,105.595699,20.059604,20.124312,105.554059,105.644922,35.36
15211,Thạch Bình,Thach Binh,Xã Thạch Bình,Thach Binh Commune,Xã,38,Thanh Hoá,Thanh Hoa,20.18792,105.590651,20.093069,20.27147,105.512128,105.647799,90.47
15085,Thạch Lập,Thach Lap,Xã Thạch Lập,Thach Lap Commune,Xã,38,Thanh Hoá,Thanh Hoa,20.153656,105.363326,20.108883,20.217493,105.246143,105.468411,83.78
15199,Thạch Quảng,Thach Quang,Xã Thạch Quảng,Thach Quang Commune,Xã,38,Thanh Hoá,Thanh Hoa,20.327669,105.489633,20.255873,20.38585,105.409618,105.564925,123.54
16342,Thăng Bình,Thang Binh,Xã Thăng Bình,Thang Binh Commune,Xã,38,Thanh Hoá,Thanh Hoa,19.590931,105.658567,19.56016,19.615294,105.616304,105.705999,34.73
15643,Thắng Lộc,Thang Loc,Xã Thắng Lộc,Thang Loc Commune,Xã,38,Thanh Hoá,Thanh Hoa,19.764059,105.310225,19.708928,19.828378,105.262687,105.373728,73.75
16309,Thắng Lợi,Thang Loi,Xã Thắng Lợi,Thang Loi Commune,Xã,38,Thanh Hoá,Thanh Hoa,19.677169,105.680523,19.64747,19.709117,105.638116,105.736324,40.26
16273,Thanh Kỳ,Thanh Ky,Xã Thanh Kỳ,Thanh Ky Commune,Xã,38,Thanh Hoá,Thanh Hoa,19.444814,105.596668,19.36821,19.520529,105.512963,105.666758,145.26
16213,Thanh Phong,Thanh Phong,Xã Thanh Phong,Thanh Phong Commune,Xã,38,Thanh Hoá,Thanh Hoa,19.608547,105.305867,19.506838,19.689714,105.2238,105.377648,150.21
16222,Thanh Quân,Thanh Quan,Xã Thanh Quân,Thanh Quan Commune,Xã,38,Thanh Hoá,Thanh Hoa,19.698182,105.25375,19.648568,19.746589,105.153107,105.345003,109.22
15229,Thành Vinh,Thanh Vinh,Xã Thành Vinh,Thanh Vinh Commune,Xã,38,Thanh Hoá,Thanh Hoa,20.256636,105.609758,20.193139,20.321702,105.530941,105.696133,115.47
14908,Thiên Phủ,Thien Phu,Xã Thiên Phủ,Thien Phu Commune,Xã,38,Thanh Hoá,Thanh Hoa,20.360927,104.890673,20.301877,20.42369,104.806331,104.979653,147.48
14980,Thiết Ống,Thiet Ong,Xã Thiết Ống,Thiet Ong Commune,Xã,38,Thanh Hoá,Thanh Hoa,20.287443,105.18766,20.211409,20.344844,105.110567,105.242198,94.32
15772,Thiệu Hoá,Thieu Hoa,Xã Thiệu Hoá,Thieu Hoa Commune,Xã,38,Thanh Hoá,Thanh Hoa,19.905591,105.679336,19.87138,19.941776,105.643059,105.719802,36.16
15796,Thiệu Quang,Thieu Quang,Xã Thiệu Quang,Thieu Quang Commune,Xã,38,Thanh Hoá,Thanh Hoa,19.912107,105.733864,19.881909,19.951336,105.689763,105.767609,35.45
15778,Thiệu Tiến,Thieu Tien,Xã Thiệu Tiến,Thieu Tien Commune,Xã,38,Thanh Hoá,Thanh Hoa,19.92578,105.625496,19.891929,19.958033,105.587418,105.659763,23.68
15820,Thiệu Toán,Thieu Toan,Xã Thiệu Toán,Thieu Toan Commune,Xã,38,Thanh Hoá,Thanh Hoa,19.890566,105.614709,19.858945,19.927093,105.58416,105.655303,28.39
15835,Thiệu Trung,Thieu Trung,Xã Thiệu Trung,Thieu Trung Commune,Xã,38,Thanh Hoá,Thanh Hoa,19.864341,105.667412,19.838639,19.884741,105.628014,105.70514,21.82
15667,Thọ Bình,Tho Binh,Xã Thọ Bình,Tho Binh Commune,Xã,38,Thanh Hoá,Thanh Hoa,19.82268,105.470925,19.786114,19.869013,105.426103,105.517871,47.12
15568,Thọ Lập,Tho Lap,Xã Thọ Lập,Tho Lap Commune,Xã,38,Thanh Hoá,Thanh Hoa,19.967678,105.450622,19.928501,20.0069,105.411188,105.492814,33.81
15505,Thọ Long,Tho Long,Xã Thọ Long,Tho Long Commune,Xã,38,Thanh Hoá,Thanh Hoa,19.905815,105.551188,19.881731,19.931013,105.516669,105.587499,22.13
15754,Thọ Ngọc,Tho Ngoc,Xã Thọ Ngọc,Tho Ngoc Commune,Xã,38,Thanh Hoá,Thanh Hoa,19.853986,105.520052,19.819745,19.89121,105.489924,105.543968,27.22
15763,Thọ Phú,Tho Phu,Xã Thọ Phú,Tho Phu Commune,Xã,38,Thanh Hoá,Thanh Hoa,19.859426,105.567239,19.816903,19.891795,105.530561,105.601866,35.12
15499,Thọ Xuân,Tho Xuan,Xã Thọ Xuân,Tho Xuan Commune,Xã,38,Thanh Hoá,Thanh Hoa,19.926232,105.538365,19.900044,19.948024,105.484724,105.594793,27.4
16225,Thượng Ninh,Thuong Ninh,Xã Thượng Ninh,Thuong Ninh Commune,Xã,38,Thanh Hoá,Thanh Hoa,19.707873,105.41075,19.651318,19.75517,105.32942,105.497508,92.61
15646,Thường Xuân,Thuong Xuan,Xã Thường Xuân,Thuong Xuan Commune,Xã,38,Thanh Hoá,Thanh Hoa,19.902591,105.317904,19.845014,19.951183,105.229743,105.394724,83.27
16549,Tiên Trang,Tien Trang,Xã Tiên Trang,Tien Trang Commune,Xã,38,Thanh Hoá,Thanh Hoa,19.628813,105.811009,19.57166,19.665535,105.777962,105.831442,17.75
16561,Tĩnh Gia,Tinh Gia,Phường Tĩnh Gia,Tinh Gia Ward,Phường,38,Thanh Hoá,Thanh Hoa,19.452071,105.776544,19.401563,19.482333,105.726211,105.813866,32.18
15316,Tống Sơn,Tong Son,Xã Tống Sơn,Tong Son Commune,Xã,38,Thanh Hoá,Thanh Hoa,20.014391,105.785857,19.953714,20.079012,105.742768,105.832246,69.36
16021,Triệu Lộc,Trieu Loc,Xã Triệu Lộc,Trieu Loc Commune,Xã,38,Thanh Hoá,Thanh Hoa,19.945127,105.822196,19.917475,19.977656,105.772269,105.863202,29.27
15664,Triệu Sơn,Trieu Son,Xã Triệu Sơn,Trieu Son Commune,Xã,38,Thanh Hoá,Thanh Hoa,19.833734,105.616901,19.803595,19.866339,105.570937,105.663272,41.09
16624,Trúc Lâm,Truc Lam,Phường Trúc Lâm,Truc Lam Ward,Phường,38,Thanh Hoá,Thanh Hoa,19.418771,105.696721,19.359853,19.49229,105.64386,105.770112,81.05
16297,Trung Chính,Trung Chinh,Xã Trung Chính,Trung Chinh Commune,Xã,38,Thanh Hoá,Thanh Hoa,19.720291,105.67328,19.686568,19.755139,105.621671,105.722964,44.09
15001,Trung Hạ,Trung Ha,Xã Trung Hạ,Trung Ha Commune,Xã,38,Thanh Hoá,Thanh Hoa,20.316341,105.045171,20.241533,20.378596,104.950972,105.124193,123.86
14857,Trung Lý,Trung Ly,Xã Trung Lý,Trung Ly Commune,Xã,38,Thanh Hoá,Thanh Hoa,20.497162,104.768561,20.420087,20.582167,104.662835,104.874725,197.5
14875,Trung Sơn,Trung Son,Xã Trung Sơn,Trung Son Commune,Xã,38,Thanh Hoá,Thanh Hoa,20.616086,104.851941,20.561584,20.670085,104.796769,104.914852,76.81
14872,Trung Thành,Trung Thanh,Xã Trung Thành,Trung Thanh Commune,Xã,38,Thanh Hoá,Thanh Hoa,20.573204,104.915931,20.492995,20.670082,104.861946,104.969357,135.64
16636,Trường Lâm,Truong Lam,Xã Trường Lâm,Truong Lam Commune,Xã,38,Thanh Hoá,Thanh Hoa,19.349966,105.686602,19.300195,19.399494,105.629294,105.741662,68.16
16348,Trường Văn,Truong Van,Xã Trường Văn,Truong Van Commune,Xã,38,Thanh Hoá,Thanh Hoa,19.616694,105.729945,19.595542,19.644339,105.686283,105.772726,28.32
16363,Tượng Lĩnh,Tuong Linh,Xã Tượng Lĩnh,Tuong Linh Commune,Xã,38,Thanh Hoá,Thanh Hoa,19.565587,105.711312,19.524765,19.60367,105.677663,105.749593,33.23
15190,Vân Du,Van Du,Xã Vân Du,Van Du Commune,Xã,38,Thanh Hoá,Thanh Hoa,20.170446,105.722727,20.12764,20.224246,105.649918,105.815725,88.53
16078,Vạn Lộc,Van Loc,Xã Vạn Lộc,Van Loc Commune,Xã,38,Thanh Hoá,Thanh Hoa,19.937455,105.965233,19.887519,19.970749,105.93356,106.012158,28.4
14974,Văn Nho,Van Nho,Xã Văn Nho,Van Nho Commune,Xã,38,Thanh Hoá,Thanh Hoa,20.265464,105.128132,20.214331,20.315443,105.082725,105.177588,64.77
15049,Văn Phú,Van Phu,Xã Văn Phú,Van Phu Commune,Xã,38,Thanh Hoá,Thanh Hoa,20.222163,105.090222,20.149907,20.295905,105.007083,105.191678,106.55
15622,Vạn Xuân,Van Xuan,Xã Vạn Xuân,Van Xuan Commune,Xã,38,Thanh Hoá,Thanh Hoa,19.8749,105.232432,19.79748,19.953449,105.149315,105.31181,139.49
15349,Vĩnh Lộc,Vinh Loc,Xã Vĩnh Lộc,Vinh Loc Commune,Xã,38,Thanh Hoá,Thanh Hoa,20.052086,105.639536,20.006231,20.103951,105.586663,105.682218,56.94
16177,Xuân Bình,Xuan Binh,Xã Xuân Bình,Xuan Binh Commune,Xã,38,Thanh Hoá,Thanh Hoa,19.517091,105.405437,19.440921,19.618405,105.273785,105.512963,183.18
15658,Xuân Chinh,Xuan Chinh,Xã Xuân Chinh,Xuan Chinh Commune,Xã,38,Thanh Hoá,Thanh Hoa,19.779512,105.195912,19.711738,19.862517,105.127533,105.29032,172.48
16234,Xuân Du,Xuan Du,Xã Xuân Du,Xuan Du Commune,Xã,38,Thanh Hoá,Thanh Hoa,19.754288,105.516942,19.700752,19.805592,105.447344,105.583162,92.49
15520,Xuân Hoà,Xuan Hoa,Xã Xuân Hoà,Xuan Hoa Commune,Xã,38,Thanh Hoá,Thanh Hoa,19.928869,105.479646,19.889687,19.962287,105.446728,105.514734,28.34
15592,Xuân Lập,Xuan Lap,Xã Xuân Lập,Xuan Lap Commune,Xã,38,Thanh Hoá,Thanh Hoa,19.96239,105.555238,19.919712,19.998912,105.5019,105.606085,34.49
16258,Xuân Thái,Xuan Thai,Xã Xuân Thái,Xuan Thai Commune,Xã,38,Thanh Hoá,Thanh Hoa,19.541076,105.515656,19.463573,19.618739,105.44858,105.575868,120.72
15574,Xuân Tín,Xuan Tin,Xã Xuân Tín,Xuan Tin Commune,Xã,38,Thanh Hoá,Thanh Hoa,19.987654,105.492134,19.938211,20.035908,105.447809,105.534666,31.93
15031,Yên Khương,Yen Khuong,Xã Yên Khương,Yen Khuong Commune,Xã,38,Thanh Hoá,Thanh Hoa,20.145373,105.031545,20.072486,20.216229,104.973056,105.080733,97.89
15610,Yên Nhân,Yen Nhan,Xã Yên Nhân,Yen Nhan Commune,Xã,38,Thanh Hoá,Thanh Hoa,20.008218,105.13331,19.920559,20.120085,105.065317,105.217502,188.7
15442,Yên Ninh,Yen Ninh,Xã Yên Ninh,Yen Ninh Commune,Xã,38,Thanh Hoá,Thanh Hoa,19.979795,105.588556,19.955254,20.006162,105.55059,105.619834,24.67
15409,Yên Phú,Yen Phu,Xã Yên Phú,Yen Phu Commune,Xã,38,Thanh Hoá,Thanh Hoa,20.020821,105.519032,19.984175,20.054093,105.461396,105.565695,42.61
15034,Yên Thắng,Yen Thang,Xã Yên Thắng,Yen Thang Commune,Xã,38,Thanh Hoá,Thanh Hoa,20.142494,105.099273,20.074823,20.220558,105.049721,105.157896,95.22
16264,Yên Thọ,Yen Tho,Xã Yên Thọ,Yen Tho Commune,Xã,38,Thanh Hoá,Thanh Hoa,19.558688,105.59886,19.503553,19.631688,105.553978,105.654306,80.63
15421,Yên Trường,Yen Truong,Xã Yên Trường,Yen Truong Commune,Xã,38,Thanh Hoá,Thanh Hoa,20.01461,105.589461,19.988986,20.04948,105.547805,105.639829,26.95
15469,Yên Định,Yen Dinh,Xã Yên Định,Yen Dinh Commune,Xã,38,Thanh Hoá,Thanh Hoa,19.970323,105.638121,19.934623,20.010941,105.612356,105.671619,29.42
16609,Đào Duy Từ,Dao Duy Tu,Phường Đào Duy Từ,Dao Duy Tu Ward,Phường,38,Thanh Hoá,Thanh Hoa,19.438623,105.736903,19.393885,19.474774,105.692115,105.78357,42.86
14950,Điền Lư,Dien Lu,Xã Điền Lư,Dien Lu Commune,Xã,38,Thanh Hoá,Thanh Hoa,20.313601,105.290301,20.256669,20.368,105.221772,105.346002,66.54
14932,Điền Quang,Dien Quang,Xã Điền Quang,Dien Quang Commune,Xã,38,Thanh Hoá,Thanh Hoa,20.247177,105.274944,20.185568,20.321599,105.217514,105.33818,103.67
15448,Định Hoà,Dinh Hoa,Xã Định Hoà,Dinh Hoa Commune,Xã,38,Thanh Hoá,Thanh Hoa,19.951266,105.706096,19.929474,19.978112,105.649011,105.765452,37.71
15457,Định Tân,Dinh Tan,Xã Định Tân,Dinh Tan Commune,Xã,38,Thanh Hoá,Thanh Hoa,19.988053,105.689003,19.957485,20.017509,105.644499,105.733698,30.67
15058,Đồng Lương,Dong Luong,Xã Đồng Lương,Dong Luong Commune,Xã,38,Thanh Hoá,Thanh Hoa,20.187922,105.220658,20.126198,20.247552,105.157328,105.285368,76.1
16417,Đông Quang,Dong Quang,Phường Đông Quang,Dong Quang Ward,Phường,38,Thanh Hoá,Thanh Hoa,19.768747,105.730249,19.72711,19.808226,105.689381,105.776309,48.6
16378,Đông Sơn,Dong Son,Phường Đông Sơn,Dong Son Ward,Phường,38,Thanh Hoá,Thanh Hoa,19.815288,105.694329,19.787454,19.849935,105.647311,105.758092,41.71
16033,Đông Thành,Dong Thanh,Xã Đông Thành,Dong Thanh Commune,Xã,38,Thanh Hoá,Thanh Hoa,19.960199,105.874694,19.929972,19.986768,105.838735,105.906251,26.38
15724,Đồng Tiến,Dong Tien,Xã Đồng Tiến,Dong Tien Commune,Xã,38,Thanh Hoá,Thanh Hoa,19.768045,105.678878,19.744146,19.790349,105.646089,105.711079,19.96
15853,Đông Tiến,Dong Tien,Phường Đông Tiến,Dong Tien Ward,Phường,38,Thanh Hoá,Thanh Hoa,19.851112,105.727422,19.811503,19.890679,105.6847,105.768635,41.97
17479,An Châu,An Chau,Xã An Châu,An Chau Commune,Xã,40,Nghệ An,Nghe An,18.923734,105.609156,18.876689,18.963707,105.568806,105.639968,34.87
17329,Anh Sơn,Anh Son,Xã Anh Sơn,Anh Son Commune,Xã,40,Nghệ An,Nghe An,18.886301,105.022957,18.759753,19.024762,104.913166,105.123962,196.65
17365,Anh Sơn Đông,Anh Son Dong,Xã Anh Sơn Đông,Anh Son Dong Commune,Xã,40,Nghệ An,Nghe An,18.959758,105.181503,18.926939,18.998341,105.105411,105.246525,65.85
16819,Bắc Lý,Bac Ly,Xã Bắc Lý,Bac Ly Commune,Xã,40,Nghệ An,Nghe An,19.638576,104.237334,19.565528,19.700211,104.156342,104.302582,109.17
17707,Bạch Hà,Bach Ha,Xã Bạch Hà,Bach Ha Commune,Xã,40,Nghệ An,Nghe An,18.82618,105.438924,18.773531,18.885951,105.382279,105.48477,79.28
17623,Bạch Ngọc,Bach Ngoc,Xã Bạch Ngọc,Bach Ngoc Commune,Xã,40,Nghệ An,Nghe An,18.982189,105.26887,18.913668,19.052154,105.22509,105.314076,72.2
17818,Bích Hào,Bich Hao,Xã Bích Hào,Bich Hao Commune,Xã,40,Nghệ An,Nghe An,18.63252,105.408629,18.578481,18.689642,105.330271,105.501595,147.06
17230,Bình Chuẩn,Binh Chuan,Xã Bình Chuẩn,Binh Chuan Commune,Xã,40,Nghệ An,Nghe An,19.251438,104.929524,19.17122,19.352278,104.838584,104.999983,182.19
17515,Bình Minh,Binh Minh,Xã Bình Minh,Binh Minh Commune,Xã,40,Nghệ An,Nghe An,19.108049,105.494253,19.046439,19.165039,105.417764,105.563252,91.08
17242,Cam Phục,Cam Phuc,Xã Cam Phục,Cam Phuc Commune,Xã,40,Nghệ An,Nghe An,19.156016,104.857092,19.086247,19.21447,104.77134,104.984426,162.43
17728,Cát Ngạn,Cat Ngan,Xã Cát Ngạn,Cat Ngan Commune,Xã,40,Nghệ An,Nghe An,18.859975,105.243342,18.820367,18.891263,105.185775,105.297864,59.28
16804,Châu Bình,Chau Binh,Xã Châu Bình,Chau Binh Commune,Xã,40,Nghệ An,Nghe An,19.491337,105.199901,19.42648,19.547581,105.128616,105.295666,130.91
17044,Châu Hồng,Chau Hong,Xã Châu Hồng,Chau Hong Commune,Xã,40,Nghệ An,Nghe An,19.404918,105.080485,19.340112,19.475011,104.992101,105.170735,134.05
17248,Châu Khê,Chau Khe,Xã Châu Khê,Chau Khe Commune,Xã,40,Nghệ An,Nghe An,19.005985,104.688751,18.853085,19.213777,104.529484,104.801634,544.31
17056,Châu Lộc,Chau Loc,Xã Châu Lộc,Chau Loc Commune,Xã,40,Nghệ An,Nghe An,19.385572,105.19036,19.343826,19.429937,105.122519,105.255099,85.69
16792,Châu Tiến,Chau Tien,Xã Châu Tiến,Chau Tien Commune,Xã,40,Nghệ An,Nghe An,19.657807,105.067113,19.539064,19.749102,104.971925,105.173582,247.16
16855,Chiêu Lưu,Chieu Luu,Xã Chiêu Lưu,Chieu Luu Commune,Xã,40,Nghệ An,Nghe An,19.376322,104.339912,19.284602,19.464486,104.240967,104.454837,196.93
17254,Con Cuông,Con Cuong,Xã Con Cuông,Con Cuong Commune,Xã,40,Nghệ An,Nghe An,19.040579,104.848924,18.985967,19.108474,104.771823,104.939854,155.45
16732,Cửa Lò,Cua Lo,Phường Cửa Lò,Cua Lo Ward,Phường,40,Nghệ An,Nghe An,18.788616,105.735013,18.746545,18.832643,105.690494,105.966151,29.09
17464,Diễn Châu,Dien Chau,Xã Diễn Châu,Dien Chau Commune,Xã,40,Nghệ An,Nghe An,18.984766,105.595962,18.957548,19.019038,105.567555,105.620529,22.21
17524,Giai Lạc,Giai Lac,Xã Giai Lạc,Giai Lac Commune,Xã,40,Nghệ An,Nghe An,19.07989,105.44475,19.018378,19.165424,105.369843,105.514441,88.58
17278,Giai Xuân,Giai Xuan,Xã Giai Xuân,Giai Xuan Commune,Xã,40,Nghệ An,Nghe An,19.176946,105.197424,19.12392,19.227583,105.112506,105.274972,121.55
17419,Hải Châu,Hai Chau,Xã Hải Châu,Hai Chau Commune,Xã,40,Nghệ An,Nghe An,19.057567,105.624615,18.981932,19.104673,105.601173,105.657817,29.13
17833,Hải Lộc,Hai Loc,Xã Hải Lộc,Hai Loc Commune,Xã,40,Nghệ An,Nghe An,18.863197,105.658101,18.829494,18.89507,105.603244,105.720128,41.25
17722,Hạnh Lâm,Hanh Lam,Xã Hạnh Lâm,Hanh Lam Commune,Xã,40,Nghệ An,Nghe An,18.800563,105.074874,18.704665,18.879611,104.935459,105.20271,274.57
17770,Hoa Quân,Hoa Quan,Xã Hoa Quân,Hoa Quan Commune,Xã,40,Nghệ An,Nghe An,18.742921,105.274841,18.663241,18.798648,105.20579,105.368875,107.67
17110,Hoàng Mai,Hoang Mai,Phường Hoàng Mai,Hoang Mai Ward,Phường,40,Nghệ An,Nghe An,19.286338,105.672474,19.233932,19.347891,105.622947,105.733675,79.67
17605,Hợp Minh,Hop Minh,Xã Hợp Minh,Hop Minh Commune,Xã,40,Nghệ An,Nghe An,18.928767,105.488986,18.875597,18.984091,105.454515,105.524815,54.75
16801,Hùng Chân,Hung Chan,Xã Hùng Chân,Hung Chan Commune,Xã,40,Nghệ An,Nghe An,19.437424,104.972619,19.323277,19.550746,104.817906,105.121365,351.87
17395,Hùng Châu,Hung Chau,Xã Hùng Châu,Hung Chau Commune,Xã,40,Nghệ An,Nghe An,19.122225,105.562884,19.062669,19.185716,105.488629,105.626937,69.11
18001,Hưng Nguyên,Hung Nguyen,Xã Hưng Nguyên,Hung Nguyen Commune,Xã,40,Nghệ An,Nghe An,18.678137,105.627295,18.625613,18.739986,105.584404,105.695481,46.14
18028,Hưng Nguyên Nam,Hung Nguyen Nam,Xã Hưng Nguyên Nam,Hung Nguyen Nam Commune,Xã,40,Nghệ An,Nghe An,18.618625,105.608011,18.567436,18.656486,105.553953,105.642061,35.77
16828,Huồi Tụ,Huoi Tu,Xã Huồi Tụ,Huoi Tu Commune,Xã,40,Nghệ An,Nghe An,19.52556,104.259685,19.460659,19.583654,104.179985,104.332399,109.03
16885,Hữu Khuông,Huu Khuong,Xã Hữu Khuông,Huu Khuong Commune,Xã,40,Nghệ An,Nghe An,19.485001,104.625698,19.365158,19.588474,104.543855,104.715679,263.79
16849,Hữu Kiệm,Huu Kiem,Xã Hữu Kiệm,Huu Kiem Commune,Xã,40,Nghệ An,Nghe An,19.399885,104.244965,19.300047,19.510258,104.143377,104.348322,188.97
16822,Keng Đu,Keng Du,Xã Keng Đu,Keng Du Commune,Xã,40,Nghệ An,Nghe An,19.624926,104.115662,19.568763,19.682176,104.057514,104.186631,98.24
17791,Kim Bảng,Kim Bang,Xã Kim Bảng,Kim Bang Commune,Xã,40,Nghệ An,Nghe An,18.662181,105.289307,18.587762,18.734805,105.188377,105.40415,183.26
17971,Kim Liên,Kim Lien,Xã Kim Liên,Kim Lien Commune,Xã,40,Nghệ An,Nghe An,18.668097,105.562415,18.628401,18.716667,105.512558,105.608876,61.08
18040,Lam Thành,Lam Thanh,Xã Lam Thành,Lam Thanh Commune,Xã,40,Nghệ An,Nghe An,18.610583,105.661841,18.57471,18.653552,105.620963,105.70638,39.67
16906,Lượng Minh,Luong Minh,Xã Lượng Minh,Luong Minh Commune,Xã,40,Nghệ An,Nghe An,19.399534,104.471154,19.297897,19.498562,104.349683,104.615818,227.97
17641,Lương Sơn,Luong Son,Xã Lương Sơn,Luong Son Commune,Xã,40,Nghệ An,Nghe An,18.947728,105.315976,18.904148,18.986447,105.268493,105.36478,47.39
17239,Mậu Thạch,Mau Thach,Xã Mậu Thạch,Mau Thach Commune,Xã,40,Nghệ An,Nghe An,19.119153,104.961019,19.049391,19.201355,104.871906,105.05009,164.26
17476,Minh Châu,Minh Chau,Xã Minh Châu,Minh Chau Commune,Xã,40,Nghệ An,Nghe An,18.966921,105.545916,18.917228,19.006446,105.512529,105.578973,39.68
17071,Minh Hợp,Minh Hop,Xã Minh Hợp,Minh Hop Commune,Xã,40,Nghệ An,Nghe An,19.266002,105.260402,19.194114,19.349433,105.168005,105.333574,159.97
17263,Môn Sơn,Mon Son,Xã Môn Sơn,Mon Son Commune,Xã,40,Nghệ An,Nghe An,18.888509,104.848236,18.774459,19.001209,104.6688,105.014015,529.42
17089,Mường Chọng,Muong Chong,Xã Mường Chọng,Muong Chong Commune,Xã,40,Nghệ An,Nghe An,19.230571,105.069528,19.166919,19.302121,104.972137,105.179026,173.65
17077,Mường Ham,Muong Ham,Xã Mường Ham,Muong Ham Commune,Xã,40,Nghệ An,Nghe An,19.314934,105.072582,19.25041,19.389286,104.980891,105.169636,160.35
16831,Mường Lống,Muong Long,Xã Mường Lống,Muong Long Commune,Xã,40,Nghệ An,Nghe An,19.497841,104.370862,19.426287,19.579697,104.287194,104.467014,148.31
16774,Mường Quàng,Muong Quang,Xã Mường Quàng,Muong Quang Commune,Xã,40,Nghệ An,Nghe An,19.508405,104.8397,19.412883,19.623659,104.69474,105.006894,342.15
16858,Mường Típ,Muong Tip,Xã Mường Típ,Muong Tip Commune,Xã,40,Nghệ An,Nghe An,19.307845,103.993128,19.229116,19.414557,103.874793,104.088645,217.66
16813,Mường Xén,Muong Xen,Xã Mường Xén,Muong Xen Commune,Xã,40,Nghệ An,Nghe An,19.3627,104.094891,19.296193,19.427715,104.005752,104.183063,182.49
16816,Mỹ Lý,My Ly,Xã Mỹ Lý,My Ly Commune,Xã,40,Nghệ An,Nghe An,19.637957,104.347542,19.54664,19.707579,104.207577,104.448707,211.03
16834,Na Loi,Na Loi,Xã Na Loi,Na Loi Commune,Xã,40,Nghệ An,Nghe An,19.567791,104.177335,19.488365,19.65556,104.104917,104.240587,141.86
16870,Na Ngoi,Na Ngoi,Xã Na Ngoi,Na Ngoi Commune,Xã,40,Nghệ An,Nghe An,19.223862,104.211507,19.110237,19.316355,104.071662,104.337161,341.25
16837,Nậm Cắn,Nam Can,Xã Nậm Cắn,Nam Can Commune,Xã,40,Nghệ An,Nghe An,19.455272,104.152629,19.405656,19.540984,104.06472,104.241273,147.7
17935,Nam Đàn,Nam Dan,Xã Nam Đàn,Nam Dan Commune,Xã,40,Nghệ An,Nghe An,18.750352,105.461328,18.703348,18.793876,105.404097,105.520434,67.6
16903,Nga My,Nga My,Xã Nga My,Nga My Commune,Xã,40,Nghệ An,Nghe An,19.309092,104.819637,19.201669,19.428375,104.736231,104.931775,302.52
17827,Nghi Lộc,Nghi Loc,Xã Nghi Lộc,Nghi Loc Commune,Xã,40,Nghệ An,Nghe An,18.769243,105.63523,18.71864,18.807728,105.610296,105.671553,33.31
17326,Nghĩa Hành,Nghia Hanh,Xã Nghĩa Hành,Nghia Hanh Commune,Xã,40,Nghệ An,Nghe An,19.022066,105.151292,18.975377,19.07089,105.068476,105.2301,112
16972,Nghĩa Hưng,Nghia Hung,Xã Nghĩa Hưng,Nghia Hung Commune,Xã,40,Nghệ An,Nghe An,19.336188,105.351153,19.273474,19.389945,105.300291,105.402795,68.65
17032,Nghĩa Khánh,Nghia Khanh,Xã Nghĩa Khánh,Nghia Khanh Commune,Xã,40,Nghệ An,Nghe An,19.235879,105.368877,19.194793,19.284378,105.300879,105.430597,77.72
16951,Nghĩa Lâm,Nghia Lam,Xã Nghĩa Lâm,Nghia Lam Commune,Xã,40,Nghệ An,Nghe An,19.424303,105.458391,19.374232,19.472725,105.365338,105.551678,121.75
17029,Nghĩa Lộc,Nghia Loc,Xã Nghĩa Lộc,Nghia Loc Commune,Xã,40,Nghệ An,Nghe An,19.220935,105.45568,19.172992,19.266743,105.398624,105.515995,62.93
16975,Nghĩa Mai,Nghia Mai,Xã Nghĩa Mai,Nghia Mai Commune,Xã,40,Nghệ An,Nghe An,19.436064,105.356901,19.348083,19.538989,105.293579,105.450754,146.99
16969,Nghĩa Thọ,Nghia Tho,Xã Nghĩa Thọ,Nghia Tho Commune,Xã,40,Nghệ An,Nghe An,19.356204,105.540128,19.291406,19.426106,105.487611,105.593154,92.19
16941,Nghĩa Đàn,Nghia Dan,Xã Nghĩa Đàn,Nghia Dan Commune,Xã,40,Nghệ An,Nghe An,19.352985,105.473623,19.312156,19.403555,105.426996,105.521004,47.32
17284,Nghĩa Đồng,Nghia Dong,Xã Nghĩa Đồng,Nghia Dong Commune,Xã,40,Nghệ An,Nghe An,19.160019,105.371341,19.118905,19.203084,105.310483,105.435926,72.43
17344,Nhân Hoà,Nhan Hoa,Xã Nhân Hoà,Nhan Hoa Commune,Xã,40,Nghệ An,Nghe An,19.013974,104.976168,18.947093,19.063396,104.899372,105.04873,86.88
16882,Nhôn Mai,Nhon Mai,Xã Nhôn Mai,Nhon Mai Commune,Xã,40,Nghệ An,Nghe An,19.56739,104.498236,19.468241,19.658628,104.381925,104.634882,310.26
17857,Phúc Lộc,Phuc Loc,Xã Phúc Lộc,Phuc Loc Commune,Xã,40,Nghệ An,Nghe An,18.79984,105.542899,18.752948,18.860558,105.48668,105.590109,70.5
17569,Quan Thành,Quan Thanh,Xã Quan Thành,Quan Thanh Commune,Xã,40,Nghệ An,Nghe An,18.978562,105.436227,18.944073,19.01162,105.387837,105.480576,37.71
17443,Quảng Châu,Quang Chau,Xã Quảng Châu,Quang Chau Commune,Xã,40,Nghệ An,Nghe An,19.019759,105.548587,18.987773,19.049997,105.512334,105.581445,26.4
17521,Quang Đồng,Quang Dong,Xã Quang Đồng,Quang Dong Commune,Xã,40,Nghệ An,Nghe An,19.04085,105.390558,18.97996,19.108244,105.331681,105.441057,75.61
16738,Quế Phong,Que Phong,Xã Quế Phong,Que Phong Commune,Xã,40,Nghệ An,Nghe An,19.640458,104.844125,19.532928,19.756426,104.694657,104.994773,276.57
16777,Quỳ Châu,Quy Chau,Xã Quỳ Châu,Quy Chau Commune,Xã,40,Nghệ An,Nghe An,19.581584,105.162626,19.473008,19.68111,105.038508,105.28307,327.53
17035,Quỳ Hợp,Quy Hop,Xã Quỳ Hợp,Quy Hop Commune,Xã,40,Nghệ An,Nghe An,19.312603,105.184639,19.24529,19.361286,105.121092,105.252377,90.07
17176,Quỳnh Anh,Quynh Anh,Xã Quỳnh Anh,Quynh Anh Commune,Xã,40,Nghệ An,Nghe An,19.158678,105.698831,19.126771,19.222586,105.660584,105.740918,39.8
17179,Quỳnh Lưu,Quynh Luu,Xã Quỳnh Lưu,Quynh Luu Commune,Xã,40,Nghệ An,Nghe An,19.133546,105.635391,19.097739,19.179452,105.57657,105.673692,40.55
17125,Quỳnh Mai,Quynh Mai,Phường Quỳnh Mai,Quynh Mai Ward,Phường,40,Nghệ An,Nghe An,19.221109,105.705201,19.185311,19.260478,105.666451,105.756794,40.5
17212,Quỳnh Phú,Quynh Phu,Xã Quỳnh Phú,Quynh Phu Commune,Xã,40,Nghệ An,Nghe An,19.111046,105.694425,19.082406,19.137654,105.639048,105.738383,33.48
17170,Quỳnh Sơn,Quynh Son,Xã Quỳnh Sơn,Quynh Son Commune,Xã,40,Nghệ An,Nghe An,19.174359,105.597513,19.131573,19.21543,105.547414,105.651046,61.21
17149,Quỳnh Tam,Quynh Tam,Xã Quỳnh Tam,Quynh Tam Commune,Xã,40,Nghệ An,Nghe An,19.201659,105.51961,19.136142,19.269426,105.433356,105.60166,103.4
17224,Quỳnh Thắng,Quynh Thang,Xã Quỳnh Thắng,Quynh Thang Commune,Xã,40,Nghệ An,Nghe An,19.304207,105.594679,19.232181,19.382612,105.529599,105.653617,107.99
17143,Quỳnh Văn,Quynh Van,Xã Quỳnh Văn,Quynh Van Commune,Xã,40,Nghệ An,Nghe An,19.215516,105.645061,19.160904,19.271844,105.593344,105.693086,53.35
17759,Sơn Lâm,Son Lam,Xã Sơn Lâm,Son Lam Commune,Xã,40,Nghệ An,Nghe An,18.729423,105.161853,18.646112,18.799599,105.071637,105.237767,162.94
17059,Tam Hợp,Tam Hop,Xã Tam Hợp,Tam Hop Commune,Xã,40,Nghệ An,Nghe An,19.400058,105.271202,19.283688,19.477541,105.186864,105.333506,135.97
16933,Tam Quang,Tam Quang,Xã Tam Quang,Tam Quang Commune,Xã,40,Nghệ An,Nghe An,19.115552,104.582693,18.980128,19.288938,104.400733,104.731848,507.95
16936,Tam Thái,Tam Thai,Xã Tam Thái,Tam Thai Commune,Xã,40,Nghệ An,Nghe An,19.150311,104.455699,19.054091,19.303022,104.301657,104.576981,356.01
17743,Tam Đồng,Tam Dong,Xã Tam Đồng,Tam Dong Commune,Xã,40,Nghệ An,Nghe An,18.809245,105.238985,18.773225,18.847724,105.187284,105.304268,53.38
17305,Tân An,Tan An,Xã Tân An,Tan An Commune,Xã,40,Nghệ An,Nghe An,19.082966,105.184213,19.010303,19.143519,105.122434,105.247986,90.41
17488,Tân Châu,Tan Chau,Xã Tân Châu,Tan Chau Commune,Xã,40,Nghệ An,Nghe An,18.902537,105.563986,18.858188,18.951626,105.511887,105.60753,64.6
17266,Tân Kỳ,Tan Ky,Xã Tân Kỳ,Tan Ky Commune,Xã,40,Nghệ An,Nghe An,19.075315,105.299182,19.004052,19.143695,105.210889,105.393934,116.5
17128,Tân Mai,Tan Mai,Phường Tân Mai,Tan Mai Ward,Phường,40,Nghệ An,Nghe An,19.270604,105.753954,19.224885,19.323476,105.710008,105.805989,51.61
17272,Tân Phú,Tan Phu,Xã Tân Phú,Tan Phu Commune,Xã,40,Nghệ An,Nghe An,19.153007,105.291191,19.075031,19.221491,105.233556,105.359548,93.32
17011,Tây Hiếu,Tay Hieu,Phường Tây Hiếu,Tay Hieu Ward,Phường,40,Nghệ An,Nghe An,19.294924,105.393825,19.24917,19.344029,105.344395,105.432155,43.96
16939,Thái Hoà,Thai Hoa,Phường Thái Hoà,Thai Hoa Ward,Phường,40,Nghệ An,Nghe An,19.308115,105.431462,19.245924,19.360375,105.399755,105.45849,27.09
17842,Thần Lĩnh,Than Linh,Xã Thần Lĩnh,Than Linh Commune,Xã,40,Nghệ An,Nghe An,18.832752,105.598746,18.792042,18.866935,105.561094,105.647552,44.69
17335,Thành Bình Thọ,Thanh Binh Tho,Xã Thành Bình Thọ,Thanh Binh Tho Commune,Xã,40,Nghệ An,Nghe An,19.08504,105.034623,19.021629,19.174147,104.970906,105.091699,88.18
16681,Thành Vinh,Thanh Vinh,Phường Thành Vinh,Thanh Vinh Ward,Phường,40,Nghệ An,Nghe An,18.674968,105.660016,18.650405,18.697918,105.635781,105.687992,15.54
17989,Thiên Nhẫn,Thien Nhan,Xã Thiên Nhẫn,Thien Nhan Commune,Xã,40,Nghệ An,Nghe An,18.597105,105.553727,18.55212,18.645471,105.495273,105.614617,70.81
16744,Thông Thụ,Thong Thu,Xã Thông Thụ,Thong Thu Commune,Xã,40,Nghệ An,Nghe An,19.856877,104.995745,19.732083,19.99777,104.832326,105.188182,706.75
17689,Thuần Trung,Thuan Trung,Xã Thuần Trung,Thuan Trung Commune,Xã,40,Nghệ An,Nghe An,18.84866,105.339167,18.808729,18.886941,105.276183,105.404491,49.26
16750,Tiền Phong,Tien Phong,Xã Tiền Phong,Tien Phong Commune,Xã,40,Nghệ An,Nghe An,19.709978,104.914228,19.59908,19.791342,104.757312,105.083634,319.02
17287,Tiên Đồng,Tien Dong,Xã Tiên Đồng,Tien Dong Commune,Xã,40,Nghệ An,Nghe An,19.120078,105.105122,19.061459,19.185023,105.045096,105.16808,119.62
16756,Tri Lễ,Tri Le,Xã Tri Lễ,Tri Le Commune,Xã,40,Nghệ An,Nghe An,19.606905,104.715859,19.499331,19.723897,104.627818,104.80611,243.95
17866,Trung Lộc,Trung Loc,Xã Trung Lộc,Trung Loc Commune,Xã,40,Nghệ An,Nghe An,18.823069,105.659962,18.784842,18.856197,105.618492,105.698162,31.35
16690,Trường Vinh,Truong Vinh,Phường Trường Vinh,Truong Vinh Ward,Phường,40,Nghệ An,Nghe An,18.672473,105.714622,18.639603,18.704255,105.653968,105.768562,34.22
16876,Tương Dương,Tuong Duong,Xã Tương Dương,Tuong Duong Commune,Xã,40,Nghệ An,Nghe An,19.247269,104.39402,19.124385,19.347193,104.266658,104.539826,330.95
17950,Vạn An,Van An,Xã Vạn An,Van An Commune,Xã,40,Nghệ An,Nghe An,18.686205,105.491676,18.633382,18.736536,105.43984,105.543723,56.37
17560,Vân Du,Van Du,Xã Vân Du,Van Du Commune,Xã,40,Nghệ An,Nghe An,18.988192,105.351914,18.915447,19.062689,105.298093,105.407286,84.3
17677,Văn Hiến,Van Hien,Xã Văn Hiến,Van Hien Commune,Xã,40,Nghệ An,Nghe An,18.883719,105.391201,18.842506,18.932316,105.342186,105.461402,55.53
17854,Văn Kiều,Van Kieu,Xã Văn Kiều,Van Kieu Commune,Xã,40,Nghệ An,Nghe An,18.842245,105.502662,18.779561,18.897822,105.466058,105.552677,63.46
17611,Vân Tụ,Van Tu,Xã Vân Tụ,Van Tu Commune,Xã,40,Nghệ An,Nghe An,18.924996,105.428277,18.887894,18.97996,105.376108,105.472209,48.73
17920,Vinh Hưng,Vinh Hung,Phường Vinh Hưng,Vinh Hung Ward,Phường,40,Nghệ An,Nghe An,18.724226,105.655437,18.68607,18.764126,105.633867,105.675062,25.47
16708,Vinh Lộc,Vinh Loc,Phường Vinh Lộc,Vinh Loc Ward,Phường,40,Nghệ An,Nghe An,18.724424,105.721896,18.684104,18.767332,105.689617,105.7578,38.86
16702,Vinh Phú,Vinh Phu,Phường Vinh Phú,Vinh Phu Ward,Phường,40,Nghệ An,Nghe An,18.721622,105.686427,18.686544,18.759995,105.667556,105.713561,23.04
17357,Vĩnh Tường,Vinh Tuong,Xã Vĩnh Tường,Vinh Tuong Commune,Xã,40,Nghệ An,Nghe An,18.943769,105.027814,18.887993,18.998002,104.972194,105.082002,76.44
17779,Xuân Lâm,Xuan Lam,Xã Xuân Lâm,Xuan Lam Commune,Xã,40,Nghệ An,Nghe An,18.726405,105.406472,18.675059,18.781744,105.349604,105.469661,60.88
16909,Yên Hoà,Yen Hoa,Xã Yên Hoà,Yen Hoa Commune,Xã,40,Nghệ An,Nghe An,19.282477,104.694705,19.198082,19.373024,104.613939,104.769308,211.01
16912,Yên Na,Yen Na,Xã Yên Na,Yen Na Commune,Xã,40,Nghệ An,Nghe An,19.365837,104.618597,19.278513,19.462179,104.45318,104.788108,297.32
17506,Yên Thành,Yen Thanh,Xã Yên Thành,Yen Thanh Commune,Xã,40,Nghệ An,Nghe An,19.001542,105.482645,18.966851,19.027678,105.42563,105.532343,38.13
18007,Yên Trung,Yen Trung,Xã Yên Trung,Yen Trung Commune,Xã,40,Nghệ An,Nghe An,18.755869,105.590797,18.713378,18.803649,105.552362,105.617175,37.74
17380,Yên Xuân,Yen Xuan,Xã Yên Xuân,Yen Xuan Commune,Xã,40,Nghệ An,Nghe An,18.904899,105.163817,18.860389,18.950585,105.089302,105.254926,90.41
17944,Đại Huệ,Dai Hue,Xã Đại Huệ,Dai Hue Commune,Xã,40,Nghệ An,Nghe An,18.724895,105.545631,18.689704,18.764007,105.511865,105.58486,36.11
17713,Đại Đồng,Dai Dong,Xã Đại Đồng,Dai Dong Commune,Xã,40,Nghệ An,Nghe An,18.796655,105.34104,18.749527,18.849464,105.274423,105.400419,77.87
17662,Đô Lương,Do Luong,Xã Đô Lương,Do Luong Commune,Xã,40,Nghệ An,Nghe An,18.899587,105.294704,18.869942,18.934916,105.220457,105.357377,50.06
17017,Đông Hiếu,Dong Hieu,Xã Đông Hiếu,Dong Hieu Commune,Xã,40,Nghệ An,Nghe An,19.278116,105.488028,19.230093,19.320942,105.42517,105.536096,63.87
17878,Đông Lộc,Dong Loc,Xã Đông Lộc,Dong Loc Commune,Xã,40,Nghệ An,Nghe An,18.785551,105.689965,18.751257,18.824956,105.662051,105.726185,29.32
17530,Đông Thành,Dong Thanh,Xã Đông Thành,Dong Thanh Commune,Xã,40,Nghệ An,Nghe An,19.051107,105.538847,19.016181,19.086754,105.49158,105.58012,30.2
17416,Đức Châu,Duc Chau,Xã Đức Châu,Duc Chau Commune,Xã,40,Nghệ An,Nghe An,19.036687,105.590211,19.001376,19.067946,105.569318,105.612994,20.97
18115,Bắc Hồng Lĩnh,Bac Hong Linh,Phường Bắc Hồng Lĩnh,Bac Hong Linh Ward,Phường,42,Hà Tĩnh,Ha Tinh,18.559966,105.695107,18.527126,18.594644,105.660682,105.722349,35.31
18685,Cẩm Bình,Cam Binh,Xã Cẩm Bình,Cam Binh Commune,Xã,42,Hà Tĩnh,Ha Tinh,18.294962,105.945786,18.256969,18.327842,105.904211,105.986451,33.14
18739,Cẩm Duệ,Cam Due,Xã Cẩm Duệ,Cam Due Commune,Xã,42,Hà Tĩnh,Ha Tinh,18.163231,105.93213,18.054938,18.286281,105.854699,106.005014,193.57
18736,Cẩm Hưng,Cam Hung,Xã Cẩm Hưng,Cam Hung Commune,Xã,42,Hà Tĩnh,Ha Tinh,18.155979,106.024857,18.034359,18.255688,105.983239,106.088382,103.8
18748,Cẩm Lạc,Cam Lac,Xã Cẩm Lạc,Cam Lac Commune,Xã,42,Hà Tĩnh,Ha Tinh,18.160739,106.085569,18.090119,18.229243,106.036198,106.14323,115.86
18742,Cẩm Trung,Cam Trung,Xã Cẩm Trung,Cam Trung Commune,Xã,42,Hà Tĩnh,Ha Tinh,18.237867,106.113839,18.204882,18.268393,106.080741,106.152508,32.72
18673,Cẩm Xuyên,Cam Xuyen,Xã Cẩm Xuyên,Cam Xuyen Commune,Xã,42,Hà Tĩnh,Ha Tinh,18.222681,105.985349,18.134216,18.299788,105.949742,106.01827,82.98
18406,Can Lộc,Can Loc,Xã Can Lộc,Can Loc Commune,Xã,42,Hà Tĩnh,Ha Tinh,18.484717,105.767002,18.417298,18.551506,105.723841,105.813097,65.7
18394,Cổ Đạm,Co Dam,Xã Cổ Đạm,Co Dam Commune,Xã,42,Hà Tĩnh,Ha Tinh,18.574577,105.806947,18.523331,18.628751,105.760704,105.865934,62.67
18466,Gia Hanh,Gia Hanh,Xã Gia Hanh,Gia Hanh Commune,Xã,42,Hà Tĩnh,Ha Tinh,18.440114,105.702768,18.37114,18.496638,105.646867,105.753002,45.39
18652,Hà Huy Tập,Ha Huy Tap,Phường Hà Huy Tập,Ha Huy Tap Ward,Phường,42,Hà Tĩnh,Ha Tinh,18.305601,105.882712,18.273733,18.344089,105.834885,105.922046,32.62
18502,Hà Linh,Ha Linh,Xã Hà Linh,Ha Linh Commune,Xã,42,Hà Tĩnh,Ha Tinh,18.321381,105.66955,18.263008,18.393299,105.588185,105.761082,140.43
18781,Hải Ninh,Hai Ninh,Phường Hải Ninh,Hai Ninh Ward,Phường,42,Hà Tĩnh,Ha Tinh,18.112815,106.325049,18.078363,18.155835,106.281716,106.372935,39.37
18832,Hoành Sơn,Hoanh Son,Phường Hoành Sơn,Hoanh Son Ward,Phường,42,Hà Tĩnh,Ha Tinh,17.999699,106.440003,17.949547,18.067816,106.39409,106.510723,70.48
18409,Hồng Lộc,Hong Loc,Xã Hồng Lộc,Hong Loc Commune,Xã,42,Hà Tĩnh,Ha Tinh,18.501542,105.834464,18.458426,18.545651,105.810751,105.864587,33.78
18523,Hương Bình,Huong Binh,Xã Hương Bình,Huong Binh Commune,Xã,42,Hà Tĩnh,Ha Tinh,18.249399,105.560107,18.175955,18.31391,105.451557,105.680043,215.56
18496,Hương Khê,Huong Khe,Xã Hương Khê,Huong Khe Commune,Xã,42,Hà Tĩnh,Ha Tinh,18.162516,105.584089,18.08023,18.221417,105.500038,105.71709,165.89
18532,Hương Phố,Huong Pho,Xã Hương Phố,Huong Pho Commune,Xã,42,Hà Tĩnh,Ha Tinh,18.243135,105.738729,18.173464,18.299487,105.657018,105.829453,135.68
18133,Hương Sơn,Huong Son,Xã Hương Sơn,Huong Son Commune,Xã,42,Hà Tĩnh,Ha Tinh,18.516762,105.452099,18.479587,18.544785,105.412122,105.508421,32.62
18544,Hương Xuân,Huong Xuan,Xã Hương Xuân,Huong Xuan Commune,Xã,42,Hà Tĩnh,Ha Tinh,18.076632,105.654502,17.991837,18.17793,105.56865,105.740172,263.14
18550,Hương Đô,Huong Do,Xã Hương Đô,Huong Do Commune,Xã,42,Hà Tĩnh,Ha Tinh,18.178485,105.786089,18.091324,18.257684,105.690152,105.869532,140.83
18223,Kim Hoa,Kim Hoa,Xã Kim Hoa,Kim Hoa Commune,Xã,42,Hà Tĩnh,Ha Tinh,18.465461,105.450368,18.407566,18.516257,105.370497,105.51145,88.28
18775,Kỳ Anh,Ky Anh,Xã Kỳ Anh,Ky Anh Commune,Xã,42,Hà Tĩnh,Ha Tinh,18.18296,106.221535,18.147104,18.222683,106.172309,106.280271,64.74
18814,Kỳ Hoa,Ky Hoa,Xã Kỳ Hoa,Ky Hoa Commune,Xã,42,Hà Tĩnh,Ha Tinh,18.033732,106.259375,17.970405,18.087975,106.209043,106.299309,73.28
18790,Kỳ Khang,Ky Khang,Xã Kỳ Khang,Ky Khang Commune,Xã,42,Hà Tĩnh,Ha Tinh,18.136169,106.271285,18.085913,18.182425,106.219488,106.312133,48.85
18838,Kỳ Lạc,Ky Lac,Xã Kỳ Lạc,Ky Lac Commune,Xã,42,Hà Tĩnh,Ha Tinh,17.983311,106.224869,17.913805,18.08154,106.135179,106.337989,169.13
18844,Kỳ Thượng,Ky Thuong,Xã Kỳ Thượng,Ky Thuong Commune,Xã,42,Hà Tĩnh,Ha Tinh,18.009608,106.100957,17.916572,18.124388,106.014165,106.197931,218.82
18787,Kỳ Văn,Ky Van,Xã Kỳ Văn,Ky Van Commune,Xã,42,Hà Tĩnh,Ha Tinh,18.099349,106.180778,18.035218,18.159685,106.10621,106.279079,135.75
18766,Kỳ Xuân,Ky Xuan,Xã Kỳ Xuân,Ky Xuan Commune,Xã,42,Hà Tĩnh,Ha Tinh,18.208619,106.164355,18.132513,18.311586,106.125415,106.229244,72.94
18568,Lộc Hà,Loc Ha,Xã Lộc Hà,Loc Ha Commune,Xã,42,Hà Tĩnh,Ha Tinh,18.482829,105.881158,18.444761,18.528252,105.844096,105.924085,35.63
18322,Mai Hoa,Mai Hoa,Xã Mai Hoa,Mai Hoa Commune,Xã,42,Hà Tĩnh,Ha Tinh,18.443099,105.516976,18.393653,18.493704,105.478938,105.553148,45.85
18583,Mai Phụ,Mai Phu,Xã Mai Phụ,Mai Phu Commune,Xã,42,Hà Tĩnh,Ha Tinh,18.437321,105.879175,18.406778,18.472475,105.84498,105.920089,31.93
18118,Nam Hồng Lĩnh,Nam Hong Linh,Phường Nam Hồng Lĩnh,Nam Hong Linh Ward,Phường,42,Hà Tĩnh,Ha Tinh,18.518407,105.720097,18.487498,18.556214,105.676722,105.765968,36.47
18352,Nghi Xuân,Nghi Xuan,Xã Nghi Xuân,Nghi Xuan Commune,Xã,42,Hà Tĩnh,Ha Tinh,18.611781,105.73277,18.544774,18.673167,105.688729,105.769698,77.65
18547,Phúc Trạch,Phuc Trach,Xã Phúc Trạch,Phuc Trach Commune,Xã,42,Hà Tĩnh,Ha Tinh,18.093515,105.80882,18.016968,18.169667,105.721211,105.931142,201.42
18184,Sơn Giang,Son Giang,Xã Sơn Giang,Son Giang Commune,Xã,42,Hà Tĩnh,Ha Tinh,18.534419,105.378939,18.469835,18.590796,105.325269,105.433276,86.32
18160,Sơn Hồng,Son Hong,Xã Sơn Hồng,Son Hong Commune,Xã,42,Hà Tĩnh,Ha Tinh,18.562164,105.240317,18.503193,18.623799,105.114893,105.357149,209.04
18196,Sơn Kim 1,Son Kim 1,Xã Sơn Kim 1,Commune Son Kim 1,Xã,42,Hà Tĩnh,Ha Tinh,18.447525,105.186339,18.314531,18.529688,105.10387,105.295152,223.21
18199,Sơn Kim 2,Son Kim 2,Xã Sơn Kim 2,Commune Son Kim 2,Xã,42,Hà Tĩnh,Ha Tinh,18.367703,105.277034,18.268014,18.462742,105.207474,105.350184,208.46
18172,Sơn Tây,Son Tay,Xã Sơn Tây,Son Tay Commune,Xã,42,Hà Tĩnh,Ha Tinh,18.464411,105.3175,18.369511,18.535789,105.198528,105.395435,129.21
18163,Sơn Tiến,Son Tien,Xã Sơn Tiến,Son Tien Commune,Xã,42,Hà Tĩnh,Ha Tinh,18.571798,105.469836,18.532586,18.613933,105.397613,105.531475,80.97
18754,Sông Trí,Song Tri,Phường Sông Trí,Song Tri Ward,Phường,42,Hà Tĩnh,Ha Tinh,18.046729,106.324802,17.991114,18.095736,106.282504,106.376063,69.9
18562,Thạch Hà,Thach Ha,Xã Thạch Hà,Thach Ha Commune,Xã,42,Hà Tĩnh,Ha Tinh,18.386277,105.853638,18.341744,18.43314,105.822958,105.880798,31.18
18604,Thạch Khê,Thach Khe,Xã Thạch Khê,Thach Khe Commune,Xã,42,Hà Tĩnh,Ha Tinh,18.412378,105.941485,18.367239,18.472033,105.902701,105.982583,46.32
18628,Thạch Lạc,Thach Lac,Xã Thạch Lạc,Thach Lac Commune,Xã,42,Hà Tĩnh,Ha Tinh,18.350518,105.953765,18.315746,18.396873,105.919103,105.993258,27.6
18667,Thạch Xuân,Thach Xuan,Xã Thạch Xuân,Thach Xuan Commune,Xã,42,Hà Tĩnh,Ha Tinh,18.257874,105.860406,18.171198,18.313372,105.802469,105.919619,72.53
18073,Thành Sen,Thanh Sen,Phường Thành Sen,Thanh Sen Ward,Phường,42,Hà Tĩnh,Ha Tinh,18.34188,105.902868,18.308077,18.370695,105.860345,105.938824,28.23
18676,Thiên Cầm,Thien Cam,Xã Thiên Cầm,Thien Cam Commune,Xã,42,Hà Tĩnh,Ha Tinh,18.267122,106.058026,18.240483,18.297861,106.00849,106.118711,40.55
18328,Thượng Đức,Thuong Duc,Xã Thượng Đức,Thuong Duc Commune,Xã,42,Hà Tĩnh,Ha Tinh,18.393298,105.573402,18.361536,18.42963,105.512294,105.636698,58.32
18373,Tiên Điền,Tien Dien,Xã Tiên Điền,Tien Dien Commune,Xã,42,Hà Tĩnh,Ha Tinh,18.639782,105.781743,18.601879,18.67326,105.750731,105.813184,31.6
18634,Toàn Lưu,Toan Luu,Xã Toàn Lưu,Toan Luu Commune,Xã,42,Hà Tĩnh,Ha Tinh,18.323556,105.802394,18.279118,18.36032,105.750296,105.857746,60.65
18100,Trần Phú,Tran Phu,Phường Trần Phú,Tran Phu Ward,Phường,42,Hà Tĩnh,Ha Tinh,18.384054,105.89728,18.351095,18.41862,105.865145,105.931791,29.5
18436,Trường Lưu,Truong Luu,Xã Trường Lưu,Truong Luu Commune,Xã,42,Hà Tĩnh,Ha Tinh,18.452023,105.66456,18.387949,18.513805,105.632556,105.701436,49.92
18202,Tứ Mỹ,Tu My,Xã Tứ Mỹ,Tu My Commune,Xã,42,Hà Tĩnh,Ha Tinh,18.520302,105.523117,18.481026,18.561152,105.482733,105.553998,38.68
18418,Tùng Lộc,Tung Loc,Xã Tùng Lộc,Tung Loc Commune,Xã,42,Hà Tĩnh,Ha Tinh,18.490215,105.803991,18.436897,18.547328,105.781469,105.831916,37.49
18601,Việt Xuyên,Viet Xuyen,Xã Việt Xuyên,Viet Xuyen Commune,Xã,42,Hà Tĩnh,Ha Tinh,18.372319,105.806489,18.332276,18.407707,105.768382,105.843128,32.1
18313,Vũ Quang,Vu Quang,Xã Vũ Quang,Vu Quang Commune,Xã,42,Hà Tĩnh,Ha Tinh,18.307141,105.426929,18.153457,18.448643,105.256123,105.619418,533.5
18823,Vũng Áng,Vung Ang,Phường Vũng Áng,Vung Ang Ward,Phường,42,Hà Tĩnh,Ha Tinh,18.049799,106.389346,17.981242,18.125738,106.341785,106.490077,82.98
18481,Xuân Lộc,Xuan Loc,Xã Xuân Lộc,Xuan Loc Commune,Xã,42,Hà Tĩnh,Ha Tinh,18.391991,105.76516,18.320852,18.442548,105.733911,105.796195,33.08
18682,Yên Hoà,Yen Hoa,Xã Yên Hoà,Yen Hoa Commune,Xã,42,Hà Tĩnh,Ha Tinh,18.307633,106.030127,18.271684,18.345173,105.983504,106.078393,38.27
18364,Đan Hải,Dan Hai,Xã Đan Hải,Dan Hai Commune,Xã,42,Hà Tĩnh,Ha Tinh,18.716311,105.77114,18.668701,18.766263,105.741648,105.798861,37.77
18586,Đông Kinh,Dong Kinh,Xã Đông Kinh,Dong Kinh Commune,Xã,42,Hà Tĩnh,Ha Tinh,18.42507,105.819631,18.395929,18.465209,105.777007,105.849816,27.57
18484,Đồng Lộc,Dong Loc,Xã Đồng Lộc,Dong Loc Commune,Xã,42,Hà Tĩnh,Ha Tinh,18.386919,105.718457,18.337551,18.437507,105.662962,105.767521,70.55
18619,Đồng Tiến,Dong Tien,Xã Đồng Tiến,Dong Tien Commune,Xã,42,Hà Tĩnh,Ha Tinh,18.346851,105.989435,18.303274,18.383678,105.962464,106.026215,33.57
18244,Đức Minh,Duc Minh,Xã Đức Minh,Duc Minh Commune,Xã,42,Hà Tĩnh,Ha Tinh,18.553027,105.590025,18.525911,18.57879,105.546157,105.629325,23.58
18262,Đức Quang,Duc Quang,Xã Đức Quang,Duc Quang Commune,Xã,42,Hà Tĩnh,Ha Tinh,18.547793,105.638187,18.509899,18.584963,105.596025,105.673869,30.31
18277,Đức Thịnh,Duc Thinh,Xã Đức Thịnh,Duc Thinh Commune,Xã,42,Hà Tĩnh,Ha Tinh,18.488739,105.637657,18.417737,18.538578,105.600267,105.687623,53.39
18229,Đức Thọ,Duc Tho,Xã Đức Thọ,Duc Tho Commune,Xã,42,Hà Tĩnh,Ha Tinh,18.50144,105.578622,18.45951,18.546375,105.538365,105.61834,48.93
18304,Đức Đồng,Duc Dong,Xã Đức Đồng,Duc Dong Commune,Xã,42,Hà Tĩnh,Ha Tinh,18.436187,105.586561,18.393299,18.473446,105.539308,105.641325,47.29
19483,A Dơi,A Doi,Xã A Dơi,A Doi Commune,Xã,44,Quảng Trị,Quang Tri,16.495194,106.769853,16.410669,16.562113,106.705297,106.830701,112.41
19669,Ái Tử,Ai Tu,Xã Ái Tử,Ai Tu Commune,Xã,44,Quảng Trị,Quang Tri,16.744635,107.089588,16.684281,16.813142,107.000359,107.197391,116.74
19567,Ba Lòng,Ba Long,Xã Ba Lòng,Ba Long Commune,Xã,44,Quảng Trị,Quang Tri,16.626571,107.017294,16.542381,16.698908,106.902304,107.140833,210.58
19009,Ba Đồn,Ba Don,Phường Ba Đồn,Ba Don Ward,Phường,44,Quảng Trị,Quang Tri,17.763007,106.409109,17.742155,17.796929,106.349116,106.440753,20.45
19066,Bắc Gianh,Bac Gianh,Phường Bắc Gianh,Bac Gianh Ward,Phường,44,Quảng Trị,Quang Tri,17.736379,106.454594,17.703802,17.777598,106.417675,106.489586,31.14
19126,Bắc Trạch,Bac Trach,Xã Bắc Trạch,Bac Trach Commune,Xã,44,Quảng Trị,Quang Tri,17.678851,106.430206,17.639787,17.726576,106.334965,106.519143,97.61
19501,Bến Hải,Ben Hai,Xã Bến Hải,Ben Hai Commune,Xã,44,Quảng Trị,Quang Tri,16.972245,107.054432,16.938966,17.013408,106.966684,107.148244,54.77
19366,Bến Quan,Ben Quan,Xã Bến Quan,Ben Quan Commune,Xã,44,Quảng Trị,Quang Tri,16.966257,106.842947,16.888852,17.081208,106.680741,106.949695,278.99
19141,Bố Trạch,Bo Trach,Xã Bố Trạch,Bo Trach Commune,Xã,44,Quảng Trị,Quang Tri,17.538541,106.410879,17.381748,17.663851,106.317995,106.500564,299.42
19255,Cam Hồng,Cam Hong,Xã Cam Hồng,Cam Hong Commune,Xã,44,Quảng Trị,Quang Tri,17.273136,106.796661,17.218281,17.333509,106.713627,106.887708,87.89
19597,Cam Lộ,Cam Lo,Xã Cam Lộ,Cam Lo Commune,Xã,44,Quảng Trị,Quang Tri,16.751745,106.948947,16.684822,16.82368,106.855974,107.016371,166.85
19742,Cồn Cỏ,Con Co,Đặc khu Cồn Cỏ,Con Co Special administrative region,Đặc khu,44,Quảng Trị,Quang Tri,17.158777,107.339441,17.150534,17.166165,107.331822,107.348175,2.3
19537,Cồn Tiên,Con Tien,Xã Cồn Tiên,Con Tien Commune,Xã,44,Quảng Trị,Quang Tri,16.882377,106.896323,16.809687,16.969238,106.68668,107.069779,268.58
19414,Cửa Tùng,Cua Tung,Xã Cửa Tùng,Cua Tung Commune,Xã,44,Quảng Trị,Quang Tri,17.044697,107.085423,16.989971,17.106815,107.037192,107.117864,59.83
19496,Cửa Việt,Cua Viet,Xã Cửa Việt,Cua Viet Commune,Xã,44,Quảng Trị,Quang Tri,16.905977,107.144016,16.857265,16.956723,107.097425,107.191938,50.83
18904,Dân Hoá,Dan Hoa,Xã Dân Hoá,Dan Hoa Commune,Xã,44,Quảng Trị,Quang Tri,17.825919,105.734729,17.66653,17.961811,105.608026,105.839335,365
19681,Diên Sanh,Dien Sanh,Xã Diên Sanh,Dien Sanh Commune,Xã,44,Quảng Trị,Quang Tri,16.672171,107.257868,16.606641,16.740335,107.177816,107.325943,87.97
19495,Gio Linh,Gio Linh,Xã Gio Linh,Gio Linh Commune,Xã,44,Quảng Trị,Quang Tri,16.925416,107.086092,16.844369,16.988011,107.000866,107.143516,96.7
19702,Hải Lăng,Hai Lang,Xã Hải Lăng,Hai Lang Commune,Xã,44,Quảng Trị,Quang Tri,16.65867,107.178675,16.571867,16.755111,107.078988,107.248845,116.89
19603,Hiếu Giang,Hieu Giang,Xã Hiếu Giang,Hieu Giang Commune,Xã,44,Quảng Trị,Quang Tri,16.82774,106.976725,16.749997,16.884793,106.829812,107.103846,177.36
19033,Hoà Trạch,Hoa Trach,Xã Hoà Trạch,Hoa Trach Commune,Xã,44,Quảng Trị,Quang Tri,17.876344,106.383977,17.846172,17.919575,106.318677,106.456475,52.67
19111,Hoàn Lão,Hoan Lao,Xã Hoàn Lão,Hoan Lao Commune,Xã,44,Quảng Trị,Quang Tri,17.567452,106.509258,17.513981,17.62747,106.434763,106.578629,99.03
19555,Hướng Hiệp,Huong Hiep,Xã Hướng Hiệp,Huong Hiep Commune,Xã,44,Quảng Trị,Quang Tri,16.745015,106.826208,16.624478,16.834401,106.711842,106.93297,185.61
19435,Hướng Lập,Huong Lap,Xã Hướng Lập,Huong Lap Commune,Xã,44,Quảng Trị,Quang Tri,16.896737,106.600238,16.795779,16.997643,106.516206,106.702422,219.64
19441,Hướng Phùng,Huong Phung,Xã Hướng Phùng,Huong Phung Commune,Xã,44,Quảng Trị,Quang Tri,16.762161,106.669075,16.641321,16.884401,106.551586,106.80575,447.59
19429,Khe Sanh,Khe Sanh,Xã Khe Sanh,Khe Sanh Commune,Xã,44,Quảng Trị,Quang Tri,16.622016,106.74863,16.537221,16.699255,106.648714,106.826064,134.81
19318,Kim Ngân,Kim Ngan,Xã Kim Ngân,Kim Ngan Commune,Xã,44,Quảng Trị,Quang Tri,17.061946,106.645505,16.92095,17.252952,106.40216,106.874875,881.06
18943,Kim Phú,Kim Phu,Xã Kim Phú,Kim Phu Commune,Xã,44,Quảng Trị,Quang Tri,17.671493,105.990857,17.503257,17.821808,105.851979,106.122458,552.57
18922,Kim Điền,Kim Dien,Xã Kim Điền,Kim Dien Commune,Xã,44,Quảng Trị,Quang Tri,17.742814,105.861084,17.629352,17.883681,105.779417,105.943091,229.42
19594,La Lay,La Lay,Xã La Lay,La Lay Commune,Xã,44,Quảng Trị,Quang Tri,16.371849,107.042253,16.299517,16.449265,106.949058,107.15301,156.21
19432,Lao Bảo,Lao Bao,Xã Lao Bảo,Lao Bao Commune,Xã,44,Quảng Trị,Quang Tri,16.636031,106.633245,16.581332,16.699118,106.565324,106.687388,83.04
19246,Lệ Ninh,Le Ninh,Xã Lệ Ninh,Le Ninh Commune,Xã,44,Quảng Trị,Quang Tri,17.236912,106.697233,17.181976,17.287106,106.648403,106.734718,56.32
19249,Lệ Thuỷ,Le Thuy,Xã Lệ Thuỷ,Le Thuy Commune,Xã,44,Quảng Trị,Quang Tri,17.234616,106.767183,17.198342,17.27882,106.727714,106.821207,55.93
19489,Lìa,Lia,Xã Lìa,Lia Commune,Xã,44,Quảng Trị,Quang Tri,16.502068,106.688349,16.435198,16.588336,106.647019,106.749892,71.69
18901,Minh Hoá,Minh Hoa,Xã Minh Hoá,Minh Hoa Commune,Xã,44,Quảng Trị,Quang Tri,17.848567,105.949721,17.769089,17.947583,105.884654,106.032944,156.97
19741,Mỹ Thuỷ,My Thuy,Xã Mỹ Thuỷ,My Thuy Commune,Xã,44,Quảng Trị,Quang Tri,16.743894,107.339676,16.694544,16.802452,107.290937,107.389464,43.82
19075,Nam Ba Đồn,Nam Ba Don,Xã Nam Ba Đồn,Nam Ba Don Commune,Xã,44,Quảng Trị,Quang Tri,17.727025,106.31303,17.693266,17.770439,106.235482,106.372385,76.3
19639,Nam Cửa Việt,Nam Cua Viet,Xã Nam Cửa Việt,Nam Cua Viet Commune,Xã,44,Quảng Trị,Quang Tri,16.852712,107.206383,16.798146,16.906305,107.148096,107.267826,74.12
19093,Nam Gianh,Nam Gianh,Xã Nam Gianh,Nam Gianh Commune,Xã,44,Quảng Trị,Quang Tri,17.717506,106.386485,17.675747,17.749902,106.351308,106.435503,34.43
19735,Nam Hải Lăng,Nam Hai Lang,Xã Nam Hải Lăng,Nam Hai Lang Commune,Xã,44,Quảng Trị,Quang Tri,16.617197,107.263545,16.565548,16.70247,107.140746,107.348629,114.84
19198,Nam Trạch,Nam Trach,Xã Nam Trạch,Nam Trach Commune,Xã,44,Quảng Trị,Quang Tri,17.492534,106.507703,17.384842,17.566531,106.430371,106.600151,129.83
19351,Nam Đông Hà,Nam Dong Ha,Phường Nam Đông Hà,Nam Dong Ha Ward,Phường,44,Quảng Trị,Quang Tri,16.80013,107.106403,16.763219,16.842239,107.057732,107.148608,35.04
19225,Ninh Châu,Ninh Chau,Xã Ninh Châu,Ninh Chau Commune,Xã,44,Quảng Trị,Quang Tri,17.344897,106.712868,17.291135,17.415958,106.64271,106.796826,86.03
19138,Phong Nha,Phong Nha,Xã Phong Nha,Phong Nha Commune,Xã,44,Quảng Trị,Quang Tri,17.638108,106.235525,17.504796,17.729747,106.077869,106.353037,358.1
19021,Phú Trạch,Phu Trach,Xã Phú Trạch,Phu Trach Commune,Xã,44,Quảng Trị,Quang Tri,17.931852,106.386785,17.875452,17.991815,106.266961,106.674443,197.41
19207,Quảng Ninh,Quang Ninh,Xã Quảng Ninh,Quang Ninh Commune,Xã,44,Quảng Trị,Quang Tri,17.387099,106.615379,17.345011,17.436059,106.526626,106.697758,100.27
19057,Quảng Trạch,Quang Trach,Xã Quảng Trạch,Quang Trach Commune,Xã,44,Quảng Trị,Quang Tri,17.803925,106.410986,17.763577,17.860609,106.335321,106.457369,56.64
19360,Quảng Trị,Quang Tri,Phường Quảng Trị,Quang Tri Ward,Phường,44,Quảng Trị,Quang Tri,16.678056,107.145074,16.628195,16.759967,107.067088,107.203928,72.82
19288,Sen Ngư,Sen Ngu,Xã Sen Ngư,Sen Ngu Commune,Xã,44,Quảng Trị,Quang Tri,17.170779,106.915516,17.089332,17.242127,106.836315,106.991101,120.84
19588,Tà Rụt,Ta Rut,Xã Tà Rụt,Ta Rut Commune,Xã,44,Quảng Trị,Quang Tri,16.453878,107.001101,16.357247,16.545165,106.871458,107.135704,273.15
19051,Tân Gianh,Tan Gianh,Xã Tân Gianh,Tan Gianh Commune,Xã,44,Quảng Trị,Quang Tri,17.784994,106.322396,17.754193,17.82058,106.271702,106.397146,41.05
19462,Tân Lập,Tan Lap,Xã Tân Lập,Tan Lap Commune,Xã,44,Quảng Trị,Quang Tri,16.575863,106.707663,16.50757,16.647332,106.668262,106.751077,83.18
19291,Tân Mỹ,Tan My,Xã Tân Mỹ,Tan My Commune,Xã,44,Quảng Trị,Quang Tri,17.151462,106.85022,17.077089,17.2277,106.79642,106.897837,102.57
18919,Tân Thành,Tan Thanh,Xã Tân Thành,Tan Thanh Commune,Xã,44,Quảng Trị,Quang Tri,17.892405,105.842,17.822338,17.957565,105.764505,105.892344,89.77
19147,Thượng Trạch,Thuong Trach,Xã Thượng Trạch,Thuong Trach Commune,Xã,44,Quảng Trị,Quang Tri,17.46067,106.183615,17.244277,17.653012,105.965473,106.404289,1095.78
19645,Triệu Bình,Trieu Binh,Xã Triệu Bình,Trieu Binh Commune,Xã,44,Quảng Trị,Quang Tri,16.825154,107.166919,16.781677,16.866907,107.124863,107.2132,37.2
19654,Triệu Cơ,Trieu Co,Xã Triệu Cơ,Trieu Co Commune,Xã,44,Quảng Trị,Quang Tri,16.794606,107.253225,16.760533,16.83764,107.199196,107.309159,44.54
19624,Triệu Phong,Trieu Phong,Xã Triệu Phong,Trieu Phong Commune,Xã,44,Quảng Trị,Quang Tri,16.714406,107.126699,16.645052,16.80049,107.055029,107.217978,80.79
19030,Trung Thuần,Trung Thuan,Xã Trung Thuần,Trung Thuan Commune,Xã,44,Quảng Trị,Quang Tri,17.839943,106.337734,17.789297,17.897196,106.261128,106.41878,98.83
19237,Trường Ninh,Truong Ninh,Xã Trường Ninh,Truong Ninh Commune,Xã,44,Quảng Trị,Quang Tri,17.298178,106.658799,17.237447,17.351379,106.607565,106.714328,71.92
19309,Trường Phú,Truong Phu,Xã Trường Phú,Truong Phu Commune,Xã,44,Quảng Trị,Quang Tri,17.167936,106.762237,17.106565,17.220761,106.673656,106.834737,97.18
19204,Trường Sơn,Truong Son,Xã Trường Sơn,Truong Son Commune,Xã,44,Quảng Trị,Quang Tri,17.253911,106.457604,17.070632,17.434815,106.287263,106.642842,935.96
18991,Tuyên Bình,Tuyen Binh,Xã Tuyên Bình,Tuyen Binh Commune,Xã,44,Quảng Trị,Quang Tri,17.865934,106.212977,17.799513,17.930449,106.142093,106.28087,119.19
18997,Tuyên Hoá,Tuyen Hoa,Xã Tuyên Hoá,Tuyen Hoa Commune,Xã,44,Quảng Trị,Quang Tri,17.772277,106.205686,17.7096,17.856041,106.099344,106.303165,194.92
18958,Tuyên Lâm,Tuyen Lam,Xã Tuyên Lâm,Tuyen Lam Commune,Xã,44,Quảng Trị,Quang Tri,17.967008,105.761402,17.89085,18.038005,105.642044,105.859606,235.2
18985,Tuyên Phú,Tuyen Phu,Xã Tuyên Phú,Tuyen Phu Commune,Xã,44,Quảng Trị,Quang Tri,17.867316,106.115705,17.790435,17.937584,106.051798,106.20474,155.38
18952,Tuyên Sơn,Tuyen Son,Xã Tuyên Sơn,Tuyen Son Commune,Xã,44,Quảng Trị,Quang Tri,18.033496,105.899107,17.950219,18.090157,105.813008,105.994841,132.14
19372,Vĩnh Hoàng,Vinh Hoang,Xã Vĩnh Hoàng,Vinh Hoang Commune,Xã,44,Quảng Trị,Quang Tri,17.097908,107.027584,17.022951,17.165421,106.969003,107.080036,87.06
19363,Vĩnh Linh,Vinh Linh,Xã Vĩnh Linh,Vinh Linh Commune,Xã,44,Quảng Trị,Quang Tri,17.07819,106.955944,17.030307,17.13786,106.867741,107.036334,90.37
19405,Vĩnh Thuỷ,Vinh Thuy,Xã Vĩnh Thuỷ,Vinh Thuy Commune,Xã,44,Quảng Trị,Quang Tri,17.004242,106.982322,16.95124,17.054135,106.918121,107.055105,103.74
19699,Vĩnh Định,Vinh Dinh,Xã Vĩnh Định,Vinh Dinh Commune,Xã,44,Quảng Trị,Quang Tri,16.754287,107.277846,16.715036,16.794797,107.193674,107.345548,63.85
19564,Đakrông,Dakrong,Xã Đakrông,Dakrong Commune,Xã,44,Quảng Trị,Quang Tri,16.580168,106.902573,16.450416,16.707137,106.769225,107.062365,359.29
19333,Đông Hà,Dong Ha,Phường Đông Hà,Dong Ha Ward,Phường,44,Quảng Trị,Quang Tri,16.801981,107.071429,16.743561,16.862052,107.02844,107.125658,38.05
18880,Đồng Hới,Dong Hoi,Phường Đồng Hới,Dong Hoi Ward,Phường,44,Quảng Trị,Quang Tri,17.452685,106.631233,17.41124,17.503016,106.587265,106.686811,41.35
18949,Đồng Lê,Dong Le,Xã Đồng Lê,Dong Le Commune,Xã,44,Quảng Trị,Quang Tri,17.945168,105.990643,17.812354,18.051036,105.876477,106.075909,291.93
18871,Đồng Sơn,Dong Son,Phường Đồng Sơn,Dong Son Ward,Phường,44,Quảng Trị,Quang Tri,17.429614,106.548854,17.36558,17.495097,106.492366,106.619207,88.03
18859,Đồng Thuận,Dong Thuan,Phường Đồng Thuận,Dong Thuan Ward,Phường,44,Quảng Trị,Quang Tri,17.495822,106.59016,17.460728,17.530026,106.561745,106.620938,26.49
19159,Đông Trạch,Dong Trach,Xã Đông Trạch,Dong Trach Commune,Xã,44,Quảng Trị,Quang Tri,17.634813,106.492318,17.60341,17.658795,106.432093,106.549111,35.72
20056,A Lưới 1,A Luoi 1,Xã A Lưới 1,Commune A Luoi 1,Xã,46,Huế,Hue,16.340919,107.148655,16.267802,16.411672,107.034486,107.271856,198.59
20044,A Lưới 2,A Luoi 2,Xã A Lưới 2,Commune A Luoi 2,Xã,46,Huế,Hue,16.256553,107.198255,16.193192,16.314171,107.144479,107.264318,97.62
20071,A Lưới 3,A Luoi 3,Xã A Lưới 3,Commune A Luoi 3,Xã,46,Huế,Hue,16.201469,107.245343,16.13539,16.28278,107.148665,107.326848,154.23
20101,A Lưới 4,A Luoi 4,Xã A Lưới 4,Commune A Luoi 4,Xã,46,Huế,Hue,16.140392,107.351414,16.054842,16.252398,107.262938,107.446697,233.65
20050,A Lưới 5,A Luoi 5,Xã A Lưới 5,Commune A Luoi 5,Xã,46,Huế,Hue,16.220465,107.410874,16.014779,16.383277,107.247339,107.529554,464.4
19815,An Cựu,An Cuu,Phường An Cựu,An Cuu Ward,Phường,46,Huế,Hue,16.437428,107.603835,16.399287,16.473167,107.584845,107.630228,16.71
20035,Bình Điền,Binh Dien,Xã Bình Điền,Binh Dien Commune,Xã,46,Huế,Hue,16.349235,107.458582,16.254329,16.460952,107.328944,107.554078,266.5
20137,Chân Mây - Lăng Cô,Chan May - Lang Co,Xã Chân Mây - Lăng Cô,Chan May - Lang Co Commune,Xã,46,Huế,Hue,16.245877,108.014996,16.179163,16.344392,107.910484,108.210449,261.38
19909,Dương Nỗ,Duong No,Phường Dương Nỗ,Duong No Ward,Phường,46,Huế,Hue,16.524812,107.597991,16.494673,16.550118,107.574103,107.626332,20.63
20014,Hoá Châu,Hoa Chau,Phường Hoá Châu,Hoa Chau Ward,Phường,46,Huế,Hue,16.545714,107.58036,16.484001,16.586484,107.543087,107.631393,34.6
20131,Hưng Lộc,Hung Loc,Xã Hưng Lộc,Hung Loc Commune,Xã,46,Huế,Hue,16.296849,107.713408,16.231592,16.381959,107.648682,107.761825,95.62
19804,Hương An,Huong An,Phường Hương An,Huong An Ward,Phường,46,Huế,Hue,16.476983,107.533075,16.443077,16.5083,107.495509,107.572015,19.43
19975,Hương Thuỷ,Huong Thuy,Phường Hương Thuỷ,Huong Thuy Ward,Phường,46,Huế,Hue,16.412204,107.683962,16.352771,16.452021,107.650624,107.736112,33.93
19996,Hương Trà,Huong Tra,Phường Hương Trà,Huong Tra Ward,Phường,46,Huế,Hue,16.456225,107.434806,16.368207,16.546196,107.366029,107.505076,83.28
20161,Khe Tre,Khe Tre,Xã Khe Tre,Khe Tre Commune,Xã,46,Huế,Hue,16.151328,107.769595,16.042598,16.243971,107.661646,107.876377,256.02
19774,Kim Long,Kim Long,Phường Kim Long,Kim Long Ward,Phường,46,Huế,Hue,16.404713,107.54277,16.322586,16.481773,107.468356,107.60842,90.14
20017,Kim Trà,Kim Tra,Phường Kim Trà,Kim Tra Ward,Phường,46,Huế,Hue,16.494069,107.508938,16.451089,16.536598,107.458025,107.562332,42.8
20140,Lộc An,Loc An,Xã Lộc An,Loc An Commune,Xã,46,Huế,Hue,16.273984,107.797736,16.177356,16.368152,107.722649,107.862495,177.58
20182,Long Quảng,Long Quang,Xã Long Quảng,Long Quang Commune,Xã,46,Huế,Hue,16.099719,107.587141,16.01061,16.180146,107.509352,107.681747,215.85
19930,Mỹ Thượng,My Thuong,Phường Mỹ Thượng,My Thuong Ward,Phường,46,Huế,Hue,16.504165,107.632873,16.476402,16.533293,107.588293,107.669486,28.83
20179,Nam Đông,Nam Dong,Xã Nam Đông,Nam Dong Commune,Xã,46,Huế,Hue,16.101846,107.684986,15.994675,16.221584,107.592576,107.758172,175.95
19831,Phong Dinh,Phong Dinh,Phường Phong Dinh,Phong Dinh Ward,Phường,46,Huế,Hue,16.644286,107.366173,16.587586,16.698677,107.306761,107.42074,87.17
19828,Phong Phú,Phong Phu,Phường Phong Phú,Phong Phu Ward,Phường,46,Huế,Hue,16.695913,107.410243,16.647173,16.742918,107.35113,107.466494,60.85
19873,Phong Quảng,Phong Quang,Phường Phong Quảng,Phong Quang Ward,Phường,46,Huế,Hue,16.633886,107.50614,16.586484,16.6842,107.453549,107.570834,41.7
19858,Phong Thái,Phong Thai,Phường Phong Thái,Phong Thai Ward,Phường,46,Huế,Hue,16.490212,107.390702,16.350348,16.608526,107.281619,107.47258,187.02
19819,Phong Điền,Phong Dien,Phường Phong Điền,Phong Dien Ward,Phường,46,Huế,Hue,16.49044,107.239705,16.345219,16.61879,107.055486,107.395059,592.48
19960,Phú Bài,Phu Bai,Phường Phú Bài,Phu Bai Ward,Phường,46,Huế,Hue,16.280683,107.611014,16.156042,16.420001,107.496551,107.757282,344.63
19918,Phú Hồ,Phu Ho,Xã Phú Hồ,Phu Ho Commune,Xã,46,Huế,Hue,16.477751,107.687653,16.430937,16.529828,107.641737,107.736268,57.72
20107,Phú Lộc,Phu Loc,Xã Phú Lộc,Phu Loc Commune,Xã,46,Huế,Hue,16.268198,107.885814,16.163785,16.35365,107.839606,107.954955,119.3
19942,Phú Vang,Phu Vang,Xã Phú Vang,Phu Vang Commune,Xã,46,Huế,Hue,16.40202,107.770695,16.334351,16.470199,107.703542,107.845274,86.19
19945,Phú Vinh,Phu Vinh,Xã Phú Vinh,Phu Vinh Commune,Xã,46,Huế,Hue,16.454861,107.774747,16.395655,16.524793,107.698435,107.847535,57.95
19753,Phú Xuân,Phu Xuan,Phường Phú Xuân,Phu Xuan Ward,Phường,46,Huế,Hue,16.478511,107.577237,16.459704,16.499562,107.556121,107.592955,10.38
19867,Quảng Điền,Quang Dien,Xã Quảng Điền,Quang Dien Commune,Xã,46,Huế,Hue,16.56974,107.532546,16.515543,16.614881,107.494592,107.576134,45.93
19969,Thanh Thuỷ,Thanh Thuy,Phường Thanh Thuỷ,Thanh Thuy Ward,Phường,46,Huế,Hue,16.420536,107.634559,16.358153,16.48975,107.607632,107.656886,48.92
19900,Thuận An,Thuan An,Phường Thuận An,Thuan An Ward,Phường,46,Huế,Hue,16.551754,107.640761,16.514898,16.604218,107.56418,107.709848,36.48
19789,Thuận Hoá,Thuan Hoa,Phường Thuận Hoá,Thuan Hoa Ward,Phường,46,Huế,Hue,16.455578,107.583772,16.434896,16.473533,107.553766,107.601675,7.57
19813,Thuỷ Xuân,Thuy Xuan,Phường Thuỷ Xuân,Thuy Xuan Ward,Phường,46,Huế,Hue,16.407721,107.583057,16.338753,16.455236,107.526863,107.634136,37.03
20122,Vinh Lộc,Vinh Loc,Xã Vinh Lộc,Vinh Loc Commune,Xã,46,Huế,Hue,16.360569,107.866662,16.311764,16.411404,107.808183,107.944548,66.53
19777,Vỹ Dạ,Vy Da,Phường Vỹ Dạ,Vy Da Ward,Phường,46,Huế,Hue,16.477938,107.611197,16.458643,16.491451,107.590825,107.633229,8.93
19885,Đan Điền,Dan Dien,Xã Đan Điền,Dan Dien Commune,Xã,46,Huế,Hue,16.596794,107.467626,16.524629,16.665099,107.40808,107.528663,82.62
20275,An Hải,An Hai,Phường An Hải,An Hai Ward,Phường,48,Đà Nẵng,Da Nang,16.068862,108.236688,16.05106,16.088931,108.226433,108.247897,7.37
20305,An Khê,An Khe,Phường An Khê,An Khe Ward,Phường,48,Đà Nẵng,Da Nang,16.036665,108.179463,16.014228,16.065238,108.159918,108.198791,12.36
20575,An Thắng,An Thang,Phường An Thắng,An Thang Ward,Phường,48,Đà Nẵng,Da Nang,15.909595,108.225609,15.872765,15.93923,108.202018,108.248769,19.64
20458,Avương,Avuong,Xã Avương,Avuong Commune,Xã,48,Đà Nẵng,Da Nang,15.975172,107.563306,15.876504,16.064055,107.464177,107.65648,225.3
20308,Bà Nà,Ba Na,Xã Bà Nà,Ba Na Commune,Xã,48,Đà Nẵng,Da Nang,16.036859,108.046374,15.992956,16.10724,107.95791,108.170647,136.41
20335,Bàn Thạch,Ban Thach,Phường Bàn Thạch,Ban Thach Ward,Phường,48,Đà Nẵng,Da Nang,15.603753,108.476666,15.549941,15.642379,108.441788,108.524216,34.77
20710,Bến Giằng,Ben Giang,Xã Bến Giằng,Ben Giang Commune,Xã,48,Đà Nẵng,Da Nang,15.663954,107.709801,15.556634,15.777267,107.524801,107.885439,535.96
20494,Bến Hiên,Ben Hien,Xã Bến Hiên,Ben Hien Commune,Xã,48,Đà Nẵng,Da Nang,15.840821,107.716058,15.757387,15.937967,107.588251,107.849515,255.85
20260,Cẩm Lệ,Cam Le,Phường Cẩm Lệ,Cam Le Ward,Phường,48,Đà Nẵng,Da Nang,16.010412,108.188109,15.993409,16.037939,108.157429,108.221464,14.05
20364,Chiên Đàn,Chien Dan,Xã Chiên Đàn,Chien Dan Commune,Xã,48,Đà Nẵng,Da Nang,15.554961,108.422688,15.518923,15.60857,108.368134,108.472477,48.63
20635,Duy Nghĩa,Duy Nghia,Xã Duy Nghĩa,Duy Nghia Commune,Xã,48,Đà Nẵng,Da Nang,15.839288,108.36721,15.809893,15.871729,108.290119,108.412523,35.36
20623,Duy Xuyên,Duy Xuyen,Xã Duy Xuyên,Duy Xuyen Commune,Xã,48,Đà Nẵng,Da Nang,15.781854,108.202421,15.714585,15.849164,108.134724,108.274607,125.78
20587,Gò Nổi,Go Noi,Xã Gò Nổi,Go Noi Commune,Xã,48,Đà Nẵng,Da Nang,15.853274,108.206799,15.829627,15.881511,108.147555,108.262879,36.2
20515,Hà Nha,Ha Nha,Xã Hà Nha,Ha Nha Commune,Xã,48,Đà Nẵng,Da Nang,15.863288,107.991404,15.784288,15.934637,107.89673,108.082632,132.69
20242,Hải Châu,Hai Chau,Phường Hải Châu,Hai Chau Ward,Phường,48,Đà Nẵng,Da Nang,16.076193,108.218212,16.055891,16.096269,108.205265,108.2271,7.58
20194,Hải Vân,Hai Van,Phường Hải Vân,Hai Van Ward,Phường,48,Đà Nẵng,Da Nang,16.131248,107.974755,16.033449,16.215549,107.816735,108.154526,406.09
20779,Hiệp Đức,Hiep Duc,Xã Hiệp Đức,Hiep Duc Commune,Xã,48,Đà Nẵng,Da Nang,15.571181,108.066948,15.498186,15.643211,107.948242,108.154823,150.47
20257,Hoà Cường,Hoa Cuong,Phường Hoà Cường,Hoa Cuong Ward,Phường,48,Đà Nẵng,Da Nang,16.04225,108.210684,16.021303,16.064675,108.188831,108.235821,15.72
20200,Hoà Khánh,Hoa Khanh,Phường Hoà Khánh,Hoa Khanh Ward,Phường,48,Đà Nẵng,Da Nang,16.052665,108.129494,16.021135,16.089471,108.084069,108.178813,40.93
20332,Hoà Tiến,Hoa Tien,Xã Hoà Tiến,Hoa Tien Commune,Xã,48,Đà Nẵng,Da Nang,15.954372,108.109342,15.92537,15.995095,108.013147,108.186154,65.9
20320,Hoà Vang,Hoa Vang,Xã Hoà Vang,Hoa Vang Commune,Xã,48,Đà Nẵng,Da Nang,15.972772,108.039612,15.918041,16.022662,107.949139,108.164362,107.61
20314,Hoà Xuân,Hoa Xuan,Phường Hoà Xuân,Hoa Xuan Ward,Phường,48,Đà Nẵng,Da Nang,15.986467,108.209901,15.942763,16.028638,108.181634,108.239082,27.96
20333,Hoàng Sa,Paracel,Đặc khu Hoàng Sa,Paracel Special administrative region,Đặc khu,48,Đà Nẵng,Da Nang,16.371348,112.078578,15.693082,17.120279,111.185277,112.736122,350
20410,Hội An,Hoi An,Phường Hội An,Hoi An Ward,Phường,48,Đà Nẵng,Da Nang,15.869676,108.330129,15.854582,15.886089,108.303675,108.361196,10.81
20401,Hội An Tây,Hoi An Tay,Phường Hội An Tây,Hoi An Tay Ward,Phường,48,Đà Nẵng,Da Nang,15.896575,108.319472,15.872457,15.922078,108.28959,108.362898,18.09
20413,Hội An Đông,Hoi An Dong,Phường Hội An Đông,Hoi An Dong Ward,Phường,48,Đà Nẵng,Da Nang,15.882065,108.361432,15.858662,15.903177,108.328563,108.391562,18.22
20443,Hùng Sơn,Hung Son,Xã Hùng Sơn,Hung Son Commune,Xã,48,Đà Nẵng,Da Nang,15.803408,107.313342,15.725036,15.897989,107.21054,107.402322,287.95
20350,Hương Trà,Huong Tra,Phường Hương Trà,Huong Tra Ward,Phường,48,Đà Nẵng,Da Nang,15.54427,108.494317,15.506615,15.573247,108.4699,108.524738,14.64
20722,Khâm Đức,Kham Duc,Xã Khâm Đức,Kham Duc Commune,Xã,48,Đà Nẵng,Da Nang,15.512392,107.776596,15.420814,15.580999,107.69475,107.844024,161.98
20704,La Dêê,La Dee,Xã La Dêê,La Dee Commune,Xã,48,Đà Nẵng,Da Nang,15.554265,107.445836,15.474639,15.632363,107.359553,107.540435,184.81
20698,La Êê,La Ee,Xã La Êê,La Ee Commune,Xã,48,Đà Nẵng,Da Nang,15.668179,107.350872,15.567611,15.751507,107.249393,107.447803,243.12
20875,Lãnh Ngọc,Lanh Ngoc,Xã Lãnh Ngọc,Lanh Ngoc Commune,Xã,48,Đà Nẵng,Da Nang,15.441622,108.203415,15.379428,15.50843,108.126415,108.288943,161.14
20197,Liên Chiểu,Lien Chieu,Phường Liên Chiểu,Lien Chieu Ward,Phường,48,Đà Nẵng,Da Nang,16.087499,108.094214,16.061739,16.115052,108.038865,108.155801,41.19
20707,Nam Giang,Nam Giang,Xã Nam Giang,Nam Giang Commune,Xã,48,Đà Nẵng,Da Nang,15.676856,107.503317,15.570266,15.778044,107.40799,107.620617,262.94
20599,Nam Phước,Nam Phuoc,Xã Nam Phước,Nam Phuoc Commune,Xã,48,Đà Nẵng,Da Nang,15.844952,108.296248,15.812332,15.867877,108.246751,108.366289,38.85
20944,Nam Trà My,Nam Tra My,Xã Nam Trà My,Nam Tra My Commune,Xã,48,Đà Nẵng,Da Nang,15.127709,108.143507,15.002483,15.24868,108.088892,108.222708,178.31
20285,Ngũ Hành Sơn,Ngu Hanh Son,Phường Ngũ Hành Sơn,Ngu Hanh Son Ward,Phường,48,Đà Nẵng,Da Nang,15.997169,108.250183,15.956002,16.05671,108.216862,108.291309,40.19
20656,Nông Sơn,Nong Son,Xã Nông Sơn,Nong Son Commune,Xã,48,Đà Nẵng,Da Nang,15.707687,108.092158,15.639845,15.764751,108.006457,108.167928,112.53
20965,Núi Thành,Nui Thanh,Xã Núi Thành,Nui Thanh Commune,Xã,48,Đà Nẵng,Da Nang,15.42713,108.658044,15.363825,15.486264,108.560446,108.739287,124.75
20392,Phú Ninh,Phu Ninh,Xã Phú Ninh,Phu Ninh Commune,Xã,48,Đà Nẵng,Da Nang,15.470027,108.426815,15.391718,15.551531,108.371274,108.510674,131.35
20542,Phú Thuận,Phu Thuan,Xã Phú Thuận,Phu Thuan Commune,Xã,48,Đà Nẵng,Da Nang,15.784125,108.004076,15.719921,15.84652,107.928365,108.105165,130.89
20740,Phước Chánh,Phuoc Chanh,Xã Phước Chánh,Phuoc Chanh Commune,Xã,48,Đà Nẵng,Da Nang,15.32349,107.802008,15.211807,15.431839,107.759606,107.852474,107.56
20728,Phước Hiệp,Phuoc Hiep,Xã Phước Hiệp,Phuoc Hiep Commune,Xã,48,Đà Nẵng,Da Nang,15.467146,107.920536,15.366699,15.570582,107.812934,108.023034,340.05
20734,Phước Năng,Phuoc Nang,Xã Phước Năng,Phuoc Nang Commune,Xã,48,Đà Nẵng,Da Nang,15.379309,107.731808,15.229032,15.510508,107.659459,107.795308,257.1
20752,Phước Thành,Phuoc Thanh,Xã Phước Thành,Phuoc Thanh Commune,Xã,48,Đà Nẵng,Da Nang,15.301969,107.880938,15.193787,15.434193,107.796329,107.964595,286.65
20770,Phước Trà,Phuoc Tra,Xã Phước Trà,Phuoc Tra Commune,Xã,48,Đà Nẵng,Da Nang,15.476681,108.058569,15.391993,15.574887,107.966397,108.151279,196.22
20356,Quảng Phú,Quang Phu,Phường Quảng Phú,Quang Phu Ward,Phường,48,Đà Nẵng,Da Nang,15.595679,108.515285,15.564857,15.645785,108.471528,108.556727,36.21
20669,Quế Phước,Que Phuoc,Xã Quế Phước,Que Phuoc Commune,Xã,48,Đà Nẵng,Da Nang,15.6484,107.954911,15.536671,15.745933,107.837404,108.099737,359.11
20641,Quế Sơn,Que Son,Xã Quế Sơn,Que Son Commune,Xã,48,Đà Nẵng,Da Nang,15.661435,108.189461,15.619303,15.714585,108.119598,108.249856,94.1
20662,Quế Sơn Trung,Que Son Trung,Xã Quế Sơn Trung,Que Son Trung Commune,Xã,48,Đà Nẵng,Da Nang,15.720976,108.261082,15.649178,15.773123,108.16792,108.336389,111.37
20857,Sơn Cẩm Hà,Son Cam Ha,Xã Sơn Cẩm Hà,Son Cam Ha Commune,Xã,48,Đà Nẵng,Da Nang,15.54119,108.263918,15.471964,15.603774,108.201237,108.330413,118.75
20263,Sơn Trà,Son Tra,Phường Sơn Trà,Son Tra Ward,Phường,48,Đà Nẵng,Da Nang,16.11906,108.265171,16.078728,16.155602,108.213673,108.33845,56.03
20476,Sông Kôn,Song Kon,Xã Sông Kôn,Song Kon Commune,Xã,48,Đà Nẵng,Da Nang,15.975097,107.78322,15.886605,16.068156,107.708805,107.867824,212.94
20485,Sông Vàng,Song Vang,Xã Sông Vàng,Song Vang Commune,Xã,48,Đà Nẵng,Da Nang,15.99261,107.907814,15.910674,16.064717,107.816267,107.984074,183.63
20984,Tam Anh,Tam Anh,Xã Tam Anh,Tam Anh Commune,Xã,48,Đà Nẵng,Da Nang,15.490687,108.580531,15.433831,15.532423,108.532726,108.639745,68.84
20992,Tam Hải,Tam Hai,Xã Tam Hải,Tam Hai Commune,Xã,48,Đà Nẵng,Da Nang,15.488503,108.657187,15.472436,15.515461,108.627648,108.691928,13.32
20341,Tam Kỳ,Tam Ky,Phường Tam Kỳ,Tam Ky Ward,Phường,48,Đà Nẵng,Da Nang,15.558063,108.478662,15.540974,15.573632,108.456684,108.502181,8.36
21004,Tam Mỹ,Tam My,Xã Tam Mỹ,Tam My Commune,Xã,48,Đà Nẵng,Da Nang,15.369256,108.547027,15.30796,15.427493,108.428097,108.660346,173.14
20971,Tam Xuân,Tam Xuan,Xã Tam Xuân,Tam Xuan Commune,Xã,48,Đà Nẵng,Da Nang,15.534775,108.537961,15.481147,15.587659,108.482926,108.604166,66.92
20434,Tân Hiệp,Tan Hiep,Xã Tân Hiệp,Tan Hiep Commune,Xã,48,Đà Nẵng,Da Nang,15.947412,108.517287,15.811242,15.97983,108.416734,108.698464,16.43
20455,Tây Giang,Tay Giang,Xã Tây Giang,Tay Giang Commune,Xã,48,Đà Nẵng,Da Nang,15.851627,107.483613,15.736406,16.015124,107.376863,107.613249,400.45
20380,Tây Hồ,Tay Ho,Xã Tây Hồ,Tay Ho Commune,Xã,48,Đà Nẵng,Da Nang,15.588358,108.383442,15.545801,15.631831,108.317637,108.454377,75.67
20794,Thăng An,Thang An,Xã Thăng An,Thang An Commune,Xã,48,Đà Nẵng,Da Nang,15.778975,108.394975,15.712341,15.831923,108.330192,108.456659,80.98
20791,Thăng Bình,Thang Binh,Xã Thăng Bình,Thang Binh Commune,Xã,48,Đà Nẵng,Da Nang,15.722625,108.353837,15.662106,15.784076,108.310515,108.401742,68.91
20827,Thăng Phú,Thang Phu,Xã Thăng Phú,Thang Phu Commune,Xã,48,Đà Nẵng,Da Nang,15.632517,108.348149,15.583343,15.690941,108.29364,108.392667,60.5
20836,Thăng Trường,Thang Truong,Xã Thăng Trường,Thang Truong Commune,Xã,48,Đà Nẵng,Da Nang,15.681092,108.462059,15.62999,15.738814,108.40861,108.514398,63.79
20848,Thăng Điền,Thang Dien,Xã Thăng Điền,Thang Dien Commune,Xã,48,Đà Nẵng,Da Nang,15.667517,108.412394,15.619166,15.724093,108.369297,108.458335,61.59
20878,Thạnh Bình,Thanh Binh,Xã Thạnh Bình,Thanh Binh Commune,Xã,48,Đà Nẵng,Da Nang,15.43877,108.323001,15.381863,15.497171,108.259394,108.382223,100.89
20209,Thanh Khê,Thanh Khe,Phường Thanh Khê,Thanh Khe Ward,Phường,48,Đà Nẵng,Da Nang,16.067828,108.194436,16.052441,16.080457,108.166543,108.21459,7.92
20695,Thạnh Mỹ,Thanh My,Xã Thạnh Mỹ,Thanh My Commune,Xã,48,Đà Nẵng,Da Nang,15.758944,107.783362,15.682671,15.82891,107.651314,107.887967,207.28
20611,Thu Bồn,Thu Bon,Xã Thu Bồn,Thu Bon Commune,Xã,48,Đà Nẵng,Da Nang,15.792626,108.112467,15.731474,15.852426,108.039863,108.191388,108.77
20506,Thượng Đức,Thuong Duc,Xã Thượng Đức,Thuong Duc Commune,Xã,48,Đà Nẵng,Da Nang,15.846287,107.890392,15.735844,15.937393,107.80101,107.971055,216.37
20854,Tiên Phước,Tien Phuoc,Xã Tiên Phước,Tien Phuoc Commune,Xã,48,Đà Nẵng,Da Nang,15.504295,108.34473,15.44702,15.554078,108.290593,108.392793,74.63
20929,Trà Giáp,Tra Giap,Xã Trà Giáp,Tra Giap Commune,Xã,48,Đà Nẵng,Da Nang,15.196558,108.257726,15.118278,15.279738,108.205004,108.308423,121.55
20938,Trà Leng,Tra Leng,Xã Trà Leng,Tra Leng Commune,Xã,48,Đà Nẵng,Da Nang,15.239942,108.009406,15.142559,15.314324,107.926857,108.112665,221.15
20908,Trà Liên,Tra Lien,Xã Trà Liên,Tra Lien Commune,Xã,48,Đà Nẵng,Da Nang,15.347825,108.369934,15.278897,15.40127,108.265621,108.469527,178.15
20950,Trà Linh,Tra Linh,Xã Trà Linh,Tra Linh Commune,Xã,48,Đà Nẵng,Da Nang,15.015751,108.05591,14.951316,15.09581,107.949997,108.162971,158.19
20900,Trà My,Tra My,Xã Trà My,Tra My Commune,Xã,48,Đà Nẵng,Da Nang,15.349139,108.234557,15.287586,15.403978,108.151072,108.311373,130.6
20923,Trà Tân,Tra Tan,Xã Trà Tân,Tra Tan Commune,Xã,48,Đà Nẵng,Da Nang,15.263646,108.184878,15.172731,15.340181,108.096723,108.300492,183.08
20941,Trà Tập,Tra Tap,Xã Trà Tập,Tra Tap Commune,Xã,48,Đà Nẵng,Da Nang,15.131269,108.059738,15.042656,15.238076,107.988564,108.119248,183.17
20959,Trà Vân,Tra Van,Xã Trà Vân,Tra Van Commune,Xã,48,Đà Nẵng,Da Nang,15.088947,108.209806,15.029354,15.149045,108.145246,108.260256,85.58
20920,Trà Đốc,Tra Doc,Xã Trà Đốc,Tra Doc Commune,Xã,48,Đà Nẵng,Da Nang,15.353242,108.06813,15.27035,15.434299,107.944966,108.180126,233.61
20767,Việt An,Viet An,Xã Việt An,Viet An Commune,Xã,48,Đà Nẵng,Da Nang,15.572852,108.172441,15.491422,15.644377,108.10008,108.257951,150.17
20539,Vu Gia,Vu Gia,Xã Vu Gia,Vu Gia Commune,Xã,48,Đà Nẵng,Da Nang,15.852156,108.069008,15.833602,15.87497,108.012965,108.114925,25.12
20650,Xuân Phú,Xuan Phu,Xã Xuân Phú,Xuan Phu Commune,Xã,48,Đà Nẵng,Da Nang,15.790378,108.302181,15.75266,15.829414,108.261023,108.352656,51.99
20716,Đắc Pring,Dac Pring,Xã Đắc Pring,Dac Pring Commune,Xã,48,Đà Nẵng,Da Nang,15.505444,107.601786,15.385832,15.613957,107.490226,107.707013,412.49
20500,Đại Lộc,Dai Loc,Xã Đại Lộc,Dai Loc Commune,Xã,48,Đà Nẵng,Da Nang,15.898958,108.103282,15.84274,15.948048,108.032946,108.152531,73.97
20551,Điện Bàn,Dien Ban,Phường Điện Bàn,Dien Ban Ward,Phường,48,Đà Nẵng,Da Nang,15.879245,108.267358,15.86015,15.904912,108.235896,108.313202,19.78
20557,Điện Bàn Bắc,Dien Ban Bac,Phường Điện Bàn Bắc,Dien Ban Bac Ward,Phường,48,Đà Nẵng,Da Nang,15.930262,108.182905,15.89512,15.965649,108.133243,108.237964,36.39
20569,Điện Bàn Tây,Dien Ban Tay,Xã Điện Bàn Tây,Dien Ban Tay Commune,Xã,48,Đà Nẵng,Da Nang,15.886432,108.177359,15.84987,15.928412,108.129449,108.227964,43.31
20579,Điện Bàn Đông,Dien Ban Dong,Phường Điện Bàn Đông,Dien Ban Dong Ward,Phường,48,Đà Nẵng,Da Nang,15.930335,108.274298,15.886394,15.972781,108.221943,108.329867,61.02
20818,Đồng Dương,Dong Duong,Xã Đồng Dương,Dong Duong Commune,Xã,48,Đà Nẵng,Da Nang,15.643934,108.284044,15.590268,15.704092,108.217619,108.341282,76.49
20467,Đông Giang,Dong Giang,Xã Đông Giang,Dong Giang Commune,Xã,48,Đà Nẵng,Da Nang,15.931622,107.659944,15.840867,16.019561,107.587508,107.738957,169.43
20977,Đức Phú,Duc Phu,Xã Đức Phú,Duc Phu Commune,Xã,48,Đà Nẵng,Da Nang,15.43966,108.503652,15.395412,15.490696,108.421746,108.582932,108.97
21034,An Phú,An Phu,Xã An Phú,An Phu Commune,Xã,51,Quảng Ngãi,Quang Ngai,15.121377,108.862503,15.094544,15.147839,108.820271,108.90399,33.93
21499,Ba Dinh,Ba Dinh,Xã Ba Dinh,Ba Dinh Commune,Xã,51,Quảng Ngãi,Quang Ngai,14.774605,108.644424,14.68816,14.85005,108.583484,108.707975,97.05
21205,Ba Gia,Ba Gia,Xã Ba Gia,Ba Gia Commune,Xã,51,Quảng Ngãi,Quang Ngai,15.216712,108.668956,15.164928,15.257702,108.610929,108.740324,66.14
21484,Ba Tơ,Ba To,Xã Ba Tơ,Ba To Commune,Xã,51,Quảng Ngãi,Quang Ngai,14.741168,108.734169,14.682152,14.804216,108.656881,108.801438,120.91
21523,Ba Tô,Ba To,Xã Ba Tô,Ba To Commune,Xã,51,Quảng Ngãi,Quang Ngai,14.647061,108.659998,14.532354,14.771068,108.547172,108.767071,274.4
21529,Ba Vì,Ba Vi,Xã Ba Vì,Ba Vi Commune,Xã,51,Quảng Ngãi,Quang Ngai,14.745934,108.553168,14.667093,14.815876,108.493718,108.605727,125.4
21490,Ba Vinh,Ba Vinh,Xã Ba Vinh,Ba Vinh Commune,Xã,51,Quảng Ngãi,Quang Ngai,14.844012,108.678159,14.786814,14.899129,108.603511,108.738136,115
21538,Ba Xa,Ba Xa,Xã Ba Xa,Ba Xa Commune,Xã,51,Quảng Ngãi,Quang Ngai,14.639665,108.55293,14.586548,14.690576,108.480515,108.613752,102.79
21496,Ba Động,Ba Dong,Xã Ba Động,Ba Dong Commune,Xã,51,Quảng Ngãi,Quang Ngai,14.820964,108.782836,14.757749,14.887652,108.720817,108.847012,103.01
21100,Bình Chương,Binh Chuong,Xã Bình Chương,Binh Chuong Commune,Xã,51,Quảng Ngãi,Quang Ngai,15.260676,108.696133,15.236045,15.291077,108.631038,108.751426,30.79
21085,Bình Minh,Binh Minh,Xã Bình Minh,Binh Minh Commune,Xã,51,Quảng Ngãi,Quang Ngai,15.313926,108.651705,15.259507,15.369948,108.57681,108.727002,128.6
21040,Bình Sơn,Binh Son,Xã Bình Sơn,Binh Son Commune,Xã,51,Quảng Ngãi,Quang Ngai,15.331312,108.745558,15.262726,15.398639,108.686359,108.791374,100.07
23377,Bờ Y,Bo Y,Xã Bờ Y,Bo Y Commune,Xã,51,Quảng Ngãi,Quang Ngai,14.706812,107.60933,14.603977,14.796061,107.505424,107.74023,242.11
21136,Cà Đam,Ca Dam,Xã Cà Đam,Ca Dam Commune,Xã,51,Quảng Ngãi,Quang Ngai,15.170381,108.528627,15.103601,15.226834,108.464665,108.605223,112.35
21025,Cẩm Thành,Cam Thanh,Phường Cẩm Thành,Cam Thanh Ward,Phường,51,Quảng Ngãi,Quang Ngai,15.113459,108.811931,15.094513,15.131368,108.796781,108.825488,7.93
23383,Dục Nông,Duc Nong,Xã Dục Nông,Duc Nong Commune,Xã,51,Quảng Ngãi,Quang Ngai,14.838571,107.677706,14.731068,14.975147,107.505308,107.79396,321.99
23326,Ia Chim,Ia Chim,Xã Ia Chim,Ia Chim Commune,Xã,51,Quảng Ngãi,Quang Ngai,14.315481,107.91371,14.241907,14.374228,107.845311,107.981079,115.49
23538,Ia Tơi,Ia Toi,Xã Ia Tơi,Ia Toi Commune,Xã,51,Quảng Ngãi,Quang Ngai,14.112521,107.531413,13.92365,14.264961,107.35647,107.687919,762.1
23535,Ia Đal,Ia Dal,Xã Ia Đal,Ia Dal Commune,Xã,51,Quảng Ngãi,Quang Ngai,14.214867,107.428941,14.077557,14.373739,107.332208,107.532508,218.11
21472,Khánh Cường,Khanh Cuong,Xã Khánh Cường,Khanh Cuong Commune,Xã,51,Quảng Ngãi,Quang Ngai,14.72928,109.006637,14.66625,14.831358,108.953319,109.069471,103.98
23497,Kon Braih,Kon Braih,Xã Kon Braih,Kon Braih Commune,Xã,51,Quảng Ngãi,Quang Ngai,14.432491,108.163147,14.334264,14.526709,108.07745,108.268545,250.89
23476,Kon Plông,Kon Plong,Xã Kon Plông,Kon Plong Commune,Xã,51,Quảng Ngãi,Quang Ngai,14.721121,108.414545,14.542688,14.912109,108.283578,108.547172,556.8
23293,Kon Tum,Kon Tum,Phường Kon Tum,Kon Tum Ward,Phường,51,Quảng Ngãi,Quang Ngai,14.354519,108.012918,14.325937,14.38311,107.986715,108.043453,19.14
23430,Kon Đào,Kon Dao,Xã Kon Đào,Kon Dao Commune,Xã,51,Quảng Ngãi,Quang Ngai,14.745586,107.864711,14.681264,14.816559,107.797427,107.940772,129.34
21433,Lân Phong,Lan Phong,Xã Lân Phong,Lan Phong Commune,Xã,51,Quảng Ngãi,Quang Ngai,14.915579,108.90666,14.879818,14.961197,108.822102,108.956454,57.01
21409,Long Phụng,Long Phung,Xã Long Phụng,Long Phung Commune,Xã,51,Quảng Ngãi,Quang Ngai,15.037559,108.879098,14.984165,15.09601,108.834293,108.917711,36.1
21548,Lý Sơn,Ly Son,Đặc khu Lý Sơn,Ly Son Special administrative region,Đặc khu,51,Quảng Ngãi,Quang Ngai,15.384978,109.115527,15.36916,15.433271,109.077145,109.147416,10.4
23455,Măng Bút,Mang But,Xã Măng Bút,Mang But Commune,Xã,51,Quảng Ngãi,Quang Ngai,14.913297,108.219611,14.778426,15.061925,108.124653,108.326329,417.53
23446,Măng Ri,Mang Ri,Xã Măng Ri,Mang Ri Commune,Xã,51,Quảng Ngãi,Quang Ngai,14.917452,108.027444,14.794838,15.037334,107.886068,108.15848,401.18
23473,Măng Đen,Mang Den,Xã Măng Đen,Mang Den Commune,Xã,51,Quảng Ngãi,Quang Ngai,14.680556,108.277579,14.554591,14.832154,108.125792,108.395276,396.93
21361,Minh Long,Minh Long,Xã Minh Long,Minh Long Commune,Xã,51,Quảng Ngãi,Quang Ngai,14.915625,108.652202,14.84953,14.973859,108.577033,108.740888,124.74
21421,Mỏ Cày,Mo Cay,Xã Mỏ Cày,Mo Cay Commune,Xã,51,Quảng Ngãi,Quang Ngai,14.993047,108.90012,14.951166,15.030659,108.858347,108.939111,44.8
23536,Mô Rai,Mo Rai,Xã Mô Rai,Mo Rai Commune,Xã,51,Quảng Ngãi,Quang Ngai,14.358049,107.589551,14.222299,14.475072,107.423689,107.739808,583.92
21400,Mộ Đức,Mo Duc,Xã Mộ Đức,Mo Duc Commune,Xã,51,Quảng Ngãi,Quang Ngai,14.937881,108.846966,14.883115,14.990522,108.791511,108.904787,76.17
21250,Nghĩa Giang,Nghia Giang,Xã Nghĩa Giang,Nghia Giang Commune,Xã,51,Quảng Ngãi,Quang Ngai,15.109516,108.740453,15.074165,15.154076,108.699165,108.798262,47.74
21364,Nghĩa Hành,Nghia Hanh,Xã Nghĩa Hành,Nghia Hanh Commune,Xã,51,Quảng Ngãi,Quang Ngai,15.059586,108.787238,15.031913,15.089942,108.754948,108.826213,24.4
21028,Nghĩa Lộ,Nghia Lo,Phường Nghĩa Lộ,Nghia Lo Ward,Phường,51,Quảng Ngãi,Quang Ngai,15.118607,108.784783,15.094318,15.141325,108.758464,108.81247,17.07
23365,Ngọc Linh,Ngoc Linh,Xã Ngọc Linh,Ngoc Linh Commune,Xã,51,Quảng Ngãi,Quang Ngai,15.10865,107.935843,14.998213,15.211948,107.882582,108.004693,180.35
23317,Ngọk Bay,Ngok Bay,Xã Ngọk Bay,Ngok Bay Commune,Xã,51,Quảng Ngãi,Quang Ngai,14.393455,107.924325,14.353364,14.436702,107.86171,107.991893,62.09
23515,Ngọk Réo,Ngok Reo,Xã Ngọk Réo,Ngok Reo Commune,Xã,51,Quảng Ngãi,Quang Ngai,14.495351,108.038406,14.415937,14.564783,107.963665,108.111188,170.29
23428,Ngọk Tụ,Ngok Tu,Xã Ngọk Tụ,Ngok Tu Commune,Xã,51,Quảng Ngãi,Quang Ngai,14.752885,107.767904,14.681427,14.846561,107.699725,107.833745,160.97
21457,Nguyễn Nghiêm,Nguyen Nghiem,Xã Nguyễn Nghiêm,Nguyen Nghiem Commune,Xã,51,Quảng Ngãi,Quang Ngai,14.840518,108.871672,14.779746,14.893607,108.816275,108.923586,95.33
21370,Phước Giang,Phuoc Giang,Xã Phước Giang,Phuoc Giang Commune,Xã,51,Quảng Ngãi,Quang Ngai,15.043283,108.737601,14.99405,15.087826,108.687534,108.786834,57.02
23530,Rờ Kơi,Ro Koi,Xã Rờ Kơi,Ro Koi Commune,Xã,51,Quảng Ngãi,Quang Ngai,14.512977,107.67085,14.440959,14.613446,107.49956,107.804302,298.29
23534,Sa Bình,Sa Binh,Xã Sa Bình,Sa Binh Commune,Xã,51,Quảng Ngãi,Quang Ngai,14.441263,107.842456,14.321418,14.546855,107.794738,107.88766,140.32
21478,Sa Huỳnh,Sa Huynh,Phường Sa Huỳnh,Sa Huynh Ward,Phường,51,Quảng Ngãi,Quang Ngai,14.656134,109.054722,14.577759,14.716161,109.016584,109.083977,49.95
23392,Sa Loong,Sa Loong,Xã Sa Loong,Sa Loong Commune,Xã,51,Quảng Ngãi,Quang Ngai,14.595978,107.634195,14.502135,14.69305,107.514824,107.759028,275.26
23527,Sa Thầy,Sa Thay,Xã Sa Thầy,Sa Thay Commune,Xã,51,Quảng Ngãi,Quang Ngai,14.43247,107.764406,14.366035,14.511556,107.695897,107.819559,137.89
21289,Sơn Hà,Son Ha,Xã Sơn Hà,Son Ha Commune,Xã,51,Quảng Ngãi,Quang Ngai,15.044867,108.434015,14.940028,15.1113,108.319913,108.50996,163.44
21292,Sơn Hạ,Son Ha,Xã Sơn Hạ,Son Ha Commune,Xã,51,Quảng Ngãi,Quang Ngai,15.08699,108.577606,15.013271,15.160895,108.497228,108.659003,154.29
21325,Sơn Kỳ,Son Ky,Xã Sơn Kỳ,Son Ky Commune,Xã,51,Quảng Ngãi,Quang Ngai,14.853824,108.514485,14.790109,14.933279,108.402955,108.60379,188.07
21307,Sơn Linh,Son Linh,Xã Sơn Linh,Son Linh Commune,Xã,51,Quảng Ngãi,Quang Ngai,14.997433,108.57659,14.917848,15.074473,108.507882,108.655867,126.7
21349,Sơn Mai,Son Mai,Xã Sơn Mai,Son Mai Commune,Xã,51,Quảng Ngãi,Quang Ngai,14.985929,108.69729,14.930829,15.04549,108.620398,108.772089,112.56
21340,Sơn Tây,Son Tay,Xã Sơn Tây,Son Tay Commune,Xã,51,Quảng Ngãi,Quang Ngai,14.966662,108.355408,14.873633,15.055392,108.285899,108.417219,127.06
21343,Sơn Tây Hạ,Son Tay Ha,Xã Sơn Tây Hạ,Son Tay Ha Commune,Xã,51,Quảng Ngãi,Quang Ngai,14.910941,108.41665,14.821932,14.993263,108.367451,108.481882,136.15
21334,Sơn Tây Thượng,Son Tay Thuong,Xã Sơn Tây Thượng,Son Tay Thuong Commune,Xã,51,Quảng Ngãi,Quang Ngai,15.040733,108.292043,14.962385,15.118278,108.234965,108.374469,122.43
21319,Sơn Thuỷ,Son Thuy,Xã Sơn Thuỷ,Son Thuy Commune,Xã,51,Quảng Ngãi,Quang Ngai,14.961634,108.50743,14.899794,15.035549,108.464983,108.571768,95.77
21220,Sơn Tịnh,Son Tinh,Xã Sơn Tịnh,Son Tinh Commune,Xã,51,Quảng Ngãi,Quang Ngai,15.176716,108.728689,15.128635,15.233465,108.675992,108.782693,59.78
21154,Tây Trà,Tay Tra,Xã Tây Trà,Tay Tra Commune,Xã,51,Quảng Ngãi,Quang Ngai,15.162385,108.337217,15.074043,15.247096,108.260256,108.405146,170.86
21157,Tây Trà Bồng,Tay Tra Bong,Xã Tây Trà Bồng,Tay Tra Bong Commune,Xã,51,Quảng Ngãi,Quang Ngai,15.150746,108.426005,15.081652,15.217002,108.362768,108.487832,129.05
21124,Thanh Bồng,Thanh Bong,Xã Thanh Bồng,Thanh Bong Commune,Xã,51,Quảng Ngãi,Quang Ngai,15.25987,108.38291,15.200492,15.31147,108.280967,108.467532,133.88
21388,Thiện Tín,Thien Tin,Xã Thiện Tín,Thien Tin Commune,Xã,51,Quảng Ngãi,Quang Ngai,14.917006,108.774471,14.847357,15.000828,108.716421,108.830073,99.1
21181,Thọ Phong,Tho Phong,Xã Thọ Phong,Tho Phong Commune,Xã,51,Quảng Ngãi,Quang Ngai,15.215771,108.775439,15.16959,15.270422,108.723006,108.834764,66.64
21211,Tịnh Khê,Tinh Khe,Xã Tịnh Khê,Tinh Khe Commune,Xã,51,Quảng Ngãi,Quang Ngai,15.175816,108.865448,15.141737,15.217375,108.818492,108.954124,46.05
21115,Trà Bồng,Tra Bong,Xã Trà Bồng,Tra Bong Commune,Xã,51,Quảng Ngãi,Quang Ngai,15.265504,108.502484,15.202461,15.331623,108.421709,108.575687,139.43
21451,Trà Câu,Tra Cau,Phường Trà Câu,Tra Cau Ward,Phường,51,Quảng Ngãi,Quang Ngai,14.865563,108.949431,14.825831,14.918235,108.906223,109.000456,54.46
21244,Trà Giang,Tra Giang,Xã Trà Giang,Tra Giang Commune,Xã,51,Quảng Ngãi,Quang Ngai,15.101326,108.668964,15.020197,15.164691,108.61256,108.723053,91.72
21196,Trường Giang,Truong Giang,Xã Trường Giang,Truong Giang Commune,Xã,51,Quảng Ngãi,Quang Ngai,15.167416,108.627206,15.126724,15.212953,108.576261,108.691986,51.3
21172,Trương Quang Trọng,Truong Quang Trong,Phường Trương Quang Trọng,Truong Quang Trong Ward,Phường,51,Quảng Ngãi,Quang Ngai,15.157373,108.808739,15.125128,15.192204,108.771261,108.849513,34.65
23425,Tu Mơ Rông,Tu Mo Rong,Xã Tu Mơ Rông,Tu Mo Rong Commune,Xã,51,Quảng Ngãi,Quang Ngai,14.818497,107.965021,14.738975,14.908432,107.902171,108.030009,152.13
21235,Tư Nghĩa,Tu Nghia,Xã Tư Nghĩa,Tu Nghia Commune,Xã,51,Quảng Ngãi,Quang Ngai,15.083435,108.840691,15.054561,15.116379,108.786611,108.899826,41.93
21061,Vạn Tường,Van Tuong,Xã Vạn Tường,Van Tuong Commune,Xã,51,Quảng Ngãi,Quang Ngai,15.33507,108.821955,15.267358,15.424986,108.77382,108.884074,109.28
21238,Vệ Giang,Ve Giang,Xã Vệ Giang,Ve Giang Commune,Xã,51,Quảng Ngãi,Quang Ngai,15.050921,108.85156,15.018487,15.087903,108.813651,108.893662,24.21
23356,Xốp,Xop,Xã Xốp,Xop Commune,Xã,51,Quảng Ngãi,Quang Ngai,15.118639,107.835375,15.003223,15.223423,107.761679,107.910175,265.86
23548,Ya Ly,Ya Ly,Xã Ya Ly,Ya Ly Commune,Xã,51,Quảng Ngãi,Quang Ngai,14.290447,107.770388,14.201828,14.389729,107.679427,107.857972,271.31
23302,Đăk Bla,Dak Bla,Phường Đăk Bla,Dak Bla Ward,Phường,51,Quảng Ngãi,Quang Ngai,14.323013,107.987429,14.289838,14.356487,107.969822,108.003128,14.99
23284,Đăk Cấm,Dak Cam,Phường Đăk Cấm,Dak Cam Ward,Phường,51,Quảng Ngãi,Quang Ngai,14.408992,108.014178,14.362175,14.453738,107.959503,108.082761,66.33
23500,Đăk Hà,Dak Ha,Xã Đăk Hà,Dak Ha Commune,Xã,51,Quảng Ngãi,Quang Ngai,14.463385,107.928426,14.397374,14.542962,107.879411,107.983995,104.08
23485,Đăk Kôi,Dak Koi,Xã Đăk Kôi,Dak Koi Commune,Xã,51,Quảng Ngãi,Quang Ngai,14.627468,108.152316,14.478776,14.76578,108.058895,108.242937,450.48
23368,Đăk Long,Dak Long,Xã Đăk Long,Dak Long Commune,Xã,51,Quảng Ngãi,Quang Ngai,14.964945,107.574367,14.862549,15.051536,107.466811,107.663371,280.5
23512,Đăk Mar,Dak Mar,Xã Đăk Mar,Dak Mar Commune,Xã,51,Quảng Ngãi,Quang Ngai,14.574209,107.924054,14.486942,14.654598,107.860762,107.996957,112.79
23374,Đăk Môn,Dak Mon,Xã Đăk Môn,Dak Mon Commune,Xã,51,Quảng Ngãi,Quang Ngai,14.95159,107.690104,14.856795,15.036014,107.633665,107.752329,150.8
23341,Đăk Pék,Dak Pek,Xã Đăk Pék,Dak Pek Commune,Xã,51,Quảng Ngãi,Quang Ngai,15.066767,107.742676,14.952067,15.157643,107.676042,107.806545,182.72
23344,Đăk Plô,Dak Plo,Xã Đăk Plô,Dak Plo Commune,Xã,51,Quảng Ngãi,Quang Ngai,15.210029,107.669291,15.018501,15.4175,107.582773,107.77697,433.41
23504,Đăk Pxi,Dak Pxi,Xã Đăk Pxi,Dak Pxi Commune,Xã,51,Quảng Ngãi,Quang Ngai,14.719087,108.005405,14.611689,14.829649,107.873448,108.141508,325.35
23332,Đăk Rơ Wa,Dak Ro Wa,Xã Đăk Rơ Wa,Dak Ro Wa Commune,Xã,51,Quảng Ngãi,Quang Ngai,14.311981,108.021484,14.227418,14.408456,107.931374,108.088268,157.98
23479,Đăk Rve,Dak Rve,Xã Đăk Rve,Dak Rve Commune,Xã,51,Quảng Ngãi,Quang Ngai,14.492512,108.290143,14.383635,14.572764,108.202882,108.383869,212.54
23416,Đăk Sao,Dak Sao,Xã Đăk Sao,Dak Sao Commune,Xã,51,Quảng Ngãi,Quang Ngai,14.942489,107.836092,14.837444,15.029363,107.775201,107.909575,172.29
23401,Đăk Tô,Dak To,Xã Đăk Tô,Dak To Commune,Xã,51,Quảng Ngãi,Quang Ngai,14.618829,107.824058,14.520247,14.69473,107.731808,107.914814,218.38
23419,Đăk Tờ Kan,Dak To Kan,Xã Đăk Tờ Kan,Dak To Kan Commune,Xã,51,Quảng Ngãi,Quang Ngai,14.849683,107.872716,14.781494,14.927403,107.806405,107.940987,131.84
23510,Đăk Ui,Dak Ui,Xã Đăk Ui,Dak Ui Commune,Xã,51,Quảng Ngãi,Quang Ngai,14.585921,108.008808,14.496517,14.673055,107.929946,108.076245,132.52
21520,Đặng Thuỳ Trâm,Dang Thuy Tram,Xã Đặng Thuỳ Trâm,Dang Thuy Tram Commune,Xã,51,Quảng Ngãi,Quang Ngai,14.728844,108.869132,14.668725,14.809598,108.763107,108.979495,199.4
21385,Đình Cương,Dinh Cuong,Xã Đình Cương,Dinh Cuong Commune,Xã,51,Quảng Ngãi,Quang Ngai,14.998821,108.811101,14.952761,15.054503,108.765631,108.854947,53.96
21109,Đông Sơn,Dong Son,Xã Đông Sơn,Dong Son Commune,Xã,51,Quảng Ngãi,Quang Ngai,15.241673,108.85123,15.184953,15.297094,108.751872,108.944016,115.83
21127,Đông Trà Bồng,Dong Tra Bong,Xã Đông Trà Bồng,Dong Tra Bong Commune,Xã,51,Quảng Ngãi,Quang Ngai,15.274914,108.583593,15.210992,15.345287,108.533241,108.642288,74.83
21439,Đức Phổ,Duc Pho,Phường Đức Phổ,Duc Pho Ward,Phường,51,Quảng Ngãi,Quang Ngai,14.800813,108.959131,14.742443,14.844241,108.909262,109.022637,69.33
23954,Al Bá,Al Ba,Xã Al Bá,Al Ba Commune,Xã,52,Gia Lai,Gia Lai,13.711311,108.147695,13.631076,13.773459,108.09333,108.196331,109.06
23614,An Bình,An Binh,Phường An Bình,An Binh Ward,Phường,52,Gia Lai,Gia Lai,13.969046,108.610049,13.915282,14.019264,108.554266,108.662954,73.13
21697,Ân Hảo,An Hao,Xã Ân Hảo,An Hao Commune,Xã,52,Gia Lai,Gia Lai,14.475998,108.932181,14.412713,14.551006,108.868118,108.997536,95.46
21628,An Hoà,An Hoa,Xã An Hoà,An Hoa Commune,Xã,52,Gia Lai,Gia Lai,14.538332,108.862744,14.499233,14.608601,108.750866,108.950319,101.48
23617,An Khê,An Khe,Phường An Khê,An Khe Ward,Phường,52,Gia Lai,Gia Lai,13.992947,108.672169,13.939067,14.036605,108.623525,108.714872,57.44
21609,An Lão,An Lao,Xã An Lão,An Lao Commune,Xã,52,Gia Lai,Gia Lai,14.630386,108.913892,14.555628,14.703128,108.855002,108.973348,103.87
21769,An Lương,An Luong,Xã An Lương,An Luong Commune,Xã,52,Gia Lai,Gia Lai,14.163813,109.161992,14.125154,14.216349,109.107341,109.294995,66.57
21910,An Nhơn,An Nhon,Phường An Nhơn,An Nhon Ward,Phường,52,Gia Lai,Gia Lai,13.923906,109.057581,13.89323,13.963092,109.020035,109.106327,34.62
21925,An Nhơn Bắc,An Nhon Bac,Phường An Nhơn Bắc,An Nhon Bac Ward,Phường,52,Gia Lai,Gia Lai,13.935945,109.126998,13.91418,13.961077,109.044864,109.188788,31.95
21943,An Nhơn Nam,An Nhon Nam,Phường An Nhơn Nam,An Nhon Nam Ward,Phường,52,Gia Lai,Gia Lai,13.8433,109.075245,13.786911,13.885709,109.023891,109.137583,60.05
21940,An Nhơn Tây,An Nhon Tay,Xã An Nhơn Tây,An Nhon Tay Commune,Xã,52,Gia Lai,Gia Lai,13.82289,109.014778,13.753057,13.892301,108.950752,109.076292,75.5
21934,An Nhơn Đông,An Nhon Dong,Phường An Nhơn Đông,An Nhon Dong Ward,Phường,52,Gia Lai,Gia Lai,13.910576,109.111815,13.890641,13.933524,109.084818,109.15401,17.21
23602,An Phú,An Phu,Phường An Phú,An Phu Ward,Phường,52,Gia Lai,Gia Lai,13.974541,108.06479,13.934322,14.006727,108.031535,108.098931,32.49
21622,An Toàn,An Toan,Xã An Toàn,An Toan Commune,Xã,52,Gia Lai,Gia Lai,14.493408,108.723271,14.363928,14.614948,108.627147,108.890286,295.34
21715,Ân Tường,An Tuong,Xã Ân Tường,An Tuong Commune,Xã,52,Gia Lai,Gia Lai,14.355208,108.869498,14.216019,14.492036,108.774026,108.981495,227.45
21616,An Vinh,An Vinh,Xã An Vinh,An Vinh Commune,Xã,52,Gia Lai,Gia Lai,14.613609,108.814369,14.530563,14.695269,108.730112,108.894265,196.19
23798,Ayun,Ayun,Xã Ayun,Ayun Commune,Xã,52,Gia Lai,Gia Lai,14.143394,108.312765,14.045155,14.239179,108.248957,108.373673,202.24
24044,Ayun Pa,Ayun Pa,Phường Ayun Pa,Ayun Pa Ward,Phường,52,Gia Lai,Gia Lai,13.409437,108.435469,13.380668,13.440728,108.407427,108.460335,17.61
23896,Bàu Cạn,Bau Can,Xã Bàu Cạn,Bau Can Commune,Xã,52,Gia Lai,Gia Lai,13.834081,107.888463,13.775121,13.879552,107.821078,107.974296,114.25
23590,Biển Hồ,Bien Ho,Xã Biển Hồ,Bien Ho Commune,Xã,52,Gia Lai,Gia Lai,14.084114,108.037381,13.999865,14.178652,107.937411,108.109755,170.44
21829,Bình An,Binh An,Xã Bình An,Binh An Commune,Xã,52,Gia Lai,Gia Lai,13.943887,108.933919,13.906312,13.999956,108.859981,109.029722,80.97
21733,Bình Dương,Binh Duong,Xã Bình Dương,Binh Duong Commune,Xã,52,Gia Lai,Gia Lai,14.269311,109.100771,14.213723,14.316912,109.046033,109.142179,65.81
21817,Bình Hiệp,Binh Hiep,Xã Bình Hiệp,Binh Hiep Commune,Xã,52,Gia Lai,Gia Lai,14.015629,108.933689,13.927232,14.134758,108.852996,109.029825,161.23
21820,Bình Khê,Binh Khe,Xã Bình Khê,Binh Khe Commune,Xã,52,Gia Lai,Gia Lai,13.973329,108.807458,13.908079,14.048735,108.744218,108.878999,151.83
21835,Bình Phú,Binh Phu,Xã Bình Phú,Binh Phu Commune,Xã,52,Gia Lai,Gia Lai,13.863173,108.843167,13.757019,13.948541,108.741669,108.931331,200.46
21907,Bình Định,Binh Dinh,Phường Bình Định,Binh Dinh Ward,Phường,52,Gia Lai,Gia Lai,13.89294,109.058304,13.874145,13.91461,108.996637,109.128736,25.16
23947,Bờ Ngoong,Bo Ngoong,Xã Bờ Ngoong,Bo Ngoong Commune,Xã,52,Gia Lai,Gia Lai,13.81006,108.086474,13.747277,13.86274,107.998057,108.176225,172.11
21640,Bồng Sơn,Bong Son,Phường Bồng Sơn,Bong Son Ward,Phường,52,Gia Lai,Gia Lai,14.403648,109.029386,14.355704,14.465549,108.967794,109.092033,81.11
21997,Canh Liên,Canh Lien,Xã Canh Liên,Canh Lien Commune,Xã,52,Gia Lai,Gia Lai,13.680673,108.888245,13.528401,13.836862,108.813521,108.959317,331.67
22006,Canh Vinh,Canh Vinh,Xã Canh Vinh,Canh Vinh Commune,Xã,52,Gia Lai,Gia Lai,13.711737,109.01493,13.594099,13.820704,108.929402,109.116472,258.72
21880,Cát Tiến,Cat Tien,Xã Cát Tiến,Cat Tien Commune,Xã,52,Gia Lai,Gia Lai,14.023053,109.205378,13.926723,14.097424,109.115191,109.25955,103.36
23851,Chơ Long,Cho Long,Xã Chơ Long,Cho Long Commune,Xã,52,Gia Lai,Gia Lai,13.755434,108.421256,13.660818,13.837015,108.353023,108.503173,195.07
24049,Chư A Thai,Chu A Thai,Xã Chư A Thai,Chu A Thai Commune,Xã,52,Gia Lai,Gia Lai,13.568355,108.278608,13.474487,13.666407,108.231904,108.342422,133.92
23830,Chư Krey,Chu Krey,Xã Chư Krey,Chu Krey Commune,Xã,52,Gia Lai,Gia Lai,13.8858,108.441474,13.809162,13.970237,108.365582,108.531533,195.59
23722,Chư Păh,Chu Pah,Xã Chư Păh,Chu Pah Commune,Xã,52,Gia Lai,Gia Lai,14.135725,107.961996,14.080328,14.193339,107.885285,108.045855,103.58
23887,Chư Prông,Chu Prong,Xã Chư Prông,Chu Prong Commune,Xã,52,Gia Lai,Gia Lai,13.768748,107.90104,13.709564,13.835004,107.806816,107.985014,124.77
23942,Chư Pưh,Chu Puh,Xã Chư Pưh,Chu Puh Commune,Xã,52,Gia Lai,Gia Lai,13.517984,108.138486,13.451752,13.577789,108.019112,108.236155,184.44
23941,Chư Sê,Chu Se,Xã Chư Sê,Chu Se Commune,Xã,52,Gia Lai,Gia Lai,13.703447,108.070793,13.616521,13.796907,107.994612,108.15907,124.93
23629,Cửu An,Cuu An,Xã Cửu An,Cuu An Commune,Xã,52,Gia Lai,Gia Lai,14.027674,108.709534,13.916468,14.128555,108.646973,108.763972,132.96
23563,Diên Hồng,Dien Hong,Phường Diên Hồng,Dien Hong Ward,Phường,52,Gia Lai,Gia Lai,13.951317,107.975178,13.923559,13.996376,107.940002,108.003629,26.71
23611,Gào,Gao,Xã Gào,Gao Commune,Xã,52,Gia Lai,Gia Lai,13.904848,107.903373,13.834084,13.972807,107.796907,108.012887,182.47
21871,Hoà Hội,Hoa Hoi,Xã Hoà Hội,Hoa Hoi Commune,Xã,52,Gia Lai,Gia Lai,14.046316,109.018574,13.998578,14.098863,108.927724,109.090663,87.06
21688,Hoài Ân,Hoai An,Xã Hoài Ân,Hoai An Commune,Xã,52,Gia Lai,Gia Lai,14.323915,108.980803,14.237568,14.390633,108.907492,109.032272,115.72
21664,Hoài Nhơn,Hoai Nhon,Phường Hoài Nhơn,Hoai Nhon Ward,Phường,52,Gia Lai,Gia Lai,14.509224,109.048903,14.469311,14.560157,109.003579,109.088907,40.32
21655,Hoài Nhơn Bắc,Hoai Nhon Bac,Phường Hoài Nhơn Bắc,Hoai Nhon Bac Ward,Phường,52,Gia Lai,Gia Lai,14.619844,109.008125,14.554227,14.674258,108.950435,109.082454,89.45
21673,Hoài Nhơn Nam,Hoai Nhon Nam,Phường Hoài Nhơn Nam,Hoai Nhon Nam Ward,Phường,52,Gia Lai,Gia Lai,14.464593,109.01757,14.42974,14.499256,108.979311,109.064185,37.67
21661,Hoài Nhơn Tây,Hoai Nhon Tay,Phường Hoài Nhơn Tây,Hoai Nhon Tay Ward,Phường,52,Gia Lai,Gia Lai,14.537233,108.984035,14.481242,14.602861,108.93885,109.047472,78.15
21670,Hoài Nhơn Đông,Hoai Nhon Dong,Phường Hoài Nhơn Đông,Hoai Nhon Dong Ward,Phường,52,Gia Lai,Gia Lai,14.447918,109.086971,14.389006,14.50935,109.040944,109.127059,64.36
23586,Hội Phú,Hoi Phu,Phường Hội Phú,Hoi Phu Ward,Phường,52,Gia Lai,Gia Lai,13.934062,108.020218,13.880392,13.974094,107.991505,108.048372,34.86
21868,Hội Sơn,Hoi Son,Xã Hội Sơn,Hoi Son Commune,Xã,52,Gia Lai,Gia Lai,14.123137,108.94335,14.029314,14.222283,108.868185,109.012641,182.34
23799,Hra,Hra,Xã Hra,Hra Commune,Xã,52,Gia Lai,Gia Lai,14.062151,108.389502,13.933107,14.172368,108.30605,108.463726,230.89
23710,Ia Băng,Ia Bang,Xã Ia Băng,Ia Bang Commune,Xã,52,Gia Lai,Gia Lai,13.898947,108.077411,13.849283,13.981088,107.998522,108.152589,116.24
23911,Ia Boòng,Ia Boong,Xã Ia Boòng,Ia Boong Commune,Xã,52,Gia Lai,Gia Lai,13.679364,107.840527,13.593403,13.74866,107.751762,107.942914,196.07
23788,Ia Chia,Ia Chia,Xã Ia Chia,Ia Chia Commune,Xã,52,Gia Lai,Gia Lai,13.885792,107.585057,13.840797,13.939292,107.454321,107.697406,172.86
23869,Ia Dơk,Ia Dok,Xã Ia Dơk,Ia Dok Commune,Xã,52,Gia Lai,Gia Lai,13.851253,107.676657,13.787535,13.922327,107.598742,107.738971,100.53
23872,Ia Dom,Ia Dom,Xã Ia Dom,Ia Dom Commune,Xã,52,Gia Lai,Gia Lai,13.807846,107.534677,13.756137,13.862732,107.45136,107.626964,145.43
24100,Ia Dreh,Ia Dreh,Xã Ia Dreh,Ia Dreh Commune,Xã,52,Gia Lai,Gia Lai,13.084362,108.638483,12.99602,13.180009,108.488428,108.760462,379.69
23764,Ia Grai,Ia Grai,Xã Ia Grai,Ia Grai Commune,Xã,52,Gia Lai,Gia Lai,14.010403,107.791421,13.934522,14.084408,107.69118,107.897374,239.84
24061,Ia Hiao,Ia Hiao,Xã Ia Hiao,Ia Hiao Commune,Xã,52,Gia Lai,Gia Lai,13.420824,108.342926,13.342653,13.48701,108.263552,108.437342,108.38
23971,Ia Hrú,Ia Hru,Xã Ia Hrú,Ia Hru Commune,Xã,52,Gia Lai,Gia Lai,13.614951,108.186295,13.532637,13.706564,108.041759,108.316664,241.8
23767,Ia Hrung,Ia Hrung,Xã Ia Hrung,Ia Hrung Commune,Xã,52,Gia Lai,Gia Lai,14.020617,107.918728,13.938559,14.105653,107.844703,107.989146,169.15
23728,Ia Khươl,Ia Khuol,Xã Ia Khươl,Ia Khuol Commune,Xã,52,Gia Lai,Gia Lai,14.260227,108.098866,14.143185,14.392396,107.934672,108.232487,351.97
23977,Ia Ko,Ia Ko,Xã Ia Ko,Ia Ko Commune,Xã,52,Gia Lai,Gia Lai,13.584675,108.003585,13.479987,13.71038,107.91879,108.093428,210.72
23776,Ia Krái,Ia Krai,Xã Ia Krái,Ia Krai Commune,Xã,52,Gia Lai,Gia Lai,14.005273,107.684552,13.877762,14.140564,107.54417,107.809347,307.83
23866,Ia Krêl,Ia Krel,Xã Ia Krêl,Ia Krel Commune,Xã,52,Gia Lai,Gia Lai,13.820358,107.776894,13.71834,13.899819,107.69631,107.833153,146.92
23935,Ia Lâu,Ia Lau,Xã Ia Lâu,Ia Lau Commune,Xã,52,Gia Lai,Gia Lai,13.461624,107.870514,13.38471,13.555088,107.795197,107.950687,215.02
23986,Ia Le,Ia Le,Xã Ia Le,Ia Le Commune,Xã,52,Gia Lai,Gia Lai,13.440654,108.060526,13.372992,13.511387,107.922668,108.225914,316.88
23734,Ia Ly,Ia Ly,Xã Ia Ly,Ia Ly Commune,Xã,52,Gia Lai,Gia Lai,14.185226,107.778149,14.122455,14.275772,107.657864,107.897069,210.56
23938,Ia Mơ,Ia Mo,Xã Ia Mơ,Ia Mo Commune,Xã,52,Gia Lai,Gia Lai,13.461615,107.709988,13.304485,13.601772,107.606719,107.813161,435.6
23884,Ia Nan,Ia Nan,Xã Ia Nan,Ia Nan Commune,Xã,52,Gia Lai,Gia Lai,13.723184,107.579594,13.658381,13.794265,107.498033,107.638431,90.31
23782,Ia O,Ia O,Xã Ia O,Ia O Commune,Xã,52,Gia Lai,Gia Lai,13.950457,107.542746,13.887669,14.013918,107.457727,107.621609,137.39
24022,Ia Pa,Ia Pa,Xã Ia Pa,Ia Pa Commune,Xã,52,Gia Lai,Gia Lai,13.51593,108.447461,13.4054,13.618929,108.392021,108.498513,103.19
23749,Ia Phí,Ia Phi,Xã Ia Phí,Ia Phi Commune,Xã,52,Gia Lai,Gia Lai,14.152605,107.856373,14.073077,14.28295,107.733367,107.948897,212.03
23926,Ia Pia,Ia Pia,Xã Ia Pia,Ia Pia Commune,Xã,52,Gia Lai,Gia Lai,13.600434,107.898459,13.513041,13.685252,107.78128,108.018395,238.59
23881,Ia Pnôn,Ia Pnon,Xã Ia Pnôn,Ia Pnon Commune,Xã,52,Gia Lai,Gia Lai,13.71006,107.632674,13.618275,13.799664,107.565454,107.687375,114.01
23917,Ia Púch,Ia Puch,Xã Ia Púch,Ia Puch Commune,Xã,52,Gia Lai,Gia Lai,13.619771,107.692361,13.539635,13.706558,107.573519,107.798146,267.3
24065,Ia Rbol,Ia Rbol,Xã Ia Rbol,Ia Rbol Commune,Xã,52,Gia Lai,Gia Lai,13.349392,108.384676,13.255458,13.422103,108.310608,108.444326,154.97
24112,Ia Rsai,Ia Rsai,Xã Ia Rsai,Ia Rsai Commune,Xã,52,Gia Lai,Gia Lai,13.358422,108.681356,13.209017,13.473934,108.520274,108.807687,473.69
24073,Ia Sao,Ia Sao,Xã Ia Sao,Ia Sao Commune,Xã,52,Gia Lai,Gia Lai,13.295102,108.453465,13.179882,13.386525,108.409348,108.52441,114.6
23908,Ia Tôr,Ia Tor,Xã Ia Tôr,Ia Tor Commune,Xã,52,Gia Lai,Gia Lai,13.753195,107.979174,13.677201,13.880871,107.923749,108.018483,102.31
24028,Ia Tul,Ia Tul,Xã Ia Tul,Ia Tul Commune,Xã,52,Gia Lai,Gia Lai,13.503832,108.578604,13.359929,13.630158,108.452191,108.741554,587.51
23638,Kbang,Kbang,Xã Kbang,Kbang Commune,Xã,52,Gia Lai,Gia Lai,14.185123,108.55334,14.111917,14.252597,108.434802,108.681756,288.83
23714,KDang,KDang,Xã KDang,KDang Commune,Xã,52,Gia Lai,Gia Lai,13.944044,108.190253,13.834396,14.081207,108.122276,108.245085,178.88
21727,Kim Sơn,Kim Son,Xã Kim Sơn,Kim Son Commune,Xã,52,Gia Lai,Gia Lai,14.249488,108.861877,14.142835,14.35408,108.785842,108.949955,202.7
23818,Kon Chiêng,Kon Chieng,Xã Kon Chiêng,Kon Chieng Commune,Xã,52,Gia Lai,Gia Lai,13.757054,108.293934,13.672064,13.87038,108.182743,108.378544,273.51
23701,Kon Gang,Kon Gang,Xã Kon Gang,Kon Gang Commune,Xã,52,Gia Lai,Gia Lai,14.087699,108.135644,13.997213,14.164714,108.081469,108.203676,145.84
23674,Kông Bơ La,Kong Bo La,Xã Kông Bơ La,Kong Bo La Commune,Xã,52,Gia Lai,Gia Lai,14.094506,108.622786,14.008921,14.183498,108.552008,108.686852,133.42
23824,Kông Chro,Kong Chro,Xã Kông Chro,Kong Chro Commune,Xã,52,Gia Lai,Gia Lai,13.7172,108.509785,13.609254,13.834247,108.458028,108.567275,200.79
23650,Krong,Krong,Xã Krong,Krong Commune,Xã,52,Gia Lai,Gia Lai,14.275062,108.43384,14.155019,14.379392,108.323439,108.540805,311.58
23812,Lơ Pang,Lo Pang,Xã Lơ Pang,Lo Pang Commune,Xã,52,Gia Lai,Gia Lai,13.882192,108.275002,13.749311,14.006406,108.160539,108.383606,316.16
23794,Mang Yang,Mang Yang,Xã Mang Yang,Mang Yang Commune,Xã,52,Gia Lai,Gia Lai,14.060044,108.243992,13.944598,14.159913,108.165812,108.320412,173.59
21901,Ngô Mây,Ngo May,Xã Ngô Mây,Ngo May Commune,Xã,52,Gia Lai,Gia Lai,13.974333,109.197181,13.900896,14.036207,109.157144,109.266397,61.42
21607,Nhơn Châu,Nhon Chau,Xã Nhơn Châu,Nhon Chau Commune,Xã,52,Gia Lai,Gia Lai,13.620091,109.34905,13.592825,13.635013,109.337463,109.370951,3.62
21853,Phù Cát,Phu Cat,Xã Phù Cát,Phu Cat Commune,Xã,52,Gia Lai,Gia Lai,14.002344,109.073925,13.938115,14.063545,109.014286,109.139226,83.96
21730,Phù Mỹ,Phu My,Xã Phù Mỹ,Phu My Commune,Xã,52,Gia Lai,Gia Lai,14.180648,109.082443,14.137311,14.213948,109.039168,109.131963,54.47
21739,Phù Mỹ Bắc,Phu My Bac,Xã Phù Mỹ Bắc,Phu My Bac Commune,Xã,52,Gia Lai,Gia Lai,14.331823,109.069082,14.263683,14.407158,109.014284,109.187777,100.98
21775,Phù Mỹ Nam,Phu My Nam,Xã Phù Mỹ Nam,Phu My Nam Commune,Xã,52,Gia Lai,Gia Lai,14.127535,109.046649,14.081673,14.170039,108.98562,109.115583,85.1
21757,Phù Mỹ Tây,Phu My Tay,Xã Phù Mỹ Tây,Phu My Tay Commune,Xã,52,Gia Lai,Gia Lai,14.214035,109.025401,14.157722,14.269289,108.964393,109.114196,97.53
21751,Phù Mỹ Đông,Phu My Dong,Xã Phù Mỹ Đông,Phu My Dong Commune,Xã,52,Gia Lai,Gia Lai,14.263916,109.150216,14.191123,14.351328,109.105744,109.216254,85.62
24043,Phú Thiện,Phu Thien,Xã Phú Thiện,Phu Thien Commune,Xã,52,Gia Lai,Gia Lai,13.488589,108.317238,13.367925,13.609772,108.202066,108.426226,262.87
24076,Phú Túc,Phu Tuc,Xã Phú Túc,Phu Tuc Commune,Xã,52,Gia Lai,Gia Lai,13.234687,108.774894,13.11532,13.400394,108.65357,108.873147,357.97
23575,Pleiku,Pleiku,Phường Pleiku,Pleiku Ward,Phường,52,Gia Lai,Gia Lai,13.997097,108.030678,13.965607,14.033631,107.995062,108.063431,25
24013,Pờ Tó,Po To,Xã Pờ Tó,Po To Commune,Xã,52,Gia Lai,Gia Lai,13.632519,108.393117,13.554363,13.694069,108.28248,108.48008,177.9
21583,Quy Nhơn,Quy Nhon,Phường Quy Nhơn,Quy Nhon Ward,Phường,52,Gia Lai,Gia Lai,13.782086,109.237152,13.757227,13.803238,109.196206,109.269484,21.78
21553,Quy Nhơn Bắc,Quy Nhon Bac,Phường Quy Nhơn Bắc,Quy Nhon Bac Ward,Phường,52,Gia Lai,Gia Lai,13.788046,109.166791,13.765835,13.818699,109.131396,109.204561,23.7
21592,Quy Nhơn Nam,Quy Nhon Nam,Phường Quy Nhơn Nam,Quy Nhon Nam Ward,Phường,52,Gia Lai,Gia Lai,13.728567,109.206399,13.667566,13.781541,109.180847,109.255736,36.36
21589,Quy Nhơn Tây,Quy Nhon Tay,Phường Quy Nhơn Tây,Quy Nhon Tay Ward,Phường,52,Gia Lai,Gia Lai,13.701501,109.140784,13.608299,13.77568,109.089423,109.193314,118.63
21601,Quy Nhơn Đông,Quy Nhon Dong,Phường Quy Nhơn Đông,Quy Nhon Dong Ward,Phường,52,Gia Lai,Gia Lai,13.82788,109.259612,13.753771,13.903667,109.175433,109.352584,81.97
23647,Sơn Lang,Son Lang,Xã Sơn Lang,Son Lang Commune,Xã,52,Gia Lai,Gia Lai,14.395241,108.575319,14.232633,14.589414,108.486339,108.665396,451.01
23839,SRó,SRo,Xã SRó,SRo Commune,Xã,52,Gia Lai,Gia Lai,13.710915,108.65262,13.585523,13.843746,108.550277,108.774393,343.88
21637,Tam Quan,Tam Quan,Phường Tam Quan,Tam Quan Ward,Phường,52,Gia Lai,Gia Lai,14.572872,109.010304,14.532907,14.617347,108.946734,109.062094,29.82
21808,Tây Sơn,Tay Son,Xã Tây Sơn,Tay Son Commune,Xã,52,Gia Lai,Gia Lai,13.871152,108.956303,13.81951,13.930358,108.887241,109.014764,97.7
23584,Thống Nhất,Thong Nhat,Phường Thống Nhất,Thong Nhat Ward,Phường,52,Gia Lai,Gia Lai,14.021599,107.988994,13.990245,14.063716,107.959582,108.030243,22.92
23668,Tơ Tung,To Tung,Xã Tơ Tung,To Tung Commune,Xã,52,Gia Lai,Gia Lai,14.067093,108.526271,13.999215,14.130222,108.444542,108.595174,141.35
21952,Tuy Phước,Tuy Phuoc,Xã Tuy Phước,Tuy Phuoc Commune,Xã,52,Gia Lai,Gia Lai,13.834364,109.179418,13.797495,13.868572,109.116068,109.24871,53.37
21964,Tuy Phước Bắc,Tuy Phuoc Bac,Xã Tuy Phước Bắc,Tuy Phuoc Bac Commune,Xã,52,Gia Lai,Gia Lai,13.885867,109.157366,13.84694,13.921686,109.12024,109.192084,37.03
21985,Tuy Phước Tây,Tuy Phuoc Tay,Xã Tuy Phước Tây,Tuy Phuoc Tay Commune,Xã,52,Gia Lai,Gia Lai,13.792923,109.102933,13.743159,13.846747,109.054917,109.143833,68.81
21970,Tuy Phước Đông,Tuy Phuoc Dong,Xã Tuy Phước Đông,Tuy Phuoc Dong Commune,Xã,52,Gia Lai,Gia Lai,13.885725,109.214721,13.834914,13.937842,109.169036,109.259402,60.66
24109,Uar,Uar,Xã Uar,Uar Commune,Xã,52,Gia Lai,Gia Lai,13.225654,108.542207,13.108667,13.3624,108.436938,108.666037,412.31
21994,Vân Canh,Van Canh,Xã Vân Canh,Van Canh Commune,Xã,52,Gia Lai,Gia Lai,13.594734,109.008996,13.522693,13.673225,108.918396,109.11831,208.75
21703,Vạn Đức,Van Duc,Xã Vạn Đức,Van Duc Commune,Xã,52,Gia Lai,Gia Lai,14.417473,108.901144,14.35582,14.493802,108.827164,109.002798,111.88
21805,Vĩnh Quang,Vinh Quang,Xã Vĩnh Quang,Vinh Quang Commune,Xã,52,Gia Lai,Gia Lai,14.06368,108.784418,14.016623,14.11981,108.699305,108.869795,89.35
21787,Vĩnh Sơn,Vinh Son,Xã Vĩnh Sơn,Vinh Son Commune,Xã,52,Gia Lai,Gia Lai,14.334795,108.711507,14.216847,14.459755,108.601113,108.81797,328.89
21786,Vĩnh Thạnh,Vinh Thanh,Xã Vĩnh Thạnh,Vinh Thanh Commune,Xã,52,Gia Lai,Gia Lai,14.178998,108.727228,14.077564,14.264497,108.664487,108.793492,164.76
21796,Vĩnh Thịnh,Vinh Thinh,Xã Vĩnh Thịnh,Vinh Thinh Commune,Xã,52,Gia Lai,Gia Lai,14.141268,108.814552,14.055817,14.228752,108.758581,108.875349,133.91
21892,Xuân An,Xuan An,Xã Xuân An,Xuan An Commune,Xã,52,Gia Lai,Gia Lai,13.985039,109.131849,13.938457,14.0447,109.081278,109.172226,67.61
24007,Ya Hội,Ya Hoi,Xã Ya Hội,Ya Hoi Commune,Xã,52,Gia Lai,Gia Lai,13.87607,108.698589,13.789111,13.966198,108.598168,108.797179,215.75
23833,Ya Ma,Ya Ma,Xã Ya Ma,Ya Ma Commune,Xã,52,Gia Lai,Gia Lai,13.817713,108.58228,13.713177,13.906357,108.505511,108.66298,176.88
23995,Đak Pơ,Dak Po,Xã Đak Pơ,Dak Po Commune,Xã,52,Gia Lai,Gia Lai,13.968684,108.507589,13.879213,14.067827,108.414594,108.619896,223.33
23644,Đak Rong,Dak Rong,Xã Đak Rong,Dak Rong Commune,Xã,52,Gia Lai,Gia Lai,14.437472,108.407655,14.234228,14.603566,108.291574,108.538272,516.25
23683,Đak Sơmei,Dak Somei,Xã Đak Sơmei,Dak Somei Commune,Xã,52,Gia Lai,Gia Lai,14.25637,108.227964,14.134317,14.39792,108.078414,108.323835,344.24
23842,Đăk Song,Dak Song,Xã Đăk Song,Dak Song Commune,Xã,52,Gia Lai,Gia Lai,13.670251,108.769501,13.55476,13.82277,108.667333,108.852132,327.49
23677,Đak Đoa,Dak Doa,Xã Đak Đoa,Dak Doa Commune,Xã,52,Gia Lai,Gia Lai,13.968914,108.131056,13.902572,14.032764,108.073179,108.177881,83.37
21859,Đề Gi,De Gi,Xã Đề Gi,De Gi Commune,Xã,52,Gia Lai,Gia Lai,14.099826,109.138353,14.054442,14.157503,109.05969,109.211803,94.97
23857,Đức Cơ,Duc Co,Xã Đức Cơ,Duc Co Commune,Xã,52,Gia Lai,Gia Lai,13.753595,107.716668,13.680863,13.819003,107.652801,107.779211,124.66
22828,Anh Dũng,Anh Dung,Xã Anh Dũng,Anh Dung Commune,Xã,56,Khánh Hoà,Khanh Hoa,11.620217,108.675102,11.500684,11.735196,108.551542,108.803835,320.6
22423,Ba Ngòi,Ba Ngoi,Phường Ba Ngòi,Ba Ngoi Ward,Phường,56,Khánh Hoà,Khanh Hoa,11.932825,109.074322,11.897045,11.972058,109.000224,109.146582,78.2
22795,Bác Ái,Bac Ai,Xã Bác Ái,Bac Ai Commune,Xã,56,Khánh Hoà,Khanh Hoa,11.826828,108.859014,11.735774,11.967842,108.791845,108.947547,188.5
22786,Bác Ái Tây,Bac Ai Tay,Xã Bác Ái Tây,Bac Ai Tay Commune,Xã,56,Khánh Hoà,Khanh Hoa,11.994922,108.761653,11.821749,12.164803,108.65979,108.865148,478.7
22801,Bác Ái Đông,Bac Ai Dong,Xã Bác Ái Đông,Bac Ai Dong Commune,Xã,56,Khánh Hoà,Khanh Hoa,11.869001,108.95629,11.785025,11.952532,108.866672,109.058155,235.2
22411,Bắc Cam Ranh,Bac Cam Ranh,Phường Bắc Cam Ranh,Bac Cam Ranh Ward,Phường,56,Khánh Hoà,Khanh Hoa,11.982773,109.171191,11.859623,12.024965,109.129867,109.284077,134
22615,Bắc Khánh Vĩnh,Bac Khanh Vinh,Xã Bắc Khánh Vĩnh,Bac Khanh Vinh Commune,Xã,56,Khánh Hoà,Khanh Hoa,12.405387,108.960494,12.333497,12.505557,108.860583,109.064981,144.2
22333,Bắc Nha Trang,Bac Nha Trang,Phường Bắc Nha Trang,Bac Nha Trang Ward,Phường,56,Khánh Hoà,Khanh Hoa,12.322177,109.171229,12.258706,12.379471,109.11146,109.245908,97
22546,Bắc Ninh Hoà,Bac Ninh Hoa,Xã Bắc Ninh Hoà,Bac Ninh Hoa Commune,Xã,56,Khánh Hoà,Khanh Hoa,12.636678,109.100284,12.489437,12.753719,108.985734,109.212457,237
22741,Bảo An,Bao An,Phường Bảo An,Bao An Ward,Phường,56,Khánh Hoà,Khanh Hoa,11.59637,108.973596,11.569063,11.623588,108.928997,109.003564,18.5
22909,Cà Ná,Ca Na,Xã Cà Ná,Ca Na Commune,Xã,56,Khánh Hoà,Khanh Hoa,11.351321,108.909792,11.306942,11.397386,108.843956,108.961302,63.9
22465,Cam An,Cam An,Xã Cam An,Cam An Commune,Xã,56,Khánh Hoà,Khanh Hoa,11.995945,109.061275,11.936549,12.052466,108.992877,109.144834,122
22435,Cam Hiệp,Cam Hiep,Xã Cam Hiệp,Cam Hiep Commune,Xã,56,Khánh Hoà,Khanh Hoa,12.072101,109.055931,12.014042,12.12658,108.944013,109.125407,115.1
22453,Cam Lâm,Cam Lam,Xã Cam Lâm,Cam Lam Commune,Xã,56,Khánh Hoà,Khanh Hoa,12.085412,109.149201,11.989168,12.173501,109.05685,109.327898,149.9
22432,Cam Linh,Cam Linh,Phường Cam Linh,Cam Linh Ward,Phường,56,Khánh Hoà,Khanh Hoa,11.9095,109.150089,11.895632,11.922788,109.133513,109.167133,4.8
22420,Cam Ranh,Cam Ranh,Phường Cam Ranh,Cam Ranh Ward,Phường,56,Khánh Hoà,Khanh Hoa,11.935511,109.160187,11.914529,11.956615,109.130398,109.187852,17.5
22840,Công Hải,Cong Hai,Xã Công Hải,Cong Hai Commune,Xã,56,Khánh Hoà,Khanh Hoa,11.795507,109.089397,11.728035,11.860793,108.988345,109.195449,124.3
22651,Diên Khánh,Dien Khanh,Xã Diên Khánh,Dien Khanh Commune,Xã,56,Khánh Hoà,Khanh Hoa,12.243198,109.109484,12.213134,12.271774,109.084977,109.130055,18.4
22678,Diên Lạc,Dien Lac,Xã Diên Lạc,Dien Lac Commune,Xã,56,Khánh Hoà,Khanh Hoa,12.24881,109.063842,12.235466,12.265212,109.01481,109.098642,14.9
22660,Diên Lâm,Dien Lam,Xã Diên Lâm,Dien Lam Commune,Xã,56,Khánh Hoà,Khanh Hoa,12.321002,109.017661,12.261352,12.389182,108.933139,109.09242,117.8
22672,Diên Thọ,Dien Tho,Xã Diên Thọ,Dien Tho Commune,Xã,56,Khánh Hoà,Khanh Hoa,12.239782,108.993087,12.171528,12.285931,108.952391,109.06039,73.6
22657,Diên Điền,Dien Dien,Xã Diên Điền,Dien Dien Commune,Xã,56,Khánh Hoà,Khanh Hoa,12.302214,109.096328,12.261198,12.36157,109.050849,109.142955,63.7
22591,Hoà Thắng,Hoa Thang,Phường Hoà Thắng,Hoa Thang Ward,Phường,56,Khánh Hoà,Khanh Hoa,12.457402,109.198194,12.40247,12.492932,109.123012,109.263933,78.6
22558,Hoà Trí,Hoa Tri,Xã Hoà Trí,Hoa Tri Commune,Xã,56,Khánh Hoà,Khanh Hoa,12.591741,109.059358,12.508554,12.689436,108.978225,109.132088,109.4
22714,Khánh Sơn,Khanh Son,Xã Khánh Sơn,Khanh Son Commune,Xã,56,Khánh Hoà,Khanh Hoa,12.020272,108.912027,11.947383,12.102306,108.865105,108.956576,98.7
22609,Khánh Vĩnh,Khanh Vinh,Xã Khánh Vĩnh,Khanh Vinh Commune,Xã,56,Khánh Hoà,Khanh Hoa,12.178158,108.914934,12.087467,12.293542,108.835715,108.97565,192.4
22813,Lâm Sơn,Lam Son,Xã Lâm Sơn,Lam Son Commune,Xã,56,Khánh Hoà,Khanh Hoa,11.837107,108.707201,11.772814,11.921466,108.619417,108.798351,191.5
22822,Mỹ Sơn,My Son,Xã Mỹ Sơn,My Son Commune,Xã,56,Khánh Hoà,Khanh Hoa,11.708451,108.891069,11.630653,11.805077,108.758335,108.999325,248.1
22480,Nam Cam Ranh,Nam Cam Ranh,Xã Nam Cam Ranh,Nam Cam Ranh Commune,Xã,56,Khánh Hoà,Khanh Hoa,11.855555,109.114719,11.771851,11.919238,109.047091,109.256718,92.6
22648,Nam Khánh Vĩnh,Nam Khanh Vinh,Xã Nam Khánh Vĩnh,Nam Khanh Vinh Commune,Xã,56,Khánh Hoà,Khanh Hoa,12.20943,108.816414,12.135703,12.28262,108.710202,108.918953,197.1
22402,Nam Nha Trang,Nam Nha Trang,Phường Nam Nha Trang,Nam Nha Trang Ward,Phường,56,Khánh Hoà,Khanh Hoa,12.194741,109.168213,12.14084,12.254135,109.114665,109.223734,82.2
22597,Nam Ninh Hoà,Nam Ninh Hoa,Xã Nam Ninh Hoà,Nam Ninh Hoa Commune,Xã,56,Khánh Hoà,Khanh Hoa,12.419851,109.076549,12.343025,12.48485,108.943234,109.201254,201.4
22366,Nha Trang,Nha Trang,Phường Nha Trang,Nha Trang Ward,Phường,56,Khánh Hoà,Khanh Hoa,12.211408,109.269144,12.162082,12.284966,109.181081,109.370786,47.1
22834,Ninh Chử,Ninh Chu,Phường Ninh Chử,Ninh Chu Ward,Phường,56,Khánh Hoà,Khanh Hoa,11.599241,109.017808,11.575189,11.625869,108.993998,109.050456,20.4
22852,Ninh Hải,Ninh Hai,Xã Ninh Hải,Ninh Hai Commune,Xã,56,Khánh Hoà,Khanh Hoa,11.657329,109.082013,11.58162,11.748186,109.028227,109.130639,100.1
22528,Ninh Hoà,Ninh Hoa,Phường Ninh Hoà,Ninh Hoa Ward,Phường,56,Khánh Hoà,Khanh Hoa,12.508726,109.139313,12.475693,12.549135,109.079904,109.197836,35.8
22870,Ninh Phước,Ninh Phuoc,Xã Ninh Phước,Ninh Phuoc Commune,Xã,56,Khánh Hoà,Khanh Hoa,11.527296,108.954151,11.468039,11.590185,108.911133,108.99075,65.4
22810,Ninh Sơn,Ninh Son,Xã Ninh Sơn,Ninh Son Commune,Xã,56,Khánh Hoà,Khanh Hoa,11.752322,108.746321,11.707254,11.797446,108.662884,108.819655,99.3
22759,Phan Rang,Phan Rang,Phường Phan Rang,Phan Rang Ward,Phường,56,Khánh Hoà,Khanh Hoa,11.564193,108.992142,11.541869,11.587706,108.972029,109.007968,9.4
22888,Phước Dinh,Phuoc Dinh,Xã Phước Dinh,Phuoc Dinh Commune,Xã,56,Khánh Hoà,Khanh Hoa,11.427175,108.976812,11.315391,11.561808,108.917877,109.027956,154
22900,Phước Hà,Phuoc Ha,Xã Phước Hà,Phuoc Ha Commune,Xã,56,Khánh Hoà,Khanh Hoa,11.489871,108.771335,11.383297,11.597145,108.663841,108.865821,230
22873,Phước Hậu,Phuoc Hau,Xã Phước Hậu,Phuoc Hau Commune,Xã,56,Khánh Hoà,Khanh Hoa,11.608073,108.872331,11.551219,11.655559,108.801461,108.942761,74.7
22891,Phước Hữu,Phuoc Huu,Xã Phước Hữu,Phuoc Huu Commune,Xã,56,Khánh Hoà,Khanh Hoa,11.566858,108.831465,11.479339,11.64926,108.732859,108.91865,177.7
22708,Suối Dầu,Suoi Dau,Xã Suối Dầu,Suoi Dau Commune,Xã,56,Khánh Hoà,Khanh Hoa,12.145642,109.042703,12.074566,12.214146,108.940369,109.167449,160.1
22702,Suối Hiệp,Suoi Hiep,Xã Suối Hiệp,Suoi Hiep Commune,Xã,56,Khánh Hoà,Khanh Hoa,12.211933,109.048202,12.165974,12.245573,108.98488,109.113585,55.3
22576,Tân Định,Tan Dinh,Xã Tân Định,Tan Dinh Commune,Xã,56,Khánh Hoà,Khanh Hoa,12.497821,109.052421,12.445569,12.564343,108.980388,109.129615,92.4
22720,Tây Khánh Sơn,Tay Khanh Son,Xã Tây Khánh Sơn,Tay Khanh Son Commune,Xã,56,Khánh Hoà,Khanh Hoa,12.073992,108.841596,11.963845,12.160328,108.783494,108.904163,125.6
22624,Tây Khánh Vĩnh,Tay Khanh Vinh,Xã Tây Khánh Vĩnh,Tay Khanh Vinh Commune,Xã,56,Khánh Hoà,Khanh Hoa,12.310727,108.777646,12.217221,12.39944,108.676358,108.951607,294.3
22390,Tây Nha Trang,Tay Nha Trang,Phường Tây Nha Trang,Tay Nha Trang Ward,Phường,56,Khánh Hoà,Khanh Hoa,12.261107,109.1569,12.225737,12.293386,109.119081,109.194847,27.9
22552,Tây Ninh Hoà,Tay Ninh Hoa,Xã Tây Ninh Hoà,Tay Ninh Hoa Commune,Xã,56,Khánh Hoà,Khanh Hoa,12.564878,108.957971,12.461252,12.6872,108.871465,109.040735,275.9
22849,Thuận Bắc,Thuan Bac,Xã Thuận Bắc,Thuan Bac Commune,Xã,56,Khánh Hoà,Khanh Hoa,11.731503,109.039186,11.661263,11.794465,108.967836,109.113644,137.2
22897,Thuận Nam,Thuan Nam,Xã Thuận Nam,Thuan Nam Commune,Xã,56,Khánh Hoà,Khanh Hoa,11.43712,108.884819,11.375755,11.512342,108.801571,108.962637,140.8
22612,Trung Khánh Vĩnh,Trung Khanh Vinh,Xã Trung Khánh Vĩnh,Trung Khanh Vinh Commune,Xã,56,Khánh Hoà,Khanh Hoa,12.409638,108.817241,12.309212,12.505628,108.669332,108.944078,338.5
22736,Trường Sa,Spratly,Đặc khu Trường Sa,Spratly Special administrative region,Đặc khu,56,Khánh Hoà,Khanh Hoa,9.288659,113.975565,7.183812,11.534387,109.473441,117.827998,496.3
22498,Tu Bông,Tu Bong,Xã Tu Bông,Tu Bong Commune,Xã,56,Khánh Hoà,Khanh Hoa,12.792047,109.274876,12.730767,12.844042,109.212541,109.331591,99.6
22525,Vạn Hưng,Van Hung,Xã Vạn Hưng,Van Hung Commune,Xã,56,Khánh Hoà,Khanh Hoa,12.652038,109.158782,12.582271,12.720099,109.103858,109.220536,86.1
22489,Vạn Ninh,Van Ninh,Xã Vạn Ninh,Van Ninh Commune,Xã,56,Khánh Hoà,Khanh Hoa,12.734351,109.161839,12.657028,12.812959,109.085093,109.264965,130.5
22516,Vạn Thắng,Van Thang,Xã Vạn Thắng,Van Thang Commune,Xã,56,Khánh Hoà,Khanh Hoa,12.766565,109.215724,12.698828,12.831912,109.15511,109.276831,74.8
22846,Vĩnh Hải,Vinh Hai,Xã Vĩnh Hải,Vinh Hai Commune,Xã,56,Khánh Hoà,Khanh Hoa,11.683168,109.153802,11.562843,11.786795,109.074549,109.233502,161.2
22861,Xuân Hải,Xuan Hai,Xã Xuân Hải,Xuan Hai Commune,Xã,56,Khánh Hoà,Khanh Hoa,11.646161,108.997271,11.609635,11.688534,108.955223,109.040508,43.4
22504,Đại Lãnh,Dai Lanh,Xã Đại Lãnh,Dai Lanh Commune,Xã,56,Khánh Hoà,Khanh Hoa,12.679519,109.376217,12.546552,12.869069,109.279087,109.469088,171
22738,Đô Vinh,Do Vinh,Phường Đô Vinh,Do Vinh Ward,Phường,56,Khánh Hoà,Khanh Hoa,11.63819,108.927914,11.591914,11.682329,108.869679,108.97261,62
22780,Đông Hải,Dong Hai,Phường Đông Hải,Dong Hai Ward,Phường,56,Khánh Hoà,Khanh Hoa,11.559829,109.015038,11.536337,11.580329,108.998103,109.036273,11
22732,Đông Khánh Sơn,Dong Khanh Son,Xã Đông Khánh Sơn,Dong Khanh Son Commune,Xã,56,Khánh Hoà,Khanh Hoa,11.990358,108.967491,11.914803,12.077507,108.899289,109.007886,114.3
22561,Đông Ninh Hoà,Dong Ninh Hoa,Phường Đông Ninh Hoà,Dong Ninh Hoa Ward,Phường,56,Khánh Hoà,Khanh Hoa,12.455677,109.261542,12.336175,12.59353,109.173558,109.380005,134.2
22045,Bình Kiến,Binh Kien,Phường Bình Kiến,Binh Kien Ward,Phường,66,Đắk Lắk,Dak Lak,13.137885,109.251337,13.097457,13.18009,109.178318,109.32352,73.71
24305,Buôn Hồ,Buon Ho,Phường Buôn Hồ,Buon Ho Ward,Phường,66,Đắk Lắk,Dak Lak,12.894351,108.2509,12.843703,12.948488,108.211403,108.287346,66.54
24133,Buôn Ma Thuột,Buon Ma Thuot,Phường Buôn Ma Thuột,Buon Ma Thuot Ward,Phường,66,Đắk Lắk,Dak Lak,12.708935,108.028015,12.655268,12.746517,107.966351,108.079369,71.99
24235,Buôn Đôn,Buon Don,Xã Buôn Đôn,Buon Don Commune,Xã,66,Đắk Lắk,Dak Lak,12.93149,107.67918,12.778125,13.088634,107.484181,107.972715,1113.79
24340,Cư Bao,Cu Bao,Phường Cư Bao,Cu Bao Ward,Phường,66,Đắk Lắk,Dak Lak,12.805499,108.251945,12.7544,12.866297,108.187893,108.315701,104.94
24280,Cư M'gar,Cu M'gar,Xã Cư M'gar,Cu M'gar Commune,Xã,66,Đắk Lắk,Dak Lak,12.870574,108.068747,12.82232,12.928069,108.005969,108.146431,114.98
24436,Cư M'ta,Cu M'ta,Xã Cư M'ta,Cu M'ta Commune,Xã,66,Đắk Lắk,Dak Lak,12.719329,108.877776,12.63789,12.816285,108.732605,108.995587,261.06
24313,Cư Pơng,Cu Pong,Xã Cư Pơng,Cu Pong Commune,Xã,66,Đắk Lắk,Dak Lak,13.043239,108.151985,12.963199,13.127455,108.094821,108.213171,137.81
24415,Cư Prao,Cu Prao,Xã Cư Prao,Cu Prao Commune,Xã,66,Đắk Lắk,Dak Lak,12.860311,108.676089,12.767373,12.954615,108.581908,108.793412,204.89
24478,Cư Pui,Cu Pui,Xã Cư Pui,Cu Pui Commune,Xã,66,Đắk Lắk,Dak Lak,12.533297,108.54573,12.405866,12.618952,108.424432,108.718933,314.08
24406,Cư Yang,Cu Yang,Xã Cư Yang,Cu Yang Commune,Xã,66,Đắk Lắk,Dak Lak,12.647996,108.628355,12.573333,12.71531,108.562341,108.695125,149.43
24301,Cuôr Đăng,Cuor Dang,Xã Cuôr Đăng,Cuor Dang Commune,Xã,66,Đắk Lắk,Dak Lak,12.777564,108.168295,12.714765,12.834779,108.115533,108.227679,102.84
24454,Dang Kang,Dang Kang,Xã Dang Kang,Dang Kang Commune,Xã,66,Đắk Lắk,Dak Lak,12.574643,108.31879,12.522455,12.627854,108.247397,108.391986,105.91
24346,Dliê Ya,Dlie Ya,Xã Dliê Ya,Dlie Ya Commune,Xã,66,Đắk Lắk,Dak Lak,13.087891,108.347661,12.986566,13.156575,108.274166,108.436555,179.73
24561,Dray Bhăng,Dray Bhang,Xã Dray Bhăng,Dray Bhang Commune,Xã,66,Đắk Lắk,Dak Lak,12.547889,108.173485,12.490593,12.5974,108.076215,108.254605,101.37
24568,Dur Kmăl,Dur Kmal,Xã Dur Kmăl,Dur Kmal Commune,Xã,66,Đắk Lắk,Dak Lak,12.473851,108.12004,12.414164,12.529637,108.057112,108.178675,114.49
22225,Ea Bá,Ea Ba,Xã Ea Bá,Ea Ba Commune,Xã,66,Đắk Lắk,Dak Lak,12.971843,108.818729,12.867134,13.060146,108.773973,108.894745,131.79
24229,Ea Bung,Ea Bung,Xã Ea Bung,Ea Bung Commune,Xã,66,Đắk Lắk,Dak Lak,13.126933,107.695064,13.060076,13.225286,107.511363,107.880406,390.08
24181,Ea Drăng,Ea Drang,Xã Ea Drăng,Ea Drang Commune,Xã,66,Đắk Lắk,Dak Lak,13.21923,108.221781,13.12321,13.307549,108.136563,108.315399,171.34
24328,Ea Drông,Ea Drong,Xã Ea Drông,Ea Drong Commune,Xã,66,Đắk Lắk,Dak Lak,12.866339,108.320767,12.793737,12.930582,108.267081,108.372687,111.13
24184,Ea H'Leo,Ea H'Leo,Xã Ea H'Leo,Ea H'Leo Commune,Xã,66,Đắk Lắk,Dak Lak,13.340706,108.095262,13.259066,13.416638,107.966013,108.238446,340.06
24187,Ea Hiao,Ea Hiao,Xã Ea Hiao,Ea Hiao Commune,Xã,66,Đắk Lắk,Dak Lak,13.248239,108.325993,13.125646,13.373635,108.19719,108.465946,361.69
24169,Ea Kao,Ea Kao,Phường Ea Kao,Ea Kao Ward,Phường,66,Đắk Lắk,Dak Lak,12.610859,108.047935,12.553052,12.667153,108.011038,108.082504,60.7
24373,Ea Kar,Ea Kar,Xã Ea Kar,Ea Kar Commune,Xã,66,Đắk Lắk,Dak Lak,12.79963,108.46814,12.709507,12.896685,108.371242,108.54705,198.67
24208,Ea Khăl,Ea Khal,Xã Ea Khăl,Ea Khal Commune,Xã,66,Đắk Lắk,Dak Lak,13.135012,108.126916,13.047872,13.223151,107.976906,108.280272,247.05
24265,Ea Kiết,Ea Kiet,Xã Ea Kiết,Ea Kiet Commune,Xã,66,Đắk Lắk,Dak Lak,12.992632,108.034651,12.916224,13.076085,107.946231,108.125122,201.83
24496,Ea Kly,Ea Kly,Xã Ea Kly,Ea Kly Commune,Xã,66,Đắk Lắk,Dak Lak,12.762603,108.401418,12.682388,12.839321,108.334303,108.46121,107.63
24376,Ea Knốp,Ea Knop,Xã Ea Knốp,Ea Knop Commune,Xã,66,Đắk Lắk,Dak Lak,12.92076,108.572705,12.760319,13.034497,108.444817,108.724814,448.65
24505,Ea Knuếc,Ea Knuec,Xã Ea Knuếc,Ea Knuec Commune,Xã,66,Đắk Lắk,Dak Lak,12.695438,108.21043,12.628734,12.759832,108.130225,108.269973,122.39
24544,Ea Ktur,Ea Ktur,Xã Ea Ktur,Ea Ktur Commune,Xã,66,Đắk Lắk,Dak Lak,12.614091,108.13445,12.56631,12.663237,108.060533,108.20399,100.72
22237,Ea Ly,Ea Ly,Xã Ea Ly,Ea Ly Commune,Xã,66,Đắk Lắk,Dak Lak,13.004222,108.753877,12.898748,13.101586,108.672526,108.818004,140.35
24286,Ea M'Droh,Ea M'Droh,Xã Ea M'Droh,Ea M'Droh Commune,Xã,66,Đắk Lắk,Dak Lak,12.866928,107.972224,12.784258,12.937524,107.915114,108.026751,134
24559,Ea Na,Ea Na,Xã Ea Na,Ea Na Commune,Xã,66,Đắk Lắk,Dak Lak,12.537832,108.005311,12.492669,12.593662,107.887582,108.12123,134.18
24540,Ea Ning,Ea Ning,Xã Ea Ning,Ea Ning Commune,Xã,66,Đắk Lắk,Dak Lak,12.604079,108.235315,12.543489,12.662508,108.177065,108.285129,86.21
24250,Ea Nuôl,Ea Nuol,Xã Ea Nuôl,Ea Nuol Commune,Xã,66,Đắk Lắk,Dak Lak,12.738735,107.958338,12.667973,12.814855,107.889374,108.02608,111.74
24403,Ea Ô,Ea O,Xã Ea Ô,Ea O Commune,Xã,66,Đắk Lắk,Dak Lak,12.653641,108.527871,12.579605,12.725303,108.450244,108.590458,137.73
24400,Ea Păl,Ea Pal,Xã Ea Păl,Ea Pal Commune,Xã,66,Đắk Lắk,Dak Lak,12.736736,108.606432,12.681849,12.777822,108.528606,108.687904,102.52
24502,Ea Phê,Ea Phe,Xã Ea Phê,Ea Phe Commune,Xã,66,Đắk Lắk,Dak Lak,12.726006,108.363936,12.646927,12.803841,108.30115,108.421595,84.66
24433,Ea Riêng,Ea Rieng,Xã Ea Riêng,Ea Rieng Commune,Xã,66,Đắk Lắk,Dak Lak,12.798906,108.838676,12.738118,12.875339,108.749358,108.940851,167.56
24217,Ea Rốk,Ea Rok,Xã Ea Rốk,Ea Rok Commune,Xã,66,Đắk Lắk,Dak Lak,13.266816,107.887019,13.142582,13.40053,107.749538,108.002699,544.6
24211,Ea Súp,Ea Sup,Xã Ea Súp,Ea Sup Commune,Xã,66,Đắk Lắk,Dak Lak,13.063433,107.888313,12.951908,13.171812,107.705111,108.049203,418.72
24445,Ea Trang,Ea Trang,Xã Ea Trang,Ea Trang Commune,Xã,66,Đắk Lắk,Dak Lak,12.612971,108.842563,12.536509,12.687351,108.750872,108.919088,207.4
24277,Ea Tul,Ea Tul,Xã Ea Tul,Ea Tul Commune,Xã,66,Đắk Lắk,Dak Lak,12.909888,108.148253,12.827483,12.979049,108.041694,108.222038,159.51
24241,Ea Wer,Ea Wer,Xã Ea Wer,Ea Wer Commune,Xã,66,Đắk Lắk,Dak Lak,12.830221,107.883513,12.74766,12.908976,107.805061,107.953978,184.61
24193,Ea Wy,Ea Wy,Xã Ea Wy,Ea Wy Commune,Xã,66,Đắk Lắk,Dak Lak,13.213038,108.061318,13.136946,13.292335,107.977278,108.143929,213.94
22261,Hoà Hiệp,Hoa Hiep,Phường Hoà Hiệp,Hoa Hiep Ward,Phường,66,Đắk Lắk,Dak Lak,12.989871,109.372782,12.943941,13.039922,109.329414,109.431669,40.81
22285,Hoà Mỹ,Hoa My,Xã Hoà Mỹ,Hoa My Commune,Xã,66,Đắk Lắk,Dak Lak,12.885833,109.157945,12.780406,12.980314,109.090826,109.23484,190.14
24175,Hoà Phú,Hoa Phu,Xã Hoà Phú,Hoa Phu Commune,Xã,66,Đắk Lắk,Dak Lak,12.616236,107.95782,12.554107,12.690924,107.891859,108.036613,109.07
24472,Hoà Sơn,Hoa Son,Xã Hoà Sơn,Hoa Son Commune,Xã,66,Đắk Lắk,Dak Lak,12.489732,108.268237,12.431434,12.536128,108.176186,108.340756,108.55
22276,Hoà Thịnh,Hoa Thinh,Xã Hoà Thịnh,Hoa Thinh Commune,Xã,66,Đắk Lắk,Dak Lak,12.889621,109.257024,12.813282,12.990383,109.195569,109.33082,159.23
22291,Hoà Xuân,Hoa Xuan,Xã Hoà Xuân,Hoa Xuan Commune,Xã,66,Đắk Lắk,Dak Lak,12.90382,109.386877,12.82571,12.980882,109.313217,109.458875,129.33
24214,Ia Lốp,Ia Lop,Xã Ia Lốp,Ia Lop Commune,Xã,66,Đắk Lắk,Dak Lak,13.315013,107.730071,13.249103,13.378172,107.601964,107.834692,194.09
24221,Ia Rvê,Ia Rve,Xã Ia Rvê,Ia Rve Commune,Xã,66,Đắk Lắk,Dak Lak,13.223253,107.650942,13.148197,13.297294,107.55921,107.763336,217.83
24444,Krông Á,Krong A,Xã Krông Á,Krong A Commune,Xã,66,Đắk Lắk,Dak Lak,12.581981,108.759511,12.452806,12.734931,108.65446,108.882802,291.6
24538,Krông Ana,Krong Ana,Xã Krông Ana,Krong Ana Commune,Xã,66,Đắk Lắk,Dak Lak,12.448576,108.013067,12.39556,12.509716,107.921418,108.079998,107.23
24448,Krông Bông,Krong Bong,Xã Krông Bông,Krong Bong Commune,Xã,66,Đắk Lắk,Dak Lak,12.48164,108.381438,12.402396,12.561128,108.301597,108.444462,166.03
24310,Krông Búk,Krong Buk,Xã Krông Búk,Krong Buk Commune,Xã,66,Đắk Lắk,Dak Lak,13.054901,108.239588,12.989128,13.126474,108.180135,108.29965,134.83
24343,Krông Năng,Krong Nang,Xã Krông Năng,Krong Nang Commune,Xã,66,Đắk Lắk,Dak Lak,12.971885,108.336611,12.917403,13.030425,108.275944,108.403916,98.34
24604,Krông Nô,Krong No,Xã Krông Nô,Krong No Commune,Xã,66,Đắk Lắk,Dak Lak,12.240059,108.25569,12.160547,12.313502,108.062493,108.451107,282.01
24490,Krông Pắc,Krong Pac,Xã Krông Pắc,Krong Pac Commune,Xã,66,Đắk Lắk,Dak Lak,12.702835,108.300911,12.636856,12.767816,108.248222,108.361794,112.52
24580,Liên Sơn Lắk,Lien Son Lak,Xã Liên Sơn Lắk,Lien Son Lak Commune,Xã,66,Đắk Lắk,Dak Lak,12.381406,108.328172,12.275154,12.482655,108.156272,108.502937,398.82
24412,M'Drắk,M'Drak,Xã M'Drắk,M'Drak Commune,Xã,66,Đắk Lắk,Dak Lak,12.795582,108.720991,12.704347,12.87491,108.644364,108.795504,151.87
24607,Nam Ka,Nam Ka,Xã Nam Ka,Nam Ka Commune,Xã,66,Đắk Lắk,Dak Lak,12.333216,108.015143,12.261715,12.41882,107.912377,108.120482,172.86
22147,Ô Loan,O Loan,Xã Ô Loan,O Loan Commune,Xã,66,Đắk Lắk,Dak Lak,13.253607,109.254412,13.19602,13.313208,109.194791,109.342478,103.48
22319,Phú Hoà 1,Phu Hoa 1,Xã Phú Hoà 1,Commune Phu Hoa 1,Xã,66,Đắk Lắk,Dak Lak,13.048134,109.159583,12.989581,13.132676,109.079126,109.273725,142.54
22303,Phú Hoà 2,Phu Hoa 2,Xã Phú Hoà 2,Commune Phu Hoa 2,Xã,66,Đắk Lắk,Dak Lak,13.096965,109.193436,13.047834,13.155411,109.130573,109.260596,95.78
22096,Phú Mỡ,Phu Mo,Xã Phú Mỡ,Phu Mo Commune,Xã,66,Đắk Lắk,Dak Lak,13.448686,108.877968,13.288104,13.578076,108.702888,109.031091,547.2
24364,Phú Xuân,Phu Xuan,Xã Phú Xuân,Phu Xuan Commune,Xã,66,Đắk Lắk,Dak Lak,12.927569,108.430862,12.839355,13.000186,108.334312,108.519903,140.74
22240,Phú Yên,Phu Yen,Phường Phú Yên,Phu Yen Ward,Phường,66,Đắk Lắk,Dak Lak,13.042496,109.313589,13.004005,13.087564,109.273364,109.356121,44.04
24316,Pơng Drang,Pong Drang,Xã Pơng Drang,Pong Drang Commune,Xã,66,Đắk Lắk,Dak Lak,12.960312,108.234024,12.900058,13.001682,108.169913,108.301384,85.03
24259,Quảng Phú,Quang Phu,Xã Quảng Phú,Quang Phu Commune,Xã,66,Đắk Lắk,Dak Lak,12.791017,108.07097,12.73983,12.843491,108.004881,108.145183,111.34
22165,Sơn Hoà,Son Hoa,Xã Sơn Hoà,Son Hoa Commune,Xã,66,Đắk Lắk,Dak Lak,13.105854,108.991333,13.024709,13.18815,108.872578,109.111784,267.39
22250,Sơn Thành,Son Thanh,Xã Sơn Thành,Son Thanh Commune,Xã,66,Đắk Lắk,Dak Lak,12.944723,109.082508,12.849908,13.04909,109.000263,109.192404,218.11
22051,Sông Cầu,Song Cau,Phường Sông Cầu,Song Cau Ward,Phường,66,Đắk Lắk,Dak Lak,13.482409,109.25879,13.379617,13.539106,109.199919,109.330538,90.49
22207,Sông Hinh,Song Hinh,Xã Sông Hinh,Song Hinh Commune,Xã,66,Đắk Lắk,Dak Lak,12.86086,108.956941,12.704723,13.013763,108.814437,109.115213,460.13
22192,Suối Trai,Suoi Trai,Xã Suối Trai,Suoi Trai Commune,Xã,66,Đắk Lắk,Dak Lak,13.096836,108.852543,13.01061,13.173826,108.756301,108.931477,186.95
24352,Tam Giang,Tam Giang,Xã Tam Giang,Tam Giang Commune,Xã,66,Đắk Lắk,Dak Lak,13.043975,108.438448,12.92821,13.149684,108.365972,108.521215,195.8
24163,Tân An,Tan An,Phường Tân An,Tan An Ward,Phường,66,Đắk Lắk,Dak Lak,12.72026,108.109792,12.685597,12.76722,108.056076,108.165268,56.41
24121,Tân Lập,Tan Lap,Phường Tân Lập,Tan Lap Ward,Phường,66,Đắk Lắk,Dak Lak,12.664736,108.096689,12.620033,12.695673,108.056468,108.147977,46.7
24526,Tân Tiến,Tan Tien,Xã Tân Tiến,Tan Tien Commune,Xã,66,Đắk Lắk,Dak Lak,12.623268,108.369865,12.548831,12.686045,108.279454,108.427211,89.43
22255,Tây Hoà,Tay Hoa,Xã Tây Hoà,Tay Hoa Commune,Xã,66,Đắk Lắk,Dak Lak,12.99089,109.244767,12.926594,13.036145,109.179384,109.30914,55.14
22171,Tây Sơn,Tay Son,Xã Tây Sơn,Tay Son Commune,Xã,66,Đắk Lắk,Dak Lak,13.261492,108.924915,13.161702,13.400394,108.804298,109.037478,334.62
24154,Thành Nhất,Thanh Nhat,Phường Thành Nhất,Thanh Nhat Ward,Phường,66,Đắk Lắk,Dak Lak,12.656542,107.997652,12.611386,12.69887,107.963082,108.031437,32.22
22114,Tuy An Bắc,Tuy An Bac,Xã Tuy An Bắc,Tuy An Bac Commune,Xã,66,Đắk Lắk,Dak Lak,13.318794,109.202341,13.265308,13.373527,109.152788,109.241562,52.32
22153,Tuy An Nam,Tuy An Nam,Xã Tuy An Nam,Tuy An Nam Commune,Xã,66,Đắk Lắk,Dak Lak,13.183348,109.230739,13.1416,13.225263,109.145322,109.306453,69.99
22132,Tuy An Tây,Tuy An Tay,Xã Tuy An Tây,Tuy An Tay Commune,Xã,66,Đắk Lắk,Dak Lak,13.25011,109.151872,13.168695,13.325765,109.093782,109.210503,136.2
22120,Tuy An Đông,Tuy An Dong,Xã Tuy An Đông,Tuy An Dong Commune,Xã,66,Đắk Lắk,Dak Lak,13.332067,109.258622,13.28339,13.365976,109.214277,109.298752,46.05
22015,Tuy Hoà,Tuy Hoa,Phường Tuy Hoà,Tuy Hoa Ward,Phường,66,Đắk Lắk,Dak Lak,13.081337,109.288132,13.03647,13.11662,109.256232,109.328942,33.77
22177,Vân Hoà,Van Hoa,Xã Vân Hoà,Van Hoa Commune,Xã,66,Đắk Lắk,Dak Lak,13.180987,109.082125,13.100383,13.258513,109.016319,109.154993,151.47
24529,Vụ Bổn,Vu Bon,Xã Vụ Bổn,Vu Bon Commune,Xã,66,Đắk Lắk,Dak Lak,12.624304,108.446474,12.536346,12.697039,108.400035,108.497702,109.13
22060,Xuân Cảnh,Xuan Canh,Xã Xuân Cảnh,Xuan Canh Commune,Xã,66,Đắk Lắk,Dak Lak,13.558367,109.22261,13.513851,13.608763,109.148618,109.298548,83.81
22090,Xuân Lãnh,Xuan Lanh,Xã Xuân Lãnh,Xuan Lanh Commune,Xã,66,Đắk Lắk,Dak Lak,13.500287,109.039944,13.41521,13.587527,108.948294,109.121331,174.65
22057,Xuân Lộc,Xuan Loc,Xã Xuân Lộc,Xuan Loc Commune,Xã,66,Đắk Lắk,Dak Lak,13.628213,109.185238,13.568204,13.695296,109.118807,109.253907,114.01
22111,Xuân Phước,Xuan Phuoc,Xã Xuân Phước,Xuan Phuoc Commune,Xã,66,Đắk Lắk,Dak Lak,13.296791,109.065523,13.239315,13.359892,109.008541,109.113222,102.81
22075,Xuân Thọ,Xuan Tho,Xã Xuân Thọ,Xuan Tho Commune,Xã,66,Đắk Lắk,Dak Lak,13.47546,109.16117,13.357405,13.620241,109.090661,109.240425,192.12
22076,Xuân Đài,Xuan Dai,Phường Xuân Đài,Xuan Dai Ward,Phường,66,Đắk Lắk,Dak Lak,13.402302,109.227158,13.358647,13.447918,109.211222,109.255121,13.4
24484,Yang Mao,Yang Mao,Xã Yang Mao,Yang Mao Commune,Xã,66,Đắk Lắk,Dak Lak,12.405588,108.588627,12.276641,12.552165,108.433601,108.729212,562.38
24595,Đắk Liêng,Dak Lieng,Xã Đắk Liêng,Dak Lieng Commune,Xã,66,Đắk Lắk,Dak Lak,12.390699,108.090566,12.342887,12.453669,107.996461,108.207652,135.55
24598,Đắk Phơi,Dak Phoi,Xã Đắk Phơi,Dak Phoi Commune,Xã,66,Đắk Lắk,Dak Lak,12.311825,108.201986,12.239933,12.387882,108.089828,108.353549,266.83
22258,Đông Hoà,Dong Hoa,Phường Đông Hoà,Dong Hoa Ward,Phường,66,Đắk Lắk,Dak Lak,12.960652,109.315577,12.893816,13.020667,109.272106,109.354562,77.54
22081,Đồng Xuân,Dong Xuan,Xã Đồng Xuân,Dong Xuan Commune,Xã,66,Đắk Lắk,Dak Lak,13.391009,109.09398,13.318229,13.470345,108.995855,109.191712,206.26
22222,Đức Bình,Duc Binh,Xã Đức Bình,Duc Binh Commune,Xã,66,Đắk Lắk,Dak Lak,12.984735,108.978202,12.887508,13.071394,108.894744,109.056802,160.36
24823,1 Bảo Lộc,1 Bao Loc,Phường 1 Bảo Lộc,Ward 1 Bao Loc,Phường,68,Lâm Đồng,Lam Dong,11.573341,107.844466,11.531236,11.605648,107.802927,107.894265,51.46
24820,2 Bảo Lộc,2 Bao Loc,Phường 2 Bảo Lộc,Ward 2 Bao Loc,Phường,68,Lâm Đồng,Lam Dong,11.595122,107.723703,11.501205,11.666298,107.63751,107.813945,176.72
24841,3 Bảo Lộc,3 Bao Loc,Phường 3 Bảo Lộc,Ward 3 Bao Loc,Phường,68,Lâm Đồng,Lam Dong,11.497458,107.757994,11.4384,11.580283,107.696136,107.806996,108.98
24829,B'Lao,B'Lao,Phường B'Lao,B'Lao Ward,Phường,68,Lâm Đồng,Lam Dong,11.527305,107.840095,11.502662,11.563076,107.785635,107.883912,33.72
23005,Bắc Bình,Bac Binh,Xã Bắc Bình,Bac Binh Commune,Xã,68,Lâm Đồng,Lam Dong,11.230887,108.540553,11.131226,11.313037,108.466798,108.616603,148.99
24611,Bắc Gia Nghĩa,Bac Gia Nghia,Phường Bắc Gia Nghĩa,Bac Gia Nghia Ward,Phường,68,Lâm Đồng,Lam Dong,12.052285,107.767057,11.966961,12.140262,107.657242,107.870517,250.55
23152,Bắc Ruộng,Bac Ruong,Xã Bắc Ruộng,Bac Ruong Commune,Xã,68,Lâm Đồng,Lam Dong,11.274126,107.742833,11.159506,11.372397,107.639454,107.829291,165.33
25054,Bảo Lâm 1,Bao Lam 1,Xã Bảo Lâm 1,Commune Bao Lam 1,Xã,68,Lâm Đồng,Lam Dong,11.662681,107.849821,11.591849,11.747145,107.722297,107.967841,204.43
25084,Bảo Lâm 2,Bao Lam 2,Xã Bảo Lâm 2,Commune Bao Lam 2,Xã,68,Lâm Đồng,Lam Dong,11.559197,107.900122,11.433496,11.663797,107.844356,107.947156,114
25093,Bảo Lâm 3,Bao Lam 3,Xã Bảo Lâm 3,Commune Bao Lam 3,Xã,68,Lâm Đồng,Lam Dong,11.42388,107.836154,11.360146,11.520521,107.741301,107.928514,152.13
25063,Bảo Lâm 4,Bao Lam 4,Xã Bảo Lâm 4,Commune Bao Lam 4,Xã,68,Lâm Đồng,Lam Dong,11.765079,107.817706,11.651269,11.877197,107.671074,107.967037,343.35
25057,Bảo Lâm 5,Bao Lam 5,Xã Bảo Lâm 5,Commune Bao Lam 5,Xã,68,Lâm Đồng,Lam Dong,11.775076,107.642898,11.656683,11.922451,107.483823,107.774899,511.88
25018,Bảo Thuận,Bao Thuan,Xã Bảo Thuận,Bao Thuan Commune,Xã,68,Lâm Đồng,Lam Dong,11.490651,108.140382,11.301652,11.681884,108.061364,108.238552,300.3
22960,Bình Thuận,Binh Thuan,Phường Bình Thuận,Binh Thuan Ward,Phường,68,Lâm Đồng,Lam Dong,10.971673,108.047485,10.92103,11.033044,108.005262,108.103199,45.16
24787,Cam Ly - Đà Lạt,Cam Ly - Da Lat,Phường Cam Ly - Đà Lạt,Cam Ly - Da Lat Ward,Phường,68,Lâm Đồng,Lam Dong,11.933143,108.369249,11.878763,11.980404,108.315223,108.434334,80.92
25159,Cát Tiên,Cat Tien,Xã Cát Tiên,Cat Tien Commune,Xã,68,Lâm Đồng,Lam Dong,11.595977,107.397154,11.514712,11.660483,107.347398,107.456769,78.13
25180,Cát Tiên 2,Cat Tien 2,Xã Cát Tiên 2,Commune Cat Tien 2,Xã,68,Lâm Đồng,Lam Dong,11.669931,107.329532,11.543009,11.772775,107.265657,107.405013,177.26
25162,Cát Tiên 3,Cat Tien 3,Xã Cát Tiên 3,Commune Cat Tien 3,Xã,68,Lâm Đồng,Lam Dong,11.70301,107.42628,11.603766,11.803942,107.332676,107.520974,171.31
24640,Cư Jút,Cu Jut,Xã Cư Jút,Cu Jut Commune,Xã,68,Lâm Đồng,Lam Dong,12.593754,107.860136,12.546747,12.648199,107.76416,107.935036,104.11
24934,D'Ran,D'Ran,Xã D'Ran,D'Ran Commune,Xã,68,Lâm Đồng,Lam Dong,11.843165,108.612989,11.715902,11.971384,108.533045,108.689534,240.89
25000,Di Linh,Di Linh,Xã Di Linh,Di Linh Commune,Xã,68,Lâm Đồng,Lam Dong,11.535354,108.046164,11.409369,11.685332,107.960524,108.109394,268.28
25015,Gia Hiệp,Gia Hiep,Xã Gia Hiệp,Gia Hiep Commune,Xã,68,Lâm Đồng,Lam Dong,11.503753,108.216506,11.353274,11.669753,108.142001,108.307066,324.43
23020,Hải Ninh,Hai Ninh,Xã Hải Ninh,Hai Ninh Commune,Xã,68,Lâm Đồng,Lam Dong,11.324917,108.48555,11.234513,11.393993,108.367322,108.616603,289.99
23128,Hàm Kiệm,Ham Kiem,Xã Hàm Kiệm,Ham Kiem Commune,Xã,68,Lâm Đồng,Lam Dong,10.912152,107.963625,10.815017,10.991431,107.864784,108.026293,162.09
23095,Hàm Liêm,Ham Liem,Xã Hàm Liêm,Ham Liem Commune,Xã,68,Lâm Đồng,Lam Dong,11.019976,108.07965,10.952456,11.072443,108.018357,108.146357,113.81
23236,Hàm Tân,Ham Tan,Xã Hàm Tân,Ham Tan Commune,Xã,68,Lâm Đồng,Lam Dong,10.763204,107.689126,10.691425,10.857112,107.544394,107.775458,198.46
22933,Hàm Thắng,Ham Thang,Phường Hàm Thắng,Ham Thang Ward,Phường,68,Lâm Đồng,Lam Dong,10.971251,108.147006,10.941843,11.009122,108.092966,108.196105,44.9
23122,Hàm Thạnh,Ham Thanh,Xã Hàm Thạnh,Ham Thanh Commune,Xã,68,Lâm Đồng,Lam Dong,11.055572,107.892013,10.925794,11.176805,107.773359,108.01964,440.7
23059,Hàm Thuận,Ham Thuan,Xã Hàm Thuận,Ham Thuan Commune,Xã,68,Lâm Đồng,Lam Dong,11.079452,108.074573,10.986343,11.160099,107.912299,108.253086,198.36
23089,Hàm Thuận Bắc,Ham Thuan Bac,Xã Hàm Thuận Bắc,Ham Thuan Bac Commune,Xã,68,Lâm Đồng,Lam Dong,11.174847,108.102244,11.084291,11.268707,107.966941,108.197395,292.7
23110,Hàm Thuận Nam,Ham Thuan Nam,Xã Hàm Thuận Nam,Ham Thuan Nam Commune,Xã,68,Lâm Đồng,Lam Dong,10.847253,107.909268,10.786379,10.920518,107.842565,107.980794,111.82
24967,Hiệp Thạnh,Hiep Thanh,Xã Hiệp Thạnh,Hiep Thanh Commune,Xã,68,Lâm Đồng,Lam Dong,11.807496,108.420053,11.733716,11.885092,108.338559,108.50566,127.19
25042,Hoà Bắc,Hoa Bac,Xã Hoà Bắc,Hoa Bac Commune,Xã,68,Lâm Đồng,Lam Dong,11.430308,107.943931,11.343718,11.505098,107.873884,108.009042,159.35
25036,Hoà Ninh,Hoa Ninh,Xã Hoà Ninh,Hoa Ninh Commune,Xã,68,Lâm Đồng,Lam Dong,11.543662,107.953661,11.478857,11.634331,107.895271,108.000275,95.17
23053,Hoà Thắng,Hoa Thang,Xã Hoà Thắng,Hoa Thang Commune,Xã,68,Lâm Đồng,Lam Dong,11.086456,108.370707,10.995895,11.19987,108.247073,108.503442,328.09
23194,Hoài Đức,Hoai Duc,Xã Hoài Đức,Hoai Duc Commune,Xã,68,Lâm Đồng,Lam Dong,11.144587,107.496655,11.084001,11.243333,107.434519,107.556078,105.04
23086,Hồng Sơn,Hong Son,Xã Hồng Sơn,Hong Son Commune,Xã,68,Lâm Đồng,Lam Dong,11.118073,108.227902,11.032686,11.202206,108.153688,108.306973,189.01
23041,Hồng Thái,Hong Thai,Xã Hồng Thái,Hong Thai Commune,Xã,68,Lâm Đồng,Lam Dong,11.197726,108.444544,11.134292,11.280298,108.402984,108.498081,101.64
24943,Ka Đô,Ka Do,Xã Ka Đô,Ka Do Commune,Xã,68,Lâm Đồng,Lam Dong,11.739406,108.588406,11.669739,11.816288,108.485063,108.701132,108.08
24733,Kiến Đức,Kien Duc,Xã Kiến Đức,Kien Duc Commune,Xã,68,Lâm Đồng,Lam Dong,11.92155,107.540664,11.812867,12.032667,107.453781,107.628483,167.63
24688,Krông Nô,Krong No,Xã Krông Nô,Krong No Commune,Xã,68,Lâm Đồng,Lam Dong,12.422198,107.808835,12.345161,12.474623,107.699482,107.954245,159.82
23065,La Dạ,La Da,Xã La Dạ,La Da Commune,Xã,68,Lâm Đồng,Lam Dong,11.275059,107.888411,11.163272,11.370839,107.802128,107.980965,264.17
23235,La Gi,La Gi,Phường La Gi,La Gi Ward,Phường,68,Lâm Đồng,Lam Dong,10.717655,107.770417,10.648376,10.791159,107.735672,107.838469,68.47
24848,Lạc Dương,Lac Duong,Xã Lạc Dương,Lac Duong Commune,Xã,68,Lâm Đồng,Lam Dong,12.128802,108.595714,11.956386,12.31719,108.444871,108.728901,828.01
24778,Lâm Viên - Đà Lạt,Lam Vien - Da Lat,Phường Lâm Viên - Đà Lạt,Lam Vien - Da Lat Ward,Phường,68,Lâm Đồng,Lam Dong,11.974614,108.466331,11.941941,12.008639,108.433473,108.507557,35.03
24846,Lang Biang - Đà Lạt,Lang Biang - Da Lat,Phường Lang Biang - Đà Lạt,Lang Biang - Da Lat Ward,Phường,68,Lâm Đồng,Lam Dong,12.056377,108.402407,11.925271,12.177665,108.276484,108.531562,322.66
22969,Liên Hương,Lien Huong,Xã Liên Hương,Lien Huong Commune,Xã,68,Lâm Đồng,Lam Dong,11.260464,108.699697,11.164596,11.362912,108.644627,108.834409,128.23
23032,Lương Sơn,Luong Son,Xã Lương Sơn,Luong Son Commune,Xã,68,Lâm Đồng,Lam Dong,11.258125,108.350242,11.170592,11.329171,108.263109,108.414815,159.21
22918,Mũi Né,Mui Ne,Phường Mũi Né,Mui Ne Ward,Phường,68,Lâm Đồng,Lam Dong,10.979139,108.263383,10.909346,11.028207,108.187146,108.349932,118.59
24868,Nam Ban Lâm Hà,Nam Ban Lam Ha,Xã Nam Ban Lâm Hà,Nam Ban Lam Ha Commune,Xã,68,Lâm Đồng,Lam Dong,11.851813,108.350034,11.770363,11.925803,108.290751,108.426466,117.55
24649,Nam Dong,Nam Dong,Xã Nam Dong,Nam Dong Commune,Xã,68,Lâm Đồng,Lam Dong,12.644246,107.827642,12.597348,12.681977,107.748026,107.914749,104.04
24615,Nam Gia Nghĩa,Nam Gia Nghia,Phường Nam Gia Nghĩa,Nam Gia Nghia Ward,Phường,68,Lâm Đồng,Lam Dong,12.006864,107.639756,11.937452,12.053383,107.575388,107.688325,80.58
24883,Nam Hà Lâm Hà,Nam Ha Lam Ha,Xã Nam Hà Lâm Hà,Nam Ha Lam Ha Commune,Xã,68,Lâm Đồng,Lam Dong,11.884611,108.274782,11.81285,11.968235,108.228041,108.317591,100.34
24703,Nâm Nung,Nam Nung,Xã Nâm Nung,Nam Nung Commune,Xã,68,Lâm Đồng,Lam Dong,12.344238,107.828046,12.221653,12.435865,107.725425,107.93279,219.66
23200,Nam Thành,Nam Thanh,Xã Nam Thành,Nam Thanh Commune,Xã,68,Lâm Đồng,Lam Dong,11.28889,107.588763,11.195126,11.382937,107.517611,107.662766,201.78
24697,Nam Đà,Nam Da,Xã Nam Đà,Nam Da Commune,Xã,68,Lâm Đồng,Lam Dong,12.490891,107.914413,12.436342,12.552423,107.815464,108.001713,132.69
23158,Nghị Đức,Nghi Duc,Xã Nghị Đức,Nghi Duc Commune,Xã,68,Lâm Đồng,Lam Dong,11.272212,107.6817,11.173972,11.368341,107.615007,107.750755,114.97
24751,Nhân Cơ,Nhan Co,Xã Nhân Cơ,Nhan Co Commune,Xã,68,Lâm Đồng,Lam Dong,11.95406,107.597339,11.864336,12.051829,107.52904,107.662018,158.05
24985,Ninh Gia,Ninh Gia,Xã Ninh Gia,Ninh Gia Commune,Xã,68,Lâm Đồng,Lam Dong,11.610731,108.270377,11.519059,11.703995,108.21431,108.334528,143.83
22972,Phan Rí Cửa,Phan Ri Cua,Xã Phan Rí Cửa,Phan Ri Cua Commune,Xã,68,Lâm Đồng,Lam Dong,11.200198,108.592398,11.128256,11.248675,108.500413,108.663568,67.67
23008,Phan Sơn,Phan Son,Xã Phan Sơn,Phan Son Commune,Xã,68,Lâm Đồng,Lam Dong,11.429725,108.396583,11.292099,11.531319,108.221055,108.562343,584.52
22945,Phan Thiết,Phan Thiet,Phường Phan Thiết,Phan Thiet Ward,Phường,68,Lâm Đồng,Lam Dong,10.927768,108.101277,10.910223,10.943057,108.090033,108.117811,4.46
23272,Phú Quý,Phu Quy,Đặc khu Phú Quý,Phu Quy Special administrative region,Đặc khu,68,Lâm Đồng,Lam Dong,10.528214,108.945354,10.48313,10.568771,108.92245,108.969445,18.02
24895,Phú Sơn Lâm Hà,Phu Son Lam Ha,Xã Phú Sơn Lâm Hà,Phu Son Lam Ha Commune,Xã,68,Lâm Đồng,Lam Dong,11.9278,108.226248,11.794834,12.071577,108.152367,108.320669,240.08
22924,Phú Thuỷ,Phu Thuy,Phường Phú Thuỷ,Phu Thuy Ward,Phường,68,Lâm Đồng,Lam Dong,10.940753,108.149661,10.925582,10.959892,108.101457,108.189648,17.31
24907,Phúc Thọ Lâm Hà,Phuc Tho Lam Ha,Xã Phúc Thọ Lâm Hà,Phuc Tho Lam Ha Commune,Xã,68,Lâm Đồng,Lam Dong,11.783706,108.081884,11.703918,11.867182,107.970686,108.195711,230.47
23231,Phước Hội,Phuoc Hoi,Phường Phước Hội,Phuoc Hoi Ward,Phường,68,Lâm Đồng,Lam Dong,10.667684,107.730641,10.631663,10.706026,107.679006,107.778037,38.09
24620,Quảng Hoà,Quang Hoa,Xã Quảng Hoà,Quang Hoa Commune,Xã,68,Lâm Đồng,Lam Dong,12.165358,108.052921,12.115747,12.21027,107.986894,108.116321,85.44
24631,Quảng Khê,Quang Khe,Xã Quảng Khê,Quang Khe Commune,Xã,68,Lâm Đồng,Lam Dong,11.923924,107.828412,11.849023,12.000254,107.722967,107.932902,224.29
24955,Quảng Lập,Quang Lap,Xã Quảng Lập,Quang Lap Commune,Xã,68,Lâm Đồng,Lam Dong,11.695273,108.555097,11.639359,11.766838,108.464808,108.678611,135.08
24712,Quảng Phú,Quang Phu,Xã Quảng Phú,Quang Phu Commune,Xã,68,Lâm Đồng,Lam Dong,12.268965,107.948737,12.186823,12.375686,107.800709,108.097462,263.58
24616,Quảng Sơn,Quang Son,Xã Quảng Sơn,Quang Son Commune,Xã,68,Lâm Đồng,Lam Dong,12.170601,107.874247,12.064801,12.269392,107.716142,108.014364,454.22
24748,Quảng Tân,Quang Tan,Xã Quảng Tân,Quang Tan Commune,Xã,68,Lâm Đồng,Lam Dong,12.04273,107.429684,11.932762,12.144213,107.315136,107.5948,294.18
24760,Quảng Tín,Quang Tin,Xã Quảng Tín,Quang Tin Commune,Xã,68,Lâm Đồng,Lam Dong,11.870613,107.460842,11.748757,11.99521,107.36627,107.570908,310.17
24736,Quảng Trực,Quang Truc,Xã Quảng Trực,Quang Truc Commune,Xã,68,Lâm Đồng,Lam Dong,12.184588,107.30479,12.005586,12.33453,107.206173,107.417409,558.78
23266,Sơn Mỹ,Son My,Xã Sơn Mỹ,Son My Commune,Xã,68,Lâm Đồng,Lam Dong,10.673587,107.606937,10.568076,10.787116,107.504866,107.716551,254.52
25051,Sơn Điền,Son Dien,Xã Sơn Điền,Son Dien Commune,Xã,68,Lâm Đồng,Lam Dong,11.34952,108.065404,11.215363,11.472059,107.970009,108.170328,261.88
23023,Sông Luỹ,Song Luy,Xã Sông Luỹ,Song Luy Commune,Xã,68,Lâm Đồng,Lam Dong,11.237384,108.241997,11.12381,11.338274,108.104885,108.351329,253.33
23188,Suối Kiết,Suoi Kiet,Xã Suối Kiết,Suoi Kiet Commune,Xã,68,Lâm Đồng,Lam Dong,10.978366,107.661147,10.907769,11.118654,107.507669,107.87128,378.61
24991,Tà Hine,Ta Hine,Xã Tà Hine,Ta Hine Commune,Xã,68,Lâm Đồng,Lam Dong,11.567611,108.363924,11.505096,11.626119,108.300983,108.429101,128.69
24988,Tà Năng,Ta Nang,Xã Tà Năng,Ta Nang Commune,Xã,68,Lâm Đồng,Lam Dong,11.590539,108.493562,11.506107,11.682775,108.395383,108.582588,258.33
24637,Tà Đùng,Ta Dung,Xã Tà Đùng,Ta Dung Commune,Xã,68,Lâm Đồng,Lam Dong,11.937904,107.971396,11.789901,12.102231,107.845728,108.111243,531.33
24916,Tân Hà Lâm Hà,Tan Ha Lam Ha,Xã Tân Hà Lâm Hà,Tan Ha Lam Ha Commune,Xã,68,Lâm Đồng,Lam Dong,11.711854,108.164111,11.649787,11.794664,108.077687,108.243954,168.34
23246,Tân Hải,Tan Hai,Xã Tân Hải,Tan Hai Commune,Xã,68,Lâm Đồng,Lam Dong,10.744874,107.824948,10.693751,10.796421,107.775012,107.886977,77.18
24976,Tân Hội,Tan Hoi,Xã Tân Hội,Tan Hoi Commune,Xã,68,Lâm Đồng,Lam Dong,11.733164,108.296524,11.675649,11.808349,108.231432,108.348235,79.94
23134,Tân Lập,Tan Lap,Xã Tân Lập,Tan Lap Commune,Xã,68,Lâm Đồng,Lam Dong,10.866184,107.795223,10.791159,10.921053,107.693139,107.895581,195.58
23230,Tân Minh,Tan Minh,Xã Tân Minh,Tan Minh Commune,Xã,68,Lâm Đồng,Lam Dong,10.846393,107.630348,10.766445,10.916995,107.544226,107.71361,223.76
23143,Tân Thành,Tan Thanh,Xã Tân Thành,Tan Thanh Commune,Xã,68,Lâm Đồng,Lam Dong,10.763465,107.934224,10.694486,10.818148,107.82306,108.023018,177.58
23149,Tánh Linh,Tanh Linh,Xã Tánh Linh,Tanh Linh Commune,Xã,68,Lâm Đồng,Lam Dong,11.071484,107.689138,10.973944,11.198415,107.552904,107.832712,271.39
24682,Thuận An,Thuan An,Xã Thuận An,Thuan An Commune,Xã,68,Lâm Đồng,Lam Dong,12.536174,107.611315,12.338453,12.70114,107.541988,107.696483,315.81
24722,Thuận Hạnh,Thuan Hanh,Xã Thuận Hạnh,Thuan Hanh Commune,Xã,68,Lâm Đồng,Lam Dong,12.290303,107.518826,12.227466,12.359828,107.434123,107.603707,129.78
22954,Tiến Thành,Tien Thanh,Phường Tiến Thành,Tien Thanh Ward,Phường,68,Lâm Đồng,Lam Dong,10.851423,108.030872,10.777973,10.923144,107.992192,108.093569,55.06
23227,Trà Tân,Tra Tan,Xã Trà Tân,Tra Tan Commune,Xã,68,Lâm Đồng,Lam Dong,11.05631,107.495595,11.00663,11.108288,107.394665,107.581609,135.94
24730,Trường Xuân,Truong Xuan,Xã Trường Xuân,Truong Xuan Commune,Xã,68,Lâm Đồng,Lam Dong,12.149891,107.651954,12.042066,12.253944,107.549191,107.744932,332.47
22978,Tuy Phong,Tuy Phong,Xã Tuy Phong,Tuy Phong Commune,Xã,68,Lâm Đồng,Lam Dong,11.40997,108.647676,11.224712,11.555909,108.55941,108.785037,444.1
24739,Tuy Đức,Tuy Duc,Xã Tuy Đức,Tuy Duc Commune,Xã,68,Lâm Đồng,Lam Dong,12.157592,107.471539,12.063318,12.258874,107.38112,107.564499,265.99
22963,Tuyên Quang,Tuyen Quang,Xã Tuyên Quang,Tuyen Quang Commune,Xã,68,Lâm Đồng,Lam Dong,10.926683,108.039003,10.867175,10.963669,107.987833,108.083827,38.17
22981,Vĩnh Hảo,Vinh Hao,Xã Vĩnh Hảo,Vinh Hao Commune,Xã,68,Lâm Đồng,Lam Dong,11.335848,108.776436,11.273399,11.388317,108.705772,108.876634,138.58
24781,Xuân Hương - Đà Lạt,Xuan Huong - Da Lat,Phường Xuân Hương - Đà Lạt,Xuan Huong - Da Lat Ward,Phường,68,Lâm Đồng,Lam Dong,11.903258,108.443067,11.853538,11.957121,108.391389,108.498361,73.45
24805,Xuân Trường - Đà Lạt,Xuan Truong - Da Lat,Phường Xuân Trường - Đà Lạt,Xuan Truong - Da Lat Ward,Phường,68,Lâm Đồng,Lam Dong,11.899253,108.531354,11.80793,11.987522,108.470967,108.594985,168.83
25099,Đạ Huoai,Da Huoai,Xã Đạ Huoai,Da Huoai Commune,Xã,68,Lâm Đồng,Lam Dong,11.42938,107.535744,11.355098,11.511756,107.474738,107.595649,113.96
25105,Đạ Huoai 2,Da Huoai 2,Xã Đạ Huoai 2,Commune Da Huoai 2,Xã,68,Lâm Đồng,Lam Dong,11.458647,107.644602,11.342307,11.580989,107.567192,107.745142,249.57
25114,Đạ Huoai 3,Da Huoai 3,Xã Đạ Huoai 3,Commune Da Huoai 3,Xã,68,Lâm Đồng,Lam Dong,11.377573,107.704229,11.322536,11.444427,107.614418,107.799252,131.51
25126,Đạ Tẻh,Da Teh,Xã Đạ Tẻh,Da Teh Commune,Xã,68,Lâm Đồng,Lam Dong,11.581643,107.459882,11.479753,11.705892,107.396616,107.515514,145.85
25138,Đạ Tẻh 2,Da Teh 2,Xã Đạ Tẻh 2,Commune Da Teh 2,Xã,68,Lâm Đồng,Lam Dong,11.537142,107.568234,11.419162,11.64489,107.428909,107.673298,186.07
25135,Đạ Tẻh 3,Da Teh 3,Xã Đạ Tẻh 3,Commune Da Teh 3,Xã,68,Lâm Đồng,Lam Dong,11.621296,107.543522,11.516512,11.695806,107.460371,107.64402,194.82
24670,Đắk Mil,Dak Mil,Xã Đắk Mil,Dak Mil Commune,Xã,68,Lâm Đồng,Lam Dong,12.541831,107.751718,12.471285,12.628837,107.661359,107.868644,213.76
24678,Đắk Sắk,Dak Sak,Xã Đắk Sắk,Dak Sak Commune,Xã,68,Lâm Đồng,Lam Dong,12.447616,107.734637,12.378461,12.505613,107.652083,107.835361,99
24718,Đắk Song,Dak Song,Xã Đắk Song,Dak Song Commune,Xã,68,Lâm Đồng,Lam Dong,12.322216,107.687235,12.227237,12.423113,107.600115,107.785998,193.19
24646,Đắk Wil,Dak Wil,Xã Đắk Wil,Dak Wil Commune,Xã,68,Lâm Đồng,Lam Dong,12.721868,107.726724,12.603765,12.812495,107.558859,107.912357,515.16
24886,Đam Rông 1,Dam Rong 1,Xã Đam Rông 1,Commune Dam Rong 1,Xã,68,Lâm Đồng,Lam Dong,11.939072,108.117256,11.833588,12.01011,108.031952,108.186741,172.55
24877,Đam Rông 2,Dam Rong 2,Xã Đam Rông 2,Commune Dam Rong 2,Xã,68,Lâm Đồng,Lam Dong,12.061818,108.115734,11.972982,12.150922,107.962415,108.254948,365.58
24875,Đam Rông 3,Dam Rong 3,Xã Đam Rông 3,Commune Dam Rong 3,Xã,68,Lâm Đồng,Lam Dong,12.135405,108.179153,12.0499,12.196657,108.076673,108.280275,139.38
24853,Đam Rông 4,Dam Rong 4,Xã Đam Rông 4,Commune Dam Rong 4,Xã,68,Lâm Đồng,Lam Dong,12.174096,108.367003,12.019329,12.309605,108.240772,108.518715,391.25
25007,Đinh Trang Thượng,Dinh Trang Thuong,Xã Đinh Trang Thượng,Dinh Trang Thuong Commune,Xã,68,Lâm Đồng,Lam Dong,11.709138,107.984292,11.611389,11.822755,107.896635,108.084992,203.77
24871,Đinh Văn Lâm Hà,Dinh Van Lam Ha,Xã Đinh Văn Lâm Hà,Dinh Van Lam Ha Commune,Xã,68,Lâm Đồng,Lam Dong,11.77691,108.250206,11.712669,11.825324,108.184073,108.311418,89.87
24931,Đơn Dương,Don Duong,Xã Đơn Dương,Don Duong Commune,Xã,68,Lâm Đồng,Lam Dong,11.730614,108.453252,11.651845,11.825112,108.391717,108.508996,127.81
24617,Đông Gia Nghĩa,Dong Gia Nghia,Phường Đông Gia Nghĩa,Dong Gia Nghia Ward,Phường,68,Lâm Đồng,Lam Dong,11.954876,107.718258,11.885583,12.016456,107.645508,107.788026,105.78
23074,Đông Giang,Dong Giang,Xã Đông Giang,Dong Giang Commune,Xã,68,Lâm Đồng,Lam Dong,11.242594,107.978718,11.139848,11.360146,107.881372,108.053299,205.23
23173,Đồng Kho,Dong Kho,Xã Đồng Kho,Dong Kho Commune,Xã,68,Lâm Đồng,Lam Dong,11.168512,107.76893,11.033927,11.31043,107.65941,107.857795,268.72
24717,Đức An,Duc An,Xã Đức An,Duc An Commune,Xã,68,Lâm Đồng,Lam Dong,12.246134,107.594419,12.145312,12.328624,107.515588,107.69649,161.02
24664,Đức Lập,Duc Lap,Xã Đức Lập,Duc Lap Commune,Xã,68,Lâm Đồng,Lam Dong,12.445645,107.649042,12.342929,12.534703,107.590678,107.735002,88.19
23191,Đức Linh,Duc Linh,Xã Đức Linh,Duc Linh Commune,Xã,68,Lâm Đồng,Lam Dong,11.18356,107.552294,11.104906,11.252006,107.497711,107.601858,103.27
24958,Đức Trọng,Duc Trong,Xã Đức Trọng,Duc Trong Commune,Xã,68,Lâm Đồng,Lam Dong,11.678823,108.361177,11.610975,11.762765,108.274689,108.427595,148.78
25333,An Lộc,An Loc,Phường An Lộc,An Loc Ward,Phường,75,Đồng Nai,Dong Nai,11.702092,106.581998,11.650753,11.740649,106.495877,106.646598,88.7
26383,An Phước,An Phuoc,Xã An Phước,An Phuoc Commune,Xã,75,Đồng Nai,Dong Nai,10.817972,106.926075,10.774442,10.871561,106.865104,106.989418,58.3
26296,An Viễn,An Vien,Xã An Viễn,An Vien Commune,Xã,75,Đồng Nai,Dong Nai,10.901032,107.015443,10.859147,10.956868,106.971797,107.047704,47.7
26098,Bảo Vinh,Bao Vinh,Phường Bảo Vinh,Bao Vinh Ward,Phường,75,Đồng Nai,Dong Nai,10.968317,107.277961,10.932854,11.008879,107.236359,107.329746,50.9
26254,Bàu Hàm,Bau Ham,Xã Bàu Hàm,Bau Ham Commune,Xã,75,Đồng Nai,Dong Nai,11.025534,107.084755,10.949943,11.103178,107.039408,107.128833,97.5
26068,Biên Hoà,Bien Hoa,Phường Biên Hoà,Bien Hoa Ward,Phường,75,Đồng Nai,Dong Nai,10.933571,106.802087,10.902828,10.965305,106.761984,106.839778,21.5
26389,Bình An,Binh An,Xã Bình An,Binh An Commune,Xã,75,Đồng Nai,Dong Nai,10.840414,107.017076,10.791258,10.879114,106.942509,107.08555,59.4
26089,Bình Lộc,Binh Loc,Phường Bình Lộc,Binh Loc Ward,Phường,75,Đồng Nai,Dong Nai,10.990145,107.222806,10.929745,11.062038,107.176619,107.2651,77.2
25326,Bình Long,Binh Long,Phường Bình Long,Binh Long Ward,Phường,75,Đồng Nai,Dong Nai,11.632109,106.597557,11.577324,11.672744,106.556436,106.637401,49.1
26278,Bình Minh,Binh Minh,Xã Bình Minh,Binh Minh Commune,Xã,75,Đồng Nai,Dong Nai,10.968863,106.970227,10.919553,11.014337,106.940761,107.010123,36.7
25195,Bình Phước,Binh Phuoc,Phường Bình Phước,Binh Phuoc Ward,Phường,75,Đồng Nai,Dong Nai,11.509698,106.876478,11.461055,11.57724,106.79704,106.933043,86.4
25246,Bình Tân,Binh Tan,Xã Bình Tân,Binh Tan Commune,Xã,75,Đồng Nai,Dong Nai,11.797505,106.853329,11.729197,11.866314,106.752821,106.963659,190.9
25405,Bom Bo,Bom Bo,Xã Bom Bo,Bom Bo Commune,Xã,75,Đồng Nai,Dong Nai,11.869838,107.150207,11.786547,11.94818,107.054581,107.251656,245.9
25222,Bù Gia Mập,Bu Gia Map,Xã Bù Gia Mập,Bu Gia Map Commune,Xã,75,Đồng Nai,Dong Nai,12.141038,107.169269,11.990073,12.298408,107.069839,107.240534,342.5
25396,Bù Đăng,Bu Dang,Xã Bù Đăng,Bu Dang Commune,Xã,75,Đồng Nai,Dong Nai,11.797369,107.216133,11.732086,11.875776,107.09579,107.300492,156.1
26341,Cẩm Mỹ,Cam My,Xã Cẩm Mỹ,Cam My Commune,Xã,75,Đồng Nai,Dong Nai,10.806121,107.257711,10.754983,10.858732,107.193106,107.324331,113.1
25432,Chơn Thành,Chon Thanh,Phường Chơn Thành,Chon Thanh Ward,Phường,75,Đồng Nai,Dong Nai,11.415281,106.646448,11.353758,11.500933,106.572179,106.720957,124.4
26326,Dầu Giây,Dau Giay,Phường Dầu Giây,Dau Giay Ward,Phường,75,Đồng Nai,Dong Nai,10.921406,107.128525,10.848817,10.997131,107.05898,107.19827,98.9
26311,Gia Kiệm,Gia Kiem,Xã Gia Kiệm,Gia Kiem Commune,Xã,75,Đồng Nai,Dong Nai,11.019351,107.159434,10.961404,11.06325,107.102461,107.22728,82.7
26113,Hàng Gòn,Hang Gon,Phường Hàng Gòn,Hang Gon Ward,Phường,75,Đồng Nai,Dong Nai,10.878563,107.217612,10.845567,10.919354,107.171423,107.264135,45.6
26005,Hố Nai,Ho Nai,Phường Hố Nai,Ho Nai Ward,Phường,75,Đồng Nai,Dong Nai,10.975521,106.927334,10.92734,11.000901,106.901776,106.954099,22.9
25309,Hưng Phước,Hung Phuoc,Xã Hưng Phước,Hung Phuoc Commune,Xã,75,Đồng Nai,Dong Nai,12.035224,106.876778,11.974491,12.093372,106.76128,106.994808,187.2
26281,Hưng Thịnh,Hung Thinh,Xã Hưng Thịnh,Hung Thinh Commune,Xã,75,Đồng Nai,Dong Nai,10.924591,107.06507,10.877752,10.985462,107.027986,107.100396,57.6
26227,La Ngà,La Nga,Xã La Ngà,La Nga Commune,Xã,75,Đồng Nai,Dong Nai,11.149658,107.216203,11.088683,11.208694,107.123856,107.279652,133.5
25303,Lộc Hưng,Loc Hung,Xã Lộc Hưng,Loc Hung Commune,Xã,75,Đồng Nai,Dong Nai,11.781871,106.625803,11.736906,11.830018,106.541646,106.704836,99
25270,Lộc Ninh,Loc Ninh,Phường Lộc Ninh,Loc Ninh Ward,Phường,75,Đồng Nai,Dong Nai,11.83275,106.631567,11.778453,11.870329,106.573085,106.695952,67.4
25292,Lộc Quang,Loc Quang,Xã Lộc Quang,Loc Quang Commune,Xã,75,Đồng Nai,Dong Nai,11.844293,106.715507,11.774578,11.913695,106.646528,106.762241,105
25279,Lộc Tấn,Loc Tan,Xã Lộc Tấn,Loc Tan Commune,Xã,75,Đồng Nai,Dong Nai,11.881466,106.51903,11.821987,11.96549,106.417105,106.647918,183.36
25280,Lộc Thạnh,Loc Thanh,Xã Lộc Thạnh,Loc Thanh Commune,Xã,75,Đồng Nai,Dong Nai,11.944512,106.544058,11.888313,11.989231,106.411616,106.631389,125.5
25294,Lộc Thành,Loc Thanh,Xã Lộc Thành,Loc Thanh Commune,Xã,75,Đồng Nai,Dong Nai,11.766125,106.493979,11.657574,11.840443,106.414217,106.605411,206.1
26020,Long Bình,Long Binh,Phường Long Bình,Long Binh Ward,Phường,75,Đồng Nai,Dong Nai,10.944451,106.900177,10.898967,10.992496,106.86831,106.937364,44.9
25255,Long Hà,Long Ha,Xã Long Hà,Long Ha Commune,Xã,75,Đồng Nai,Dong Nai,11.699961,106.814766,11.605133,11.782642,106.741121,106.886752,168.4
26380,Long Hưng,Long Hung,Phường Long Hưng,Long Hung Ward,Phường,75,Đồng Nai,Dong Nai,10.88098,106.866536,10.826724,10.920723,106.839431,106.896332,32.4
26080,Long Khánh,Long Khanh,Phường Long Khánh,Long Khanh Ward,Phường,75,Đồng Nai,Dong Nai,10.924164,107.266452,10.907881,10.943981,107.223017,107.309611,21.3
26413,Long Phước,Long Phuoc,Xã Long Phước,Long Phuoc Commune,Xã,75,Đồng Nai,Dong Nai,10.724763,107.046698,10.667372,10.767907,106.964971,107.146661,81.8
26368,Long Thành,Long Thanh,Phường Long Thành,Long Thanh Ward,Phường,75,Đồng Nai,Dong Nai,10.782385,107.01589,10.730056,10.834915,106.918445,107.101903,130.1
25441,Minh Hưng,Minh Hung,Phường Minh Hưng,Minh Hung Ward,Phường,75,Đồng Nai,Dong Nai,11.460524,106.595102,11.369805,11.519526,106.539075,106.665827,99.7
25349,Minh Đức,Minh Duc,Xã Minh Đức,Minh Duc Commune,Xã,75,Đồng Nai,Dong Nai,11.624181,106.521662,11.54592,11.699865,106.453035,106.59671,167.1
26122,Nam Cát Tiên,Nam Cat Tien,Xã Nam Cát Tiên,Nam Cat Tien Commune,Xã,75,Đồng Nai,Dong Nai,11.383713,107.462886,11.322613,11.436542,107.375354,107.527322,82.9
25417,Nghĩa Trung,Nghia Trung,Xã Nghĩa Trung,Nghia Trung Commune,Xã,75,Đồng Nai,Dong Nai,11.684131,107.116972,11.571106,11.793156,107.048797,107.182624,222
25450,Nha Bích,Nha Bich,Xã Nha Bích,Nha Bich Commune,Xã,75,Đồng Nai,Dong Nai,11.506415,106.722652,11.42264,11.604136,106.65954,106.777411,137.1
26485,Nhơn Trạch,Nhon Trach,Phường Nhơn Trạch,Nhon Trach Ward,Phường,75,Đồng Nai,Dong Nai,10.737165,106.892539,10.687912,10.785334,106.825679,106.963696,108
26221,Phú Hoà,Phu Hoa,Xã Phú Hoà,Phu Hoa Commune,Xã,75,Đồng Nai,Dong Nai,11.20817,107.419332,11.174677,11.253049,107.359876,107.484216,61.5
26158,Phú Lâm,Phu Lam,Xã Phú Lâm,Phu Lam Commune,Xã,75,Đồng Nai,Dong Nai,11.307267,107.501675,11.235368,11.366587,107.460829,107.544987,67.4
26173,Phú Lý,Phu Ly,Xã Phú Lý,Phu Ly Commune,Xã,75,Đồng Nai,Dong Nai,11.404032,107.1456,11.239928,11.511787,107.055613,107.232353,279
25267,Phú Nghĩa,Phu Nghia,Xã Phú Nghĩa,Phu Nghia Commune,Xã,75,Đồng Nai,Dong Nai,11.936065,107.022535,11.834901,12.010552,106.897372,107.152437,279.4
25252,Phú Riềng,Phu Rieng,Xã Phú Riềng,Phu Rieng Commune,Xã,75,Đồng Nai,Dong Nai,11.693199,106.923747,11.634418,11.757235,106.845287,106.998787,117.4
25261,Phú Trung,Phu Trung,Xã Phú Trung,Phu Trung Commune,Xã,75,Đồng Nai,Dong Nai,11.723815,107.016805,11.627667,11.799199,106.918828,107.083171,172
26215,Phú Vinh,Phu Vinh,Xã Phú Vinh,Phu Vinh Commune,Xã,75,Đồng Nai,Dong Nai,11.259512,107.358995,11.204449,11.310244,107.314697,107.410432,69.5
26503,Phước An,Phuoc An,Xã Phước An,Phuoc An Commune,Xã,75,Đồng Nai,Dong Nai,10.65725,106.932024,10.579113,10.731778,106.816133,107.01783,170.7
25220,Phước Bình,Phuoc Binh,Phường Phước Bình,Phuoc Binh Ward,Phường,75,Đồng Nai,Dong Nai,11.834006,106.940476,11.780289,11.87725,106.861046,106.990813,72.6
25217,Phước Long,Phuoc Long,Phường Phước Long,Phuoc Long Ward,Phường,75,Đồng Nai,Dong Nai,11.818953,107.017555,11.773418,11.86938,106.960907,107.077259,71.9
25420,Phước Sơn,Phuoc Son,Xã Phước Sơn,Phuoc Son Commune,Xã,75,Đồng Nai,Dong Nai,11.625359,107.223069,11.501725,11.780343,107.121614,107.321925,386.6
26377,Phước Tân,Phuoc Tan,Phường Phước Tân,Phuoc Tan Ward,Phường,75,Đồng Nai,Dong Nai,10.894605,106.92219,10.840458,10.943047,106.868594,106.971368,42.8
26422,Phước Thái,Phuoc Thai,Xã Phước Thái,Phuoc Thai Commune,Xã,75,Đồng Nai,Dong Nai,10.686134,107.067705,10.643656,10.720405,106.99815,107.140646,85.9
26362,Sông Ray,Song Ray,Xã Sông Ray,Song Ray Commune,Xã,75,Đồng Nai,Dong Nai,10.724804,107.334828,10.668716,10.764199,107.299397,107.393186,65.6
26134,Tà Lài,Ta Lai,Xã Tà Lài,Ta Lai Commune,Xã,75,Đồng Nai,Dong Nai,11.353708,107.391057,11.300683,11.399508,107.335372,107.448191,83.3
26017,Tam Hiệp,Tam Hiep,Phường Tam Hiệp,Tam Hiep Ward,Phường,75,Đồng Nai,Dong Nai,10.953787,106.859274,10.930692,10.971404,106.828486,106.880941,10.8
26374,Tam Phước,Tam Phuoc,Phường Tam Phước,Tam Phuoc Ward,Phường,75,Đồng Nai,Dong Nai,10.861422,106.929371,10.822497,10.905171,106.868896,106.987154,45.1
26179,Tân An,Tan An,Xã Tân An,Tan An Commune,Xã,75,Đồng Nai,Dong Nai,11.035151,106.972718,10.989972,11.075576,106.906154,107.052434,80.2
25345,Tân Hưng,Tan Hung,Xã Tân Hưng,Tan Hung Commune,Xã,75,Đồng Nai,Dong Nai,11.691928,106.714623,11.585987,11.783566,106.614956,106.782677,204.7
25357,Tân Khai,Tan Khai,Phường Tân Khai,Tan Khai Ward,Phường,75,Đồng Nai,Dong Nai,11.527882,106.542171,11.467845,11.58183,106.421701,106.656536,161.8
25378,Tân Lợi,Tan Loi,Xã Tân Lợi,Tan Loi Commune,Xã,75,Đồng Nai,Dong Nai,11.432926,106.991248,11.301594,11.528539,106.874246,107.129466,379.8
26116,Tân Phú,Tan Phu,Phường Tân Phú,Tan Phu Ward,Phường,75,Đồng Nai,Dong Nai,11.27501,107.440799,11.209992,11.343158,107.367117,107.499647,105.8
25351,Tân Quan,Tan Quan,Xã Tân Quan,Tan Quan Commune,Xã,75,Đồng Nai,Dong Nai,11.604583,106.669343,11.505798,11.703685,106.613235,106.739386,148.3
25318,Tân Tiến,Tan Tien,Xã Tân Tiến,Tan Tien Commune,Xã,75,Đồng Nai,Dong Nai,11.930233,106.697749,11.878993,11.989225,106.611587,106.790608,147.5
26188,Tân Triều,Tan Trieu,Phường Tân Triều,Tan Trieu Ward,Phường,75,Đồng Nai,Dong Nai,11.006366,106.819526,10.956277,11.065429,106.774557,106.856883,63.3
26209,Thanh Sơn,Thanh Son,Xã Thanh Sơn,Thanh Son Commune,Xã,75,Đồng Nai,Dong Nai,11.297665,107.256319,11.192231,11.397305,107.158656,107.358093,315.4
25308,Thiện Hưng,Thien Hung,Xã Thiện Hưng,Thien Hung Commune,Xã,75,Đồng Nai,Dong Nai,11.968846,106.798114,11.895873,12.038475,106.733916,106.873457,111
25402,Thọ Sơn,Tho Son,Xã Thọ Sơn,Tho Son Commune,Xã,75,Đồng Nai,Dong Nai,11.862688,107.335182,11.739482,12.006308,107.242304,107.427194,307.7
26299,Thống Nhất,Thong Nhat,Xã Thống Nhất,Thong Nhat Commune,Xã,75,Đồng Nai,Dong Nai,11.0992,107.167718,11.041305,11.172096,107.10869,107.264134,120.1
25387,Thuận Lợi,Thuan Loi,Xã Thuận Lợi,Thuan Loi Commune,Xã,75,Đồng Nai,Dong Nai,11.605548,106.867296,11.549933,11.656679,106.764481,106.967949,167.2
26041,Trấn Biên,Tran Bien,Phường Trấn Biên,Tran Bien Ward,Phường,75,Đồng Nai,Dong Nai,10.938046,106.834747,10.901601,10.978354,106.78223,106.882601,31
26248,Trảng Bom,Trang Bom,Phường Trảng Bom,Trang Bom Ward,Phường,75,Đồng Nai,Dong Nai,10.972056,107.015707,10.894952,11.041154,106.968579,107.070711,68.8
25993,Trảng Dài,Trang Dai,Phường Trảng Dài,Trang Dai Ward,Phường,75,Đồng Nai,Dong Nai,11.002834,106.882873,10.966829,11.035773,106.845502,106.949009,37.3
26170,Trị An,Tri An,Phường Trị An,Tri An Ward,Phường,75,Đồng Nai,Dong Nai,11.216894,107.041005,11.055989,11.377485,106.901248,107.195736,660.5
26428,Xuân Bắc,Xuan Bac,Xã Xuân Bắc,Xuan Bac Commune,Xã,75,Đồng Nai,Dong Nai,11.040387,107.300827,10.991704,11.098351,107.241954,107.357926,96.4
26446,Xuân Hoà,Xuan Hoa,Xã Xuân Hoà,Xuan Hoa Commune,Xã,75,Đồng Nai,Dong Nai,10.867523,107.494366,10.767443,10.984212,107.402954,107.577774,306
26104,Xuân Lập,Xuan Lap,Phường Xuân Lập,Xuan Lap Ward,Phường,75,Đồng Nai,Dong Nai,10.913925,107.191639,10.878714,10.942594,107.157834,107.236414,29.2
26425,Xuân Lộc,Xuan Loc,Phường Xuân Lộc,Xuan Loc Ward,Phường,75,Đồng Nai,Dong Nai,10.937893,107.387287,10.852994,11.004489,107.286578,107.480824,140.5
26458,Xuân Phú,Xuan Phu,Xã Xuân Phú,Xuan Phu Commune,Xã,75,Đồng Nai,Dong Nai,10.886526,107.345162,10.846423,10.936085,107.298111,107.417483,55.6
26332,Xuân Quế,Xuan Que,Xã Xuân Quế,Xuan Que Commune,Xã,75,Đồng Nai,Dong Nai,10.843301,107.138578,10.79936,10.899479,107.071715,107.213519,92.9
26434,Xuân Thành,Xuan Thanh,Xã Xuân Thành,Xuan Thanh Commune,Xã,75,Đồng Nai,Dong Nai,11.003744,107.423851,10.95847,11.061292,107.343897,107.53526,122.7
26461,Xuân Định,Xuan Dinh,Xã Xuân Định,Xuan Dinh Commune,Xã,75,Đồng Nai,Dong Nai,10.876554,107.285958,10.834761,10.918149,107.237672,107.337984,52.3
26359,Xuân Đông,Xuan Dong,Xã Xuân Đông,Xuan Dong Commune,Xã,75,Đồng Nai,Dong Nai,10.80425,107.360196,10.760164,10.852895,107.286842,107.422436,108
26347,Xuân Đường,Xuan Duong,Xã Xuân Đường,Xuan Duong Commune,Xã,75,Đồng Nai,Dong Nai,10.782888,107.149086,10.743594,10.82939,107.073454,107.211895,82.1
25231,Đa Kia,Da Kia,Xã Đa Kia,Da Kia Commune,Xã,75,Đồng Nai,Dong Nai,11.902836,106.862837,11.820774,11.987574,106.748148,106.957562,196.3
26491,Đại Phước,Dai Phuoc,Xã Đại Phước,Dai Phuoc Commune,Xã,75,Đồng Nai,Dong Nai,10.702988,106.805581,10.626917,10.780808,106.75131,106.863545,98
26119,Đak Lua,Dak Lua,Xã Đak Lua,Dak Lua Commune,Xã,75,Đồng Nai,Dong Nai,11.463659,107.32024,11.334604,11.581938,107.176722,107.472188,415.1
25399,Đak Nhau,Dak Nhau,Xã Đak Nhau,Dak Nhau Commune,Xã,75,Đồng Nai,Dong Nai,11.973295,107.222199,11.897171,12.039029,107.113195,107.319075,182.5
25225,Đăk Ơ,Dak O,Xã Đăk Ơ,Dak O Commune,Xã,75,Đồng Nai,Dong Nai,12.067044,107.056244,11.983267,12.164173,106.959579,107.140514,246.5
26206,Định Quán,Dinh Quan,Xã Định Quán,Dinh Quan Commune,Xã,75,Đồng Nai,Dong Nai,11.139777,107.356366,11.045094,11.247694,107.26156,107.462222,295.8
25363,Đồng Phú,Dong Phu,Phường Đồng Phú,Dong Phu Ward,Phường,75,Đồng Nai,Dong Nai,11.411501,106.847208,11.307303,11.480458,106.769458,106.914819,138.7
25390,Đồng Tâm,Dong Tam,Xã Đồng Tâm,Dong Tam Commune,Xã,75,Đồng Nai,Dong Nai,11.570883,107.021264,11.49803,11.651849,106.913152,107.142614,248.8
25210,Đồng Xoài,Dong Xoai,Phường Đồng Xoài,Dong Xoai Ward,Phường,75,Đồng Nai,Dong Nai,11.529978,106.816559,11.481051,11.570017,106.755086,106.893275,81.3
26882,An Hội Tây,An Hoi Tay,Phường An Hội Tây,An Hoi Tay Ward,Phường,79,Hồ Chí Minh,Ho Chi Minh,10.844143,106.643198,10.828241,10.860774,106.631967,106.657057,3.81
26878,An Hội Đông,An Hoi Dong,Phường An Hội Đông,An Hoi Dong Ward,Phường,79,Hồ Chí Minh,Ho Chi Minh,10.850138,106.666947,10.838602,10.860671,106.655717,106.67693,3.29
27094,An Khánh,An Khanh,Phường An Khánh,An Khanh Ward,Phường,79,Hồ Chí Minh,Ho Chi Minh,10.786946,106.730198,10.75917,10.819771,106.708092,106.756977,15.33
27460,An Lạc,An Lac,Phường An Lạc,An Lac Ward,Phường,79,Hồ Chí Minh,Ho Chi Minh,10.735962,106.611801,10.710993,10.758241,106.597542,106.624425,10.47
25867,An Long,An Long,Xã An Long,An Long Commune,Xã,79,Hồ Chí Minh,Ho Chi Minh,11.326863,106.699231,11.248909,11.403015,106.643715,106.740551,100.05
26876,An Nhơn,An Nhon,Phường An Nhơn,An Nhon Ward,Phường,79,Hồ Chí Minh,Ho Chi Minh,10.835883,106.687542,10.820902,10.85172,106.676598,106.70107,3.23
27508,An Nhơn Tây,An Nhon Tay,Xã An Nhơn Tây,An Nhon Tay Commune,Xã,79,Hồ Chí Minh,Ho Chi Minh,11.101546,106.482557,11.043454,11.160237,106.437129,106.53384,77.7
25975,An Phú,An Phu,Phường An Phú,An Phu Ward,Phường,79,Hồ Chí Minh,Ho Chi Minh,10.9593,106.735544,10.926786,10.992173,106.716067,106.753926,16.85
26767,An Phú Đông,An Phu Dong,Phường An Phú Đông,An Phu Dong Ward,Phường,79,Hồ Chí Minh,Ho Chi Minh,10.862511,106.693116,10.82999,10.904268,106.675763,106.718214,14.59
27673,An Thới Đông,An Thoi Dong,Xã An Thới Đông,An Thoi Dong Commune,Xã,79,Hồ Chí Minh,Ho Chi Minh,10.50164,106.807323,10.395847,10.618243,106.741685,106.873321,257.85
27316,An Đông,An Dong,Phường An Đông,An Dong Ward,Phường,79,Hồ Chí Minh,Ho Chi Minh,10.75475,106.671622,10.748692,10.761281,106.665558,106.677298,1.32
26560,Bà Rịa,Ba Ria,Phường Bà Rịa,Ba Ria Ward,Phường,79,Hồ Chí Minh,Ho Chi Minh,10.492477,107.181642,10.462849,10.527111,107.164037,107.204839,15.55
27592,Bà Điểm,Ba Diem,Xã Bà Điểm,Ba Diem Commune,Xã,79,Hồ Chí Minh,Ho Chi Minh,10.852298,106.574242,10.826107,10.876894,106.528684,106.615514,27.36
25906,Bắc Tân Uyên,Bac Tan Uyen,Xã Bắc Tân Uyên,Bac Tan Uyen Commune,Xã,79,Hồ Chí Minh,Ho Chi Minh,11.170711,106.865266,11.086802,11.255492,106.809561,106.921408,143.69
27154,Bàn Cờ,Ban Co,Phường Bàn Cờ,Ban Co Ward,Phường,79,Hồ Chí Minh,Ho Chi Minh,10.770867,106.681998,10.76543,10.776722,106.674404,106.68941,0.99
25822,Bàu Bàng,Bau Bang,Xã Bàu Bàng,Bau Bang Commune,Xã,79,Hồ Chí Minh,Ho Chi Minh,11.28762,106.622611,11.212643,11.334237,106.567392,106.683734,84.09
26638,Bàu Lâm,Bau Lam,Xã Bàu Lâm,Bau Lam Commune,Xã,79,Hồ Chí Minh,Ho Chi Minh,10.730765,107.418149,10.669427,10.80491,107.349392,107.504871,123.83
26983,Bảy Hiền,Bay Hien,Phường Bảy Hiền,Bay Hien Ward,Phường,79,Hồ Chí Minh,Ho Chi Minh,10.792199,106.648565,10.774777,10.809376,106.641624,106.655468,2.86
25813,Bến Cát,Ben Cat,Phường Bến Cát,Ben Cat Ward,Phường,79,Hồ Chí Minh,Ho Chi Minh,11.208668,106.628184,11.12203,11.286521,106.57948,106.683444,100.89
26743,Bến Thành,Ben Thanh,Phường Bến Thành,Ben Thanh Ward,Phường,79,Hồ Chí Minh,Ho Chi Minh,10.77072,106.694518,10.763416,10.779586,106.684494,106.702652,1.85
27637,Bình Chánh,Binh Chanh,Xã Bình Chánh,Binh Chanh Commune,Xã,79,Hồ Chí Minh,Ho Chi Minh,10.670161,106.587667,10.648551,10.697453,106.548915,106.623718,21.33
26656,Bình Châu,Binh Chau,Xã Bình Châu,Binh Chau Commune,Xã,79,Hồ Chí Minh,Ho Chi Minh,10.591295,107.532305,10.500495,10.656362,107.490859,107.571928,87.06
25915,Bình Cơ,Binh Co,Phường Bình Cơ,Binh Co Ward,Phường,79,Hồ Chí Minh,Ho Chi Minh,11.152975,106.764926,11.087706,11.217722,106.712498,106.838009,73.69
25760,Bình Dương,Binh Duong,Phường Bình Dương,Binh Duong Ward,Phường,79,Hồ Chí Minh,Ho Chi Minh,11.052753,106.686839,10.99656,11.112901,106.653216,106.722836,58.16
26590,Bình Giã,Binh Gia,Xã Bình Giã,Binh Gia Commune,Xã,79,Hồ Chí Minh,Ho Chi Minh,10.671744,107.28224,10.607817,10.750432,107.243204,107.321982,66.96
25987,Bình Hoà,Binh Hoa,Phường Bình Hoà,Binh Hoa Ward,Phường,79,Hồ Chí Minh,Ho Chi Minh,10.902137,106.722298,10.865677,10.935144,106.694945,106.741755,18.49
27619,Bình Hưng,Binh Hung,Xã Bình Hưng,Binh Hung Commune,Xã,79,Hồ Chí Minh,Ho Chi Minh,10.706703,106.65956,10.668931,10.741416,106.621872,106.694992,32.63
27439,Bình Hưng Hoà,Binh Hung Hoa,Phường Bình Hưng Hoà,Binh Hung Hoa Ward,Phường,79,Hồ Chí Minh,Ho Chi Minh,10.796268,106.605543,10.776305,10.826287,106.59309,106.620135,8.47
27667,Bình Khánh,Binh Khanh,Xã Bình Khánh,Binh Khanh Commune,Xã,79,Hồ Chí Minh,Ho Chi Minh,10.596449,106.856449,10.516486,10.674491,106.73828,106.936676,158.28
27610,Bình Lợi,Binh Loi,Xã Bình Lợi,Binh Loi Commune,Xã,79,Hồ Chí Minh,Ho Chi Minh,10.754043,106.516137,10.710907,10.793736,106.463651,106.573391,54.18
26905,Bình Lợi Trung,Binh Loi Trung,Phường Bình Lợi Trung,Binh Loi Trung Ward,Phường,79,Hồ Chí Minh,Ho Chi Minh,10.822528,106.699953,10.805253,10.839105,106.683865,106.713556,3.89
27544,Bình Mỹ,Binh My,Xã Bình Mỹ,Binh My Commune,Xã,79,Hồ Chí Minh,Ho Chi Minh,10.972985,106.61424,10.914435,11.045798,106.566014,106.657353,54.44
27364,Bình Phú,Binh Phu,Phường Bình Phú,Binh Phu Ward,Phường,79,Hồ Chí Minh,Ho Chi Minh,10.738838,106.628803,10.726609,10.749233,106.620219,106.640017,2.86
26911,Bình Quới,Binh Quoi,Phường Bình Quới,Binh Quoi Ward,Phường,79,Hồ Chí Minh,Ho Chi Minh,10.821221,106.738382,10.808389,10.8356,106.713922,106.751522,6.34
27442,Bình Tân,Binh Tan,Phường Bình Tân,Binh Tan Ward,Phường,79,Hồ Chí Minh,Ho Chi Minh,10.791849,106.588773,10.756401,10.827501,106.567713,106.603302,11.25
27367,Bình Tây,Binh Tay,Phường Bình Tây,Binh Tay Ward,Phường,79,Hồ Chí Minh,Ho Chi Minh,10.750742,106.64507,10.746434,10.754733,106.636799,106.653853,1.05
26929,Bình Thạnh,Binh Thanh,Phường Bình Thạnh,Binh Thanh Ward,Phường,79,Hồ Chí Minh,Ho Chi Minh,10.810935,106.70489,10.802447,10.82101,106.694911,106.71753,3.32
27232,Bình Thới,Binh Thoi,Phường Bình Thới,Binh Thoi Ward,Phường,79,Hồ Chí Minh,Ho Chi Minh,10.762622,106.642197,10.757779,10.76957,106.634179,106.651237,1.52
27373,Bình Tiên,Binh Tien,Phường Bình Tiên,Binh Tien Ward,Phường,79,Hồ Chí Minh,Ho Chi Minh,10.742483,106.642951,10.73352,10.748595,106.633906,106.655038,1.61
27448,Bình Trị Đông,Binh Tri Dong,Phường Bình Trị Đông,Binh Tri Dong Ward,Phường,79,Hồ Chí Minh,Ho Chi Minh,10.768543,106.608893,10.755964,10.780831,106.590487,106.625255,7.15
27097,Bình Trưng,Binh Trung,Phường Bình Trưng,Binh Trung Ward,Phường,79,Hồ Chí Minh,Ho Chi Minh,10.793182,106.763849,10.773561,10.814598,106.735924,106.789909,14.82
27424,Bình Đông,Binh Dong,Phường Bình Đông,Binh Dong Ward,Phường,79,Hồ Chí Minh,Ho Chi Minh,10.713127,106.627461,10.689789,10.74291,106.594529,106.665683,8.93
27664,Cần Giờ,Can Gio,Xã Cần Giờ,Can Gio Commune,Xã,79,Hồ Chí Minh,Ho Chi Minh,10.452359,106.907518,10.376601,10.531853,106.858027,106.974754,157.01
27112,Cát Lái,Cat Lai,Phường Cát Lái,Cat Lai Ward,Phường,79,Hồ Chí Minh,Ho Chi Minh,10.763412,106.772605,10.741717,10.783394,106.744239,106.810012,19.65
27058,Cầu Kiệu,Cau Kieu,Phường Cầu Kiệu,Cau Kieu Ward,Phường,79,Hồ Chí Minh,Ho Chi Minh,10.798663,106.6854,10.792526,10.803984,106.677595,106.692457,1.23
26758,Cầu Ông Lãnh,Cau Ong Lanh,Phường Cầu Ông Lãnh,Cau Ong Lanh Ward,Phường,79,Hồ Chí Minh,Ho Chi Minh,10.761918,106.689285,10.753334,10.768391,106.681653,106.698242,1.6
25771,Chánh Hiệp,Chanh Hiep,Phường Chánh Hiệp,Chanh Hiep Ward,Phường,79,Hồ Chí Minh,Ho Chi Minh,11.014691,106.640521,10.97868,11.058451,106.615924,106.664581,19.89
27418,Chánh Hưng,Chanh Hung,Phường Chánh Hưng,Chanh Hung Ward,Phường,79,Hồ Chí Minh,Ho Chi Minh,10.743429,106.677031,10.732411,10.752023,106.66151,106.692902,4.61
25837,Chánh Phú Hoà,Chanh Phu Hoa,Phường Chánh Phú Hoà,Chanh Phu Hoa Ward,Phường,79,Hồ Chí Minh,Ho Chi Minh,11.184917,106.670472,11.117147,11.259213,106.621489,106.721715,69.54
26728,Châu Pha,Chau Pha,Xã Châu Pha,Chau Pha Commune,Xã,79,Hồ Chí Minh,Ho Chi Minh,10.586377,107.131524,10.532203,10.629327,107.076904,107.174282,65.64
26596,Châu Đức,Chau Duc,Xã Châu Đức,Chau Duc Commune,Xã,79,Hồ Chí Minh,Ho Chi Minh,10.733566,107.207822,10.680808,10.774832,107.138414,107.300483,84.66
27343,Chợ Lớn,Cho Lon,Phường Chợ Lớn,Cho Lon Ward,Phường,79,Hồ Chí Minh,Ho Chi Minh,10.753237,106.65907,10.746119,10.759237,106.650502,106.667069,1.67
27301,Chợ Quán,Cho Quan,Phường Chợ Quán,Cho Quan Ward,Phường,79,Hồ Chí Minh,Ho Chi Minh,10.757361,106.680719,10.750912,10.76543,106.67503,106.687036,1.28
26732,Côn Đảo,Con Dao,Đặc khu Côn Đảo,Con Dao Special administrative region,Đặc khu,79,Hồ Chí Minh,Ho Chi Minh,8.692385,106.61303,8.577055,8.778741,106.088109,106.743572,75.79
27553,Củ Chi,Cu Chi,Xã Củ Chi,Cu Chi Commune,Xã,79,Hồ Chí Minh,Ho Chi Minh,10.95174,106.533031,10.915954,11.007169,106.487313,106.585607,64.88
25777,Dầu Tiếng,Dau Tieng,Xã Dầu Tiếng,Dau Tieng Commune,Xã,79,Hồ Chí Minh,Ho Chi Minh,11.342766,106.393257,11.238042,11.427041,106.328976,106.472611,182.69
25942,Dĩ An,Di An,Phường Dĩ An,Di An Ward,Phường,79,Hồ Chí Minh,Ho Chi Minh,10.90193,106.75609,10.865631,10.937214,106.734175,106.794628,21.38
27169,Diên Hồng,Dien Hong,Phường Diên Hồng,Dien Hong Ward,Phường,79,Hồ Chí Minh,Ho Chi Minh,10.768874,106.662359,10.758415,10.780767,106.655978,106.66893,1.86
26944,Gia Định,Gia Dinh,Phường Gia Định,Gia Dinh Ward,Phường,79,Hồ Chí Minh,Ho Chi Minh,10.8,106.699558,10.791645,10.811197,106.687046,106.711394,2.76
26884,Gò Vấp,Go Vap,Phường Gò Vấp,Go Vap Ward,Phường,79,Hồ Chí Minh,Ho Chi Minh,10.835779,106.673347,10.826185,10.852039,106.66358,106.682124,2.81
26890,Hạnh Thông,Hanh Thong,Phường Hạnh Thông,Hanh Thong Ward,Phường,79,Hồ Chí Minh,Ho Chi Minh,10.821305,106.682762,10.809992,10.834489,106.672768,106.69435,3.37
26809,Hiệp Bình,Hiep Binh,Phường Hiệp Bình,Hiep Binh Ward,Phường,79,Hồ Chí Minh,Ho Chi Minh,10.844079,106.723314,10.820386,10.872862,106.697785,106.751844,16.01
27658,Hiệp Phước,Hiep Phuoc,Xã Hiệp Phước,Hiep Phuoc Commune,Xã,79,Hồ Chí Minh,Ho Chi Minh,10.630869,106.735559,10.575599,10.694359,106.678443,106.783668,63.33
26620,Hồ Tràm,Ho Tram,Xã Hồ Tràm,Ho Tram Commune,Xã,79,Hồ Chí Minh,Ho Chi Minh,10.522072,107.39752,10.449343,10.591902,107.332907,107.460758,94.51
27211,Hoà Bình,Hoa Binh,Phường Hoà Bình,Hoa Binh Ward,Phường,79,Hồ Chí Minh,Ho Chi Minh,10.770194,106.645266,10.765327,10.775246,106.637575,106.652079,0.98
26647,Hoà Hiệp,Hoa Hiep,Xã Hoà Hiệp,Hoa Hiep Commune,Xã,79,Hồ Chí Minh,Ho Chi Minh,10.6993,107.496984,10.644412,10.771404,107.443394,107.549853,99.28
26641,Hoà Hội,Hoa Hoi,Xã Hoà Hội,Hoa Hoi Commune,Xã,79,Hồ Chí Minh,Ho Chi Minh,10.629986,107.423917,10.576568,10.678742,107.351211,107.500304,136.27
27163,Hoà Hưng,Hoa Hung,Phường Hoà Hưng,Hoa Hung Ward,Phường,79,Hồ Chí Minh,Ho Chi Minh,10.777668,106.669607,10.767689,10.786913,106.658862,106.681651,2.59
25849,Hoà Lợi,Hoa Loi,Phường Hoà Lợi,Hoa Loi Ward,Phường,79,Hồ Chí Minh,Ho Chi Minh,11.082263,106.649919,11.034183,11.133031,106.604156,106.694155,33.59
27559,Hóc Môn,Hoc Mon,Xã Hóc Môn,Hoc Mon Commune,Xã,79,Hồ Chí Minh,Ho Chi Minh,10.901645,106.59142,10.863804,10.928662,106.563028,106.62197,16.43
27628,Hưng Long,Hung Long,Xã Hưng Long,Hung Long Commune,Xã,79,Hồ Chí Minh,Ho Chi Minh,10.659406,106.644643,10.625552,10.692983,106.605384,106.686017,35.54
27265,Khánh Hội,Khanh Hoi,Phường Khánh Hội,Khanh Hoi Ward,Phường,79,Hồ Chí Minh,Ho Chi Minh,10.759191,106.704008,10.752392,10.765324,106.696941,106.711148,1.07
26608,Kim Long,Kim Long,Xã Kim Long,Kim Long Commune,Xã,79,Hồ Chí Minh,Ho Chi Minh,10.680447,107.214182,10.624284,10.723805,107.159495,107.269434,63.92
25966,Lái Thiêu,Lai Thieu,Phường Lái Thiêu,Lai Thieu Ward,Phường,79,Hồ Chí Minh,Ho Chi Minh,10.910825,106.69921,10.873507,10.939371,106.68026,106.71348,15.46
26800,Linh Xuân,Linh Xuan,Phường Linh Xuân,Linh Xuan Ward,Phường,79,Hồ Chí Minh,Ho Chi Minh,10.868507,106.774989,10.848673,10.893853,106.750065,106.808589,12.29
26833,Long Bình,Long Binh,Phường Long Bình,Long Binh Ward,Phường,79,Hồ Chí Minh,Ho Chi Minh,10.861768,106.83235,10.825961,10.901602,106.807619,106.857459,29.43
26662,Long Hải,Long Hai,Xã Long Hải,Long Hai Commune,Xã,79,Hồ Chí Minh,Ho Chi Minh,10.410728,107.22253,10.377864,10.438698,107.171332,107.254557,27.93
25792,Long Hoà,Long Hoa,Xã Long Hoà,Long Hoa Commune,Xã,79,Hồ Chí Minh,Ho Chi Minh,11.327819,106.507467,11.226785,11.428445,106.447562,106.576492,166.76
26566,Long Hương,Long Huong,Phường Long Hương,Long Huong Ward,Phường,79,Hồ Chí Minh,Ho Chi Minh,10.49999,107.149824,10.454555,10.559956,107.11311,107.184844,41.22
25840,Long Nguyên,Long Nguyen,Phường Long Nguyên,Long Nguyen Ward,Phường,79,Hồ Chí Minh,Ho Chi Minh,11.186292,106.560233,11.073026,11.262924,106.497405,106.598417,108
26857,Long Phước,Long Phuoc,Phường Long Phước,Long Phuoc Ward,Phường,79,Hồ Chí Minh,Ho Chi Minh,10.806832,106.850077,10.764746,10.84151,106.806399,106.882043,34.29
26545,Long Sơn,Long Son,Xã Long Sơn,Long Son Commune,Xã,79,Hồ Chí Minh,Ho Chi Minh,10.451931,107.100764,10.414362,10.484279,107.039623,107.155164,56.5
26860,Long Trường,Long Truong,Phường Long Trường,Long Truong Ward,Phường,79,Hồ Chí Minh,Ho Chi Minh,10.793438,106.81233,10.759556,10.827064,106.781129,106.845293,24.49
26659,Long Điền,Long Dien,Xã Long Điền,Long Dien Commune,Xã,79,Hồ Chí Minh,Ho Chi Minh,10.467583,107.223728,10.423222,10.514831,107.174909,107.2577,51.44
27238,Minh Phụng,Minh Phung,Phường Minh Phụng,Minh Phung Ward,Phường,79,Hồ Chí Minh,Ho Chi Minh,10.757641,106.648962,10.753406,10.763833,106.635334,106.661517,1.27
25780,Minh Thạnh,Minh Thanh,Xã Minh Thạnh,Minh Thanh Commune,Xã,79,Hồ Chí Minh,Ho Chi Minh,11.448039,106.469523,11.386304,11.50104,106.362891,106.573236,159.06
26575,Ngãi Giao,Ngai Giao,Xã Ngãi Giao,Ngai Giao Commune,Xã,79,Hồ Chí Minh,Ho Chi Minh,10.620772,107.213151,10.57775,10.667379,107.159961,107.25808,69.3
26617,Nghĩa Thành,Nghia Thanh,Xã Nghĩa Thành,Nghia Thanh Commune,Xã,79,Hồ Chí Minh,Ho Chi Minh,10.578593,107.241643,10.538097,10.628326,107.169421,107.310778,65.67
27655,Nhà Bè,Nha Be,Xã Nhà Bè,Nha Be Commune,Xã,79,Hồ Chí Minh,Ho Chi Minh,10.694141,106.72166,10.665046,10.725467,106.673261,106.776463,37.1
27142,Nhiêu Lộc,Nhieu Loc,Phường Nhiêu Lộc,Nhieu Loc Ward,Phường,79,Hồ Chí Minh,Ho Chi Minh,10.785532,106.676074,10.77784,10.791371,106.664279,106.684474,1.71
27511,Nhuận Đức,Nhuan Duc,Xã Nhuận Đức,Nhuan Duc Commune,Xã,79,Hồ Chí Minh,Ho Chi Minh,11.032129,106.498625,10.986541,11.07446,106.439703,106.554265,62.06
25768,Phú An,Phu An,Phường Phú An,Phu An Ward,Phường,79,Hồ Chí Minh,Ho Chi Minh,11.047281,106.599963,11.011459,11.085467,106.555828,106.647694,34.97
25858,Phú Giáo,Phu Giao,Xã Phú Giáo,Phu Giao Commune,Xã,79,Hồ Chí Minh,Ho Chi Minh,11.308499,106.860457,11.230126,11.384102,106.775271,106.952972,192.83
27541,Phú Hoà Đông,Phu Hoa Dong,Xã Phú Hoà Đông,Phu Hoa Dong Commune,Xã,79,Hồ Chí Minh,Ho Chi Minh,10.984829,106.573224,10.923101,11.054434,106.515515,106.625582,59.75
27349,Phú Lâm,Phu Lam,Phường Phú Lâm,Phu Lam Ward,Phường,79,Hồ Chí Minh,Ho Chi Minh,10.752897,106.630421,10.745141,10.762021,106.623115,106.639774,2
25750,Phú Lợi,Phu Loi,Phường Phú Lợi,Phu Loi Ward,Phường,79,Hồ Chí Minh,Ho Chi Minh,10.989252,106.679506,10.963582,11.011645,106.64562,106.70716,17.96
26704,Phú Mỹ,Phu My,Phường Phú Mỹ,Phu My Ward,Phường,79,Hồ Chí Minh,Ho Chi Minh,10.611119,107.045514,10.545527,10.658165,106.996257,107.092745,70.92
27073,Phú Nhuận,Phu Nhuan,Phường Phú Nhuận,Phu Nhuan Ward,Phường,79,Hồ Chí Minh,Ho Chi Minh,10.794171,106.672987,10.787959,10.800183,106.665915,106.681968,1.46
27028,Phú Thạnh,Phu Thanh,Phường Phú Thạnh,Phu Thanh Ward,Phường,79,Hồ Chí Minh,Ho Chi Minh,10.772834,106.627333,10.758207,10.78477,106.618751,106.636026,2.99
27226,Phú Thọ,Phu Tho,Phường Phú Thọ,Phu Tho Ward,Phường,79,Hồ Chí Minh,Ho Chi Minh,10.767489,106.654361,10.758877,10.778435,106.646448,106.659992,1.37
27022,Phú Thọ Hoà,Phu Tho Hoa,Phường Phú Thọ Hoà,Phu Tho Hoa Ward,Phường,79,Hồ Chí Minh,Ho Chi Minh,10.789163,106.626955,10.780654,10.795773,106.614152,106.637835,3.02
27484,Phú Thuận,Phu Thuan,Phường Phú Thuận,Phu Thuan Ward,Phường,79,Hồ Chí Minh,Ho Chi Minh,10.727213,106.746699,10.70317,10.745133,106.730459,106.769662,10.55
27427,Phú Định,Phu Dinh,Phường Phú Định,Phu Dinh Ward,Phường,79,Hồ Chí Minh,Ho Chi Minh,10.726269,106.632398,10.70628,10.750211,106.603792,106.669753,5.85
26686,Phước Hải,Phuoc Hai,Xã Phước Hải,Phuoc Hai Commune,Xã,79,Hồ Chí Minh,Ho Chi Minh,10.448786,107.298339,10.379511,10.498484,107.244395,107.376873,70.04
25882,Phước Hoà,Phuoc Hoa,Xã Phước Hoà,Phuoc Hoa Commune,Xã,79,Hồ Chí Minh,Ho Chi Minh,11.241149,106.773034,11.188374,11.318838,106.704321,106.854407,128.07
26848,Phước Long,Phuoc Long,Phường Phước Long,Phuoc Long Ward,Phường,79,Hồ Chí Minh,Ho Chi Minh,10.817938,106.775017,10.794414,10.841045,106.756976,106.793442,9.23
26542,Phước Thắng,Phuoc Thang,Phường Phước Thắng,Phuoc Thang Ward,Phường,79,Hồ Chí Minh,Ho Chi Minh,10.42345,107.162414,10.376505,10.474049,107.118764,107.212043,47.35
25864,Phước Thành,Phuoc Thanh,Xã Phước Thành,Phuoc Thanh Commune,Xã,79,Hồ Chí Minh,Ho Chi Minh,11.391965,106.758812,11.278327,11.491855,106.70425,106.808695,123.49
26536,Rạch Dừa,Rach Dua,Phường Rạch Dừa,Rach Dua Ward,Phường,79,Hồ Chí Minh,Ho Chi Minh,10.389113,107.108461,10.367486,10.414463,107.072263,107.132143,19.7
26740,Sài Gòn,Sai Gon,Phường Sài Gòn,Sai Gon Ward,Phường,79,Hồ Chí Minh,Ho Chi Minh,10.780926,106.70418,10.767229,10.792731,106.694971,106.715264,3.04
26803,Tam Bình,Tam Binh,Phường Tam Bình,Tam Binh Ward,Phường,79,Hồ Chí Minh,Ho Chi Minh,10.872252,106.733041,10.845146,10.896423,106.713055,106.751915,10.71
26572,Tam Long,Tam Long,Phường Tam Long,Tam Long Ward,Phường,79,Hồ Chí Minh,Ho Chi Minh,10.526741,107.214162,10.494688,10.563216,107.181445,107.247324,34.7
26526,Tam Thắng,Tam Thang,Phường Tam Thắng,Tam Thang Ward,Phường,79,Hồ Chí Minh,Ho Chi Minh,10.366885,107.096124,10.348959,10.388061,107.075505,107.119056,11.76
27496,Tân An Hội,Tan An Hoi,Xã Tân An Hội,Tan An Hoi Commune,Xã,79,Hồ Chí Minh,Ho Chi Minh,10.971547,106.468475,10.924974,11.015702,106.42601,106.515515,53.51
27004,Tân Bình,Tan Binh,Phường Tân Bình,Tan Binh Ward,Phường,79,Hồ Chí Minh,Ho Chi Minh,10.800633,106.642182,10.785971,10.810989,106.634658,106.648106,2.12
26710,Tân Hải,Tan Hai,Phường Tân Hải,Tan Hai Ward,Phường,79,Hồ Chí Minh,Ho Chi Minh,10.511786,107.10327,10.472065,10.556892,107.044755,107.148073,51.86
25920,Tân Hiệp,Tan Hiep,Phường Tân Hiệp,Tan Hiep Ward,Phường,79,Hồ Chí Minh,Ho Chi Minh,11.056742,106.747324,11.012785,11.11081,106.708558,106.783208,47.06
26995,Tân Hoà,Tan Hoa,Phường Tân Hoà,Tan Hoa Ward,Phường,79,Hồ Chí Minh,Ho Chi Minh,10.780879,106.654728,10.768905,10.790272,106.648035,106.664621,1.47
27475,Tân Hưng,Tan Hung,Phường Tân Hưng,Tan Hung Ward,Phường,79,Hồ Chí Minh,Ho Chi Minh,10.737177,106.704699,10.719102,10.752498,106.690193,106.720875,8.54
25891,Tân Khánh,Tan Khanh,Phường Tân Khánh,Tan Khanh Ward,Phường,79,Hồ Chí Minh,Ho Chi Minh,11.002354,106.745196,10.965419,11.034016,106.702472,106.79628,38.23
27487,Tân Mỹ,Tan My,Phường Tân Mỹ,Tan My Ward,Phường,79,Hồ Chí Minh,Ho Chi Minh,10.720329,106.727491,10.697826,10.738427,106.712364,106.737866,6.45
27595,Tân Nhựt,Tan Nhut,Xã Tân Nhựt,Tan Nhut Commune,Xã,79,Hồ Chí Minh,Ho Chi Minh,10.707124,106.564957,10.671334,10.74464,106.527187,106.608767,43.67
27031,Tân Phú,Tan Phu,Phường Tân Phú,Tan Phu Ward,Phường,79,Hồ Chí Minh,Ho Chi Minh,10.776544,106.638065,10.758989,10.795784,106.631756,106.647693,2.52
26713,Tân Phước,Tan Phuoc,Phường Tân Phước,Tan Phuoc Ward,Phường,79,Hồ Chí Minh,Ho Chi Minh,10.532588,107.055521,10.462652,10.590247,106.997193,107.114437,83.62
27007,Tân Sơn,Tan Son,Phường Tân Sơn,Tan Son Ward,Phường,79,Hồ Chí Minh,Ho Chi Minh,10.820837,106.65079,10.801057,10.837364,106.627901,106.67863,10.12
26977,Tân Sơn Hoà,Tan Son Hoa,Phường Tân Sơn Hoà,Tan Son Hoa Ward,Phường,79,Hồ Chí Minh,Ho Chi Minh,10.806046,106.666169,10.790783,10.819586,106.659266,106.676121,2.62
26968,Tân Sơn Nhất,Tan Son Nhat,Phường Tân Sơn Nhất,Tan Son Nhat Ward,Phường,79,Hồ Chí Minh,Ho Chi Minh,10.794956,106.658385,10.784475,10.808633,106.651762,106.666824,3.19
27019,Tân Sơn Nhì,Tan Son Nhi,Phường Tân Sơn Nhì,Tan Son Nhi Ward,Phường,79,Hồ Chí Minh,Ho Chi Minh,10.800925,106.624045,10.793131,10.809295,106.609858,106.638283,3.46
27457,Tân Tạo,Tan Tao,Phường Tân Tạo,Tan Tao Ward,Phường,79,Hồ Chí Minh,Ho Chi Minh,10.74432,106.584224,10.722061,10.765236,106.558285,106.606598,14.71
26725,Tân Thành,Tan Thanh,Phường Tân Thành,Tan Thanh Ward,Phường,79,Hồ Chí Minh,Ho Chi Minh,10.655792,107.133187,10.614771,10.716473,107.073512,107.168989,61.63
26782,Tân Thới Hiệp,Tan Thoi Hiep,Phường Tân Thới Hiệp,Tan Thoi Hiep Ward,Phường,79,Hồ Chí Minh,Ho Chi Minh,10.874636,106.639715,10.852165,10.894783,106.624817,106.650866,8.06
27478,Tân Thuận,Tan Thuan,Phường Tân Thuận,Tan Thuan Ward,Phường,79,Hồ Chí Minh,Ho Chi Minh,10.755329,106.734811,10.737508,10.777574,106.715833,106.753008,10.16
25888,Tân Uyên,Tan Uyen,Phường Tân Uyên,Tan Uyen Ward,Phường,79,Hồ Chí Minh,Ho Chi Minh,11.092807,106.807641,11.008883,11.173946,106.760356,106.875699,94.67
27604,Tân Vĩnh Lộc,Tan Vinh Loc,Xã Tân Vĩnh Lộc,Tan Vinh Loc Commune,Xã,79,Hồ Chí Minh,Ho Chi Minh,10.794438,106.547861,10.7629,10.83486,106.505673,106.58915,34.05
26737,Tân Định,Tan Dinh,Phường Tân Định,Tan Dinh Ward,Phường,79,Hồ Chí Minh,Ho Chi Minh,10.791234,106.693949,10.78462,10.796945,106.684828,106.703427,1.23
25945,Tân Đông Hiệp,Tan Dong Hiep,Phường Tân Đông Hiệp,Tan Dong Hiep Ward,Phường,79,Hồ Chí Minh,Ho Chi Minh,10.942608,106.76958,10.906492,10.980812,106.745307,106.802032,21.47
26842,Tăng Nhơn Phú,Tang Nhon Phu,Phường Tăng Nhơn Phú,Tang Nhon Phu Ward,Phường,79,Hồ Chí Minh,Ho Chi Minh,10.842397,106.796788,10.814672,10.871707,106.769057,106.826064,16.51
25843,Tây Nam,Tay Nam,Phường Tây Nam,Tay Nam Ward,Phường,79,Hồ Chí Minh,Ho Chi Minh,11.14565,106.507942,11.045501,11.219491,106.428991,106.573412,119.8
27013,Tây Thạnh,Tay Thanh,Phường Tây Thạnh,Tay Thanh Ward,Phường,79,Hồ Chí Minh,Ho Chi Minh,10.812718,106.622069,10.80324,10.82467,106.607356,106.635778,3.95
27526,Thái Mỹ,Thai My,Xã Thái Mỹ,Thai My Commune,Xã,79,Hồ Chí Minh,Ho Chi Minh,11.022007,106.420107,10.962994,11.109907,106.356687,106.456857,62.44
25807,Thanh An,Thanh An,Xã Thanh An,Thanh An Commune,Xã,79,Hồ Chí Minh,Ho Chi Minh,11.242753,106.43728,11.17045,11.326017,106.372154,106.515763,136.72
27676,Thạnh An,Thanh An,Xã Thạnh An,Thanh An Commune,Xã,79,Hồ Chí Minh,Ho Chi Minh,10.545951,106.974849,10.453809,10.613289,106.917994,107.027677,131.31
26956,Thạnh Mỹ Tây,Thanh My Tay,Phường Thạnh Mỹ Tây,Thanh My Tay Ward,Phường,79,Hồ Chí Minh,Ho Chi Minh,10.798075,106.717611,10.785246,10.814321,106.706348,106.727461,4.4
26773,Thới An,Thoi An,Phường Thới An,Thoi An Ward,Phường,79,Hồ Chí Minh,Ho Chi Minh,10.879114,106.66612,10.853017,10.903555,106.646887,106.689092,14.9
25846,Thới Hoà,Thoi Hoa,Phường Thới Hoà,Thoi Hoa Ward,Phường,79,Hồ Chí Minh,Ho Chi Minh,11.104223,106.622927,11.072058,11.133484,106.580799,106.658888,37.93
26898,Thông Tây Hội,Thong Tay Hoi,Phường Thông Tây Hội,Thong Tay Hoi Ward,Phường,79,Hồ Chí Minh,Ho Chi Minh,10.841727,106.654877,10.830715,10.851439,106.640122,106.66533,3.24
25747,Thủ Dầu Một,Thu Dau Mot,Phường Thủ Dầu Một,Thu Dau Mot Ward,Phường,79,Hồ Chí Minh,Ho Chi Minh,10.970196,106.658404,10.939776,10.996653,106.629773,106.689268,15.68
26824,Thủ Đức,Thu Duc,Phường Thủ Đức,Thu Duc Ward,Phường,79,Hồ Chí Minh,Ho Chi Minh,10.839693,106.757593,10.81296,10.860978,106.738889,106.774377,8.81
25978,Thuận An,Thuan An,Phường Thuận An,Thuan An Ward,Phường,79,Hồ Chí Minh,Ho Chi Minh,10.941846,106.67855,10.920752,10.963582,106.649963,106.707286,16.11
25969,Thuận Giao,Thuan Giao,Phường Thuận Giao,Thuan Giao Ward,Phường,79,Hồ Chí Minh,Ho Chi Minh,10.963403,106.711694,10.928061,10.997529,106.689268,106.72739,16.81
25909,Thường Tân,Thuong Tan,Xã Thường Tân,Thuong Tan Commune,Xã,79,Hồ Chí Minh,Ho Chi Minh,11.096154,106.911178,11.019857,11.189828,106.837034,106.96667,120.7
25819,Trừ Văn Thố,Tru Van Tho,Xã Trừ Văn Thố,Tru Van Tho Commune,Xã,79,Hồ Chí Minh,Ho Chi Minh,11.345281,106.583726,11.292195,11.387858,106.529503,106.658975,76.56
26785,Trung Mỹ Tây,Trung My Tay,Phường Trung Mỹ Tây,Trung My Tay Ward,Phường,79,Hồ Chí Minh,Ho Chi Minh,10.860014,106.622508,10.842707,10.877153,106.607246,106.637595,6.93
27286,Vĩnh Hội,Vinh Hoi,Phường Vĩnh Hội,Vinh Hoi Ward,Phường,79,Hồ Chí Minh,Ho Chi Minh,10.755284,106.696363,10.751838,10.761706,106.686586,106.70605,1.17
27601,Vĩnh Lộc,Vinh Loc,Xã Vĩnh Lộc,Vinh Loc Commune,Xã,79,Hồ Chí Minh,Ho Chi Minh,10.829177,106.550457,10.802024,10.873641,106.515817,106.595165,30.55
25912,Vĩnh Tân,Vinh Tan,Phường Vĩnh Tân,Vinh Tan Ward,Phường,79,Hồ Chí Minh,Ho Chi Minh,11.146655,106.712754,11.065319,11.210537,106.67901,106.762517,61.35
26506,Vũng Tàu,Vung Tau,Phường Vũng Tàu,Vung Tau Ward,Phường,79,Hồ Chí Minh,Ho Chi Minh,10.356465,107.075603,10.320285,10.387285,107.054852,107.101337,16.86
27190,Vườn Lài,Vuon Lai,Phường Vườn Lài,Vuon Lai Ward,Phường,79,Hồ Chí Minh,Ho Chi Minh,10.766659,106.673844,10.759907,10.77784,106.667124,106.682762,1.28
27259,Xóm Chiếu,Xom Chieu,Phường Xóm Chiếu,Xom Chieu Ward,Phường,79,Hồ Chí Minh,Ho Chi Minh,10.759985,106.711925,10.752396,10.769486,106.701192,106.722084,1.94
27139,Xuân Hoà,Xuan Hoa,Phường Xuân Hoà,Xuan Hoa Ward,Phường,79,Hồ Chí Minh,Ho Chi Minh,10.783687,106.688065,10.773624,10.795823,106.680005,106.698077,2.22
26584,Xuân Sơn,Xuan Son,Xã Xuân Sơn,Xuan Son Commune,Xã,79,Hồ Chí Minh,Ho Chi Minh,10.618534,107.331495,10.556234,10.678529,107.295537,107.368499,73.81
27577,Xuân Thới Sơn,Xuan Thoi Son,Xã Xuân Thới Sơn,Xuan Thoi Son Commune,Xã,79,Hồ Chí Minh,Ho Chi Minh,10.890027,106.556676,10.855526,10.920878,106.495618,106.606187,35.21
26632,Xuyên Mộc,Xuyen Moc,Xã Xuyên Mộc,Xuyen Moc Commune,Xã,79,Hồ Chí Minh,Ho Chi Minh,10.549037,107.466026,10.48934,10.61299,107.400763,107.518565,102.96
26680,Đất Đỏ,Dat Do,Xã Đất Đỏ,Dat Do Commune,Xã,79,Hồ Chí Minh,Ho Chi Minh,10.520283,107.303537,10.458544,10.577312,107.239981,107.376988,119.77
25951,Đông Hoà,Dong Hoa,Phường Đông Hoà,Dong Hoa Ward,Phường,79,Hồ Chí Minh,Ho Chi Minh,10.893542,106.79926,10.867163,10.920742,106.768575,106.83943,21.89
26791,Đông Hưng Thuận,Dong Hung Thuan,Phường Đông Hưng Thuận,Dong Hung Thuan Ward,Phường,79,Hồ Chí Minh,Ho Chi Minh,10.835571,106.622037,10.818084,10.856556,106.603302,106.64296,8.26
27568,Đông Thạnh,Dong Thanh,Xã Đông Thạnh,Dong Thanh Commune,Xã,79,Hồ Chí Minh,Ho Chi Minh,10.902282,106.641458,10.867377,10.925761,106.59794,106.692669,30.16
27043,Đức Nhuận,Duc Nhuan,Phường Đức Nhuận,Duc Nhuan Ward,Phường,79,Hồ Chí Minh,Ho Chi Minh,10.805518,106.677009,10.79917,10.814149,106.667537,106.688486,2.17
28243,An Lục Long,An Luc Long,Xã An Lục Long,An Luc Long Commune,Xã,80,Tây Ninh,Tay Ninh,10.424102,106.46265,10.394556,10.451485,106.4147,106.509572,33.75
27943,An Ninh,An Ninh,Xã An Ninh,An Ninh Commune,Xã,80,Tây Ninh,Tay Ninh,10.98147,106.312799,10.927604,11.025777,106.270615,106.361779,57.69
25732,An Tịnh,An Tinh,Phường An Tịnh,An Tinh Ward,Phường,80,Tây Ninh,Tay Ninh,11.061923,106.388197,10.991566,11.130601,106.34568,106.427422,78.44
25681,Bến Cầu,Ben Cau,Xã Bến Cầu,Ben Cau Commune,Xã,80,Tây Ninh,Tay Ninh,11.109651,106.19456,11.052321,11.167653,106.125183,106.269797,112.02
27991,Bến Lức,Ben Luc,Xã Bến Lức,Ben Luc Commune,Xã,80,Tây Ninh,Tay Ninh,10.661718,106.483105,10.613171,10.711563,106.434761,106.526529,48.75
27793,Bình Hiệp,Binh Hiep,Xã Bình Hiệp,Binh Hiep Commune,Xã,80,Tây Ninh,Tay Ninh,10.831763,105.958261,10.76894,10.917751,105.875273,106.036669,123.68
27811,Bình Hoà,Binh Hoa,Xã Bình Hoà,Binh Hoa Commune,Xã,80,Tây Ninh,Tay Ninh,10.775975,106.029462,10.713382,10.835735,105.954898,106.117271,117.85
25480,Bình Minh,Binh Minh,Phường Bình Minh,Binh Minh Ward,Phường,80,Tây Ninh,Tay Ninh,11.3841,106.128454,11.323938,11.438769,106.071544,106.191583,105.35
27868,Bình Thành,Binh Thanh,Xã Bình Thành,Binh Thanh Commune,Xã,80,Tây Ninh,Tay Ninh,10.769061,106.188943,10.703294,10.819448,106.106565,106.266121,132.41
28015,Bình Đức,Binh Duc,Xã Bình Đức,Binh Duc Commune,Xã,80,Tây Ninh,Tay Ninh,10.64034,106.439093,10.589065,10.696008,106.373373,106.48403,51.2
28159,Cần Giuộc,Can Giuoc,Xã Cần Giuộc,Can Giuoc Commune,Xã,80,Tây Ninh,Tay Ninh,10.619233,106.692407,10.573808,10.656477,106.634682,106.733347,60.4
28108,Cần Đước,Can Duoc,Xã Cần Đước,Can Duoc Commune,Xã,80,Tây Ninh,Tay Ninh,10.489801,106.593228,10.435819,10.539418,106.558256,106.633316,48.56
25573,Cầu Khởi,Cau Khoi,Xã Cầu Khởi,Cau Khoi Commune,Xã,80,Tây Ninh,Tay Ninh,11.307972,106.2501,11.230789,11.372922,106.209299,106.301656,90.51
25585,Châu Thành,Chau Thanh,Xã Châu Thành,Chau Thanh Commune,Xã,80,Tây Ninh,Tay Ninh,11.335801,106.048316,11.244939,11.414941,106.015616,106.082734,93.41
25552,Dương Minh Châu,Duong Minh Chau,Xã Dương Minh Châu,Duong Minh Chau Commune,Xã,80,Tây Ninh,Tay Ninh,11.392559,106.250306,11.318296,11.471735,106.175967,106.348317,177.15
25672,Gia Lộc,Gia Loc,Phường Gia Lộc,Gia Loc Ward,Phường,80,Tây Ninh,Tay Ninh,11.097711,106.341297,11.037684,11.158425,106.300561,106.384717,50.26
25654,Gò Dầu,Go Dau,Phường Gò Dầu,Go Dau Ward,Phường,80,Tây Ninh,Tay Ninh,11.075079,106.29766,11.040456,11.105847,106.254147,106.342214,43.09
25588,Hảo Đước,Hao Duoc,Xã Hảo Đước,Hao Duoc Commune,Xã,80,Tây Ninh,Tay Ninh,11.369529,105.992819,11.274276,11.453925,105.95127,106.02736,93.75
27931,Hậu Nghĩa,Hau Nghia,Xã Hậu Nghĩa,Hau Nghia Commune,Xã,80,Tây Ninh,Tay Ninh,10.937202,106.398651,10.881306,10.984732,106.348276,106.453508,66.48
27841,Hậu Thạnh,Hau Thanh,Xã Hậu Thạnh,Hau Thanh Commune,Xã,80,Tây Ninh,Tay Ninh,10.659064,105.867971,10.58752,10.712557,105.807707,105.931947,93.82
27952,Hiệp Hoà,Hiep Hoa,Xã Hiệp Hoà,Hiep Hoa Commune,Xã,80,Tây Ninh,Tay Ninh,10.913341,106.345381,10.862572,10.970514,106.302072,106.38509,55.02
25606,Hoà Hội,Hoa Hoi,Xã Hoà Hội,Hoa Hoi Commune,Xã,80,Tây Ninh,Tay Ninh,11.325152,105.92279,11.273184,11.41391,105.862759,106.013171,111.3
27979,Hoà Khánh,Hoa Khanh,Xã Hoà Khánh,Hoa Khanh Commune,Xã,80,Tây Ninh,Tay Ninh,10.850023,106.392626,10.807644,10.893663,106.33819,106.440948,59.75
25645,Hoà Thành,Hoa Thanh,Phường Hoà Thành,Hoa Thanh Ward,Phường,80,Tây Ninh,Tay Ninh,11.258902,106.115541,11.228624,11.288708,106.087449,106.139387,20.42
25711,Hưng Thuận,Hung Thuan,Xã Hưng Thuận,Hung Thuan Commune,Xã,80,Tây Ninh,Tay Ninh,11.16162,106.385565,11.084394,11.246651,106.326028,106.448415,102.72
27727,Hưng Điền,Hung Dien,Xã Hưng Điền,Hung Dien Commune,Xã,80,Tây Ninh,Tay Ninh,10.930656,105.604165,10.880327,10.981553,105.500114,105.705891,131.16
27715,Khánh Hậu,Khanh Hau,Phường Khánh Hậu,Khanh Hau Ward,Phường,80,Tây Ninh,Tay Ninh,10.52023,106.373466,10.475646,10.560553,106.347031,106.397831,22.81
27763,Khánh Hưng,Khanh Hung,Xã Khánh Hưng,Khanh Hung Commune,Xã,80,Tây Ninh,Tay Ninh,10.973266,105.74231,10.90778,11.032211,105.642984,105.830523,145.09
27787,Kiến Tường,Kien Tuong,Phường Kiến Tường,Kien Tuong Ward,Phường,80,Tây Ninh,Tay Ninh,10.755937,105.939171,10.728784,10.785132,105.910006,105.971321,26.28
25579,Lộc Ninh,Loc Ninh,Xã Lộc Ninh,Loc Ninh Commune,Xã,80,Tây Ninh,Tay Ninh,11.28962,106.318237,11.213312,11.423502,106.267729,106.364365,90.25
27694,Long An,Long An,Phường Long An,Long An Ward,Phường,80,Tây Ninh,Tay Ninh,10.547539,106.404967,10.508128,10.578572,106.368948,106.442274,34.9
28126,Long Cang,Long Cang,Xã Long Cang,Long Cang Commune,Xã,80,Tây Ninh,Tay Ninh,10.594663,106.519003,10.565744,10.619091,106.482528,106.561654,31.73
25684,Long Chữ,Long Chu,Xã Long Chữ,Long Chu Commune,Xã,80,Tây Ninh,Tay Ninh,11.188173,106.087415,11.119003,11.248573,106.014749,106.148659,92
25630,Long Hoa,Long Hoa,Phường Long Hoa,Long Hoa Ward,Phường,80,Tây Ninh,Tay Ninh,11.260003,106.163846,11.210446,11.305456,106.122619,106.204967,55.99
28144,Long Hựu,Long Huu,Xã Long Hựu,Long Huu Commune,Xã,80,Tây Ninh,Tay Ninh,10.478597,106.691076,10.438193,10.514528,106.65653,106.744019,36.89
25702,Long Thuận,Long Thuan,Xã Long Thuận,Long Thuan Commune,Xã,80,Tây Ninh,Tay Ninh,11.127134,106.099989,11.071463,11.176355,106.05862,106.143818,65.61
28003,Lương Hoà,Luong Hoa,Xã Lương Hoà,Luong Hoa Commune,Xã,80,Tây Ninh,Tay Ninh,10.702176,106.478093,10.655272,10.746418,106.417617,106.547662,62.16
27823,Mộc Hoá,Moc Hoa,Xã Mộc Hoá,Moc Hoa Commune,Xã,80,Tây Ninh,Tay Ninh,10.713579,106.02321,10.652418,10.783841,105.921188,106.114902,135.56
28066,Mỹ An,My An,Xã Mỹ An,My An Commune,Xã,80,Tây Ninh,Tay Ninh,10.57617,106.341147,10.543297,10.616237,106.286175,106.383631,32.76
27976,Mỹ Hạnh,My Hanh,Xã Mỹ Hạnh,My Hanh Commune,Xã,80,Tây Ninh,Tay Ninh,10.850557,106.478185,10.793736,10.894102,106.424011,106.525884,63.44
28132,Mỹ Lệ,My Le,Xã Mỹ Lệ,My Le Commune,Xã,80,Tây Ninh,Tay Ninh,10.55998,106.575366,10.537339,10.583599,106.516051,106.633839,39.85
28177,Mỹ Lộc,My Loc,Xã Mỹ Lộc,My Loc Commune,Xã,80,Tây Ninh,Tay Ninh,10.592809,106.6323,10.555265,10.632812,106.588361,106.681163,32.71
27907,Mỹ Quý,My Quy,Xã Mỹ Quý,My Quy Commune,Xã,80,Tây Ninh,Tay Ninh,10.938533,106.218995,10.885412,10.987321,106.137416,106.303223,132.98
28051,Mỹ Thạnh,My Thanh,Xã Mỹ Thạnh,My Thanh Commune,Xã,80,Tây Ninh,Tay Ninh,10.634891,106.355685,10.578889,10.694417,106.304208,106.396251,63.7
28018,Mỹ Yên,My Yen,Xã Mỹ Yên,My Yen Commune,Xã,80,Tây Ninh,Tay Ninh,10.638681,106.532825,10.606678,10.686692,106.499365,106.56006,29.23
27838,Nhơn Hoà Lập,Nhon Hoa Lap,Xã Nhơn Hoà Lập,Nhon Hoa Lap Commune,Xã,80,Tây Ninh,Tay Ninh,10.633855,105.960413,10.590153,10.689181,105.894384,106.035786,109.77
27856,Nhơn Ninh,Nhon Ninh,Xã Nhơn Ninh,Nhon Ninh Commune,Xã,80,Tây Ninh,Tay Ninh,10.5709,105.946099,10.532984,10.610094,105.872232,106.030827,92.67
28087,Nhựt Tảo,Nhut Tao,Xã Nhựt Tảo,Nhut Tao Commune,Xã,80,Tây Ninh,Tay Ninh,10.567824,106.476991,10.534908,10.597733,106.438173,106.520237,36.45
25567,Ninh Thạnh,Ninh Thanh,Phường Ninh Thạnh,Ninh Thanh Ward,Phường,80,Tây Ninh,Tay Ninh,11.318208,106.170072,11.26155,11.363679,106.12316,106.215874,52.66
25621,Ninh Điền,Ninh Dien,Xã Ninh Điền,Ninh Dien Commune,Xã,80,Tây Ninh,Tay Ninh,11.235662,105.992088,11.178776,11.293303,105.907496,106.080707,152.23
25729,Phước Chỉ,Phuoc Chi,Xã Phước Chỉ,Phuoc Chi Commune,Xã,80,Tây Ninh,Tay Ninh,11.017169,106.231172,10.962736,11.061219,106.163647,106.28684,82.84
28165,Phước Lý,Phuoc Ly,Xã Phước Lý,Phuoc Ly Commune,Xã,80,Tây Ninh,Tay Ninh,10.635163,106.592871,10.603901,10.658749,106.541783,106.631211,27.37
25663,Phước Thạnh,Phuoc Thanh,Xã Phước Thạnh,Phuoc Thanh Commune,Xã,80,Tây Ninh,Tay Ninh,11.138995,106.266797,11.088588,11.21122,106.222272,106.314334,70.89
25591,Phước Vinh,Phuoc Vinh,Xã Phước Vinh,Phuoc Vinh Commune,Xã,80,Tây Ninh,Tay Ninh,11.455117,105.928956,11.346196,11.546703,105.874357,105.97912,165.08
28201,Phước Vĩnh Tây,Phuoc Vinh Tay,Xã Phước Vĩnh Tây,Phuoc Vinh Tay Commune,Xã,80,Tây Ninh,Tay Ninh,10.558748,106.666419,10.511754,10.592028,106.629799,106.708517,34.4
28114,Rạch Kiến,Rach Kien,Xã Rạch Kiến,Rach Kien Commune,Xã,80,Tây Ninh,Tay Ninh,10.607749,106.575423,10.576186,10.640909,106.550481,106.596282,24.53
28210,Tầm Vu,Tam Vu,Xã Tầm Vu,Tam Vu Commune,Xã,80,Tây Ninh,Tay Ninh,10.474348,106.480295,10.432231,10.515178,106.438932,106.518501,43.5
27712,Tân An,Tan An,Phường Tân An,Tan An Ward,Phường,80,Tây Ninh,Tay Ninh,10.525574,106.427325,10.476593,10.574148,106.38946,106.460802,25.5
25486,Tân Biên,Tan Bien,Xã Tân Biên,Tan Bien Commune,Xã,80,Tây Ninh,Tay Ninh,11.585937,105.921009,11.498215,11.677121,105.808414,106.040805,244.71
25516,Tân Châu,Tan Chau,Xã Tân Châu,Tan Chau Commune,Xã,80,Tây Ninh,Tay Ninh,11.549977,106.14841,11.518654,11.593265,106.11293,106.195269,54.77
25531,Tân Hoà,Tan Hoa,Xã Tân Hoà,Tan Hoa Commune,Xã,80,Tây Ninh,Tay Ninh,11.590009,106.373251,11.452008,11.696572,106.259018,106.490468,416.82
25525,Tân Hội,Tan Hoi,Xã Tân Hội,Tan Hoi Commune,Xã,80,Tây Ninh,Tay Ninh,11.637108,106.164827,11.563752,11.699026,106.112558,106.224782,143.24
27721,Tân Hưng,Tan Hung,Xã Tân Hưng,Tan Hung Commune,Xã,80,Tây Ninh,Tay Ninh,10.815482,105.719362,10.752294,10.868838,105.645279,105.787614,107.75
28138,Tân Lân,Tan Lan,Xã Tân Lân,Tan Lan Commune,Xã,80,Tây Ninh,Tay Ninh,10.507046,106.63194,10.459746,10.545219,106.596199,106.668474,38.93
25489,Tân Lập,Tan Lap,Xã Tân Lập,Tan Lap Commune,Xã,80,Tây Ninh,Tay Ninh,11.677809,106.039657,11.588605,11.782858,105.91993,106.114524,257.61
28072,Tân Long,Tan Long,Xã Tân Long,Tan Long Commune,Xã,80,Tây Ninh,Tay Ninh,10.707414,106.297907,10.643095,10.777855,106.229635,106.380772,149.1
25459,Tân Ninh,Tan Ninh,Phường Tân Ninh,Tan Ninh Ward,Phường,80,Tây Ninh,Tay Ninh,11.315311,106.102777,11.292119,11.340736,106.075877,106.132735,21.35
25549,Tân Phú,Tan Phu,Xã Tân Phú,Tan Phu Commune,Xã,80,Tây Ninh,Tay Ninh,11.472662,106.16248,11.406079,11.528155,106.112413,106.219785,103.08
28207,Tân Tập,Tan Tap,Xã Tân Tập,Tan Tap Commune,Xã,80,Tây Ninh,Tay Ninh,10.536741,106.708545,10.496093,10.591164,106.658076,106.748357,60.22
27889,Tân Tây,Tan Tay,Xã Tân Tây,Tan Tay Commune,Xã,80,Tây Ninh,Tay Ninh,10.622328,106.254018,10.579227,10.685327,106.197332,106.335355,113.45
25534,Tân Thành,Tan Thanh,Xã Tân Thành,Tan Thanh Commune,Xã,80,Tây Ninh,Tay Ninh,11.509835,106.269218,11.417344,11.635793,106.183053,106.374089,254.99
27826,Tân Thạnh,Tan Thanh,Xã Tân Thạnh,Tan Thanh Commune,Xã,80,Tây Ninh,Tay Ninh,10.583422,106.05425,10.522835,10.657638,105.992097,106.10246,118.45
28075,Tân Trụ,Tan Tru,Xã Tân Trụ,Tan Tru Commune,Xã,80,Tây Ninh,Tay Ninh,10.528258,106.500044,10.48764,10.561466,106.455623,106.538024,30.84
25522,Tân Đông,Tan Dong,Xã Tân Đông,Tan Dong Commune,Xã,80,Tây Ninh,Tay Ninh,11.696245,106.212829,11.629579,11.750278,106.110978,106.299541,134.32
25498,Thạnh Bình,Thanh Binh,Xã Thạnh Bình,Thanh Binh Commune,Xã,80,Tây Ninh,Tay Ninh,11.53565,106.059431,11.462117,11.616753,105.961314,106.122804,174.92
27865,Thạnh Hoá,Thanh Hoa,Xã Thạnh Hoá,Thanh Hoa Commune,Xã,80,Tây Ninh,Tay Ninh,10.619665,106.145654,10.575364,10.67791,106.085875,106.199158,108.18
27994,Thạnh Lợi,Thanh Loi,Xã Thạnh Lợi,Thanh Loi Commune,Xã,80,Tây Ninh,Tay Ninh,10.743787,106.398783,10.684776,10.797449,106.331321,106.466103,96.52
27877,Thạnh Phước,Thanh Phuoc,Xã Thạnh Phước,Thanh Phuoc Commune,Xã,80,Tây Ninh,Tay Ninh,10.692711,106.13381,10.641886,10.75836,106.035934,106.233568,144.64
25633,Thanh Điền,Thanh Dien,Phường Thanh Điền,Thanh Dien Ward,Phường,80,Tây Ninh,Tay Ninh,11.270854,106.085568,11.229283,11.305769,106.05864,106.129174,30.73
25657,Thạnh Đức,Thanh Duc,Xã Thạnh Đức,Thanh Duc Commune,Xã,80,Tây Ninh,Tay Ninh,11.196627,106.202811,11.150681,11.268531,106.138463,106.266021,99.06
28036,Thủ Thừa,Thu Thua,Xã Thủ Thừa,Thu Thua Commune,Xã,80,Tây Ninh,Tay Ninh,10.61329,106.406451,10.564262,10.668103,106.362022,106.446419,50.45
28225,Thuận Mỹ,Thuan My,Xã Thuận Mỹ,Thuan My Commune,Xã,80,Tây Ninh,Tay Ninh,10.449985,106.548286,10.412184,10.503036,106.488052,106.589425,53.37
25510,Trà Vong,Tra Vong,Xã Trà Vong,Tra Vong Commune,Xã,80,Tây Ninh,Tay Ninh,11.443208,106.056587,11.392133,11.482189,105.964898,106.122818,88.67
25708,Trảng Bàng,Trang Bang,Phường Trảng Bàng,Trang Bang Ward,Phường,80,Tây Ninh,Tay Ninh,11.032274,106.325183,10.994736,11.058208,106.27078,106.380216,36.97
25666,Truông Mít,Truong Mit,Xã Truông Mít,Truong Mit Commune,Xã,80,Tây Ninh,Tay Ninh,11.204623,106.294449,11.136719,11.270154,106.233243,106.352888,74.43
27775,Tuyên Bình,Tuyen Binh,Xã Tuyên Bình,Tuyen Binh Commune,Xã,80,Tây Ninh,Tay Ninh,10.834246,105.832823,10.726897,10.945597,105.776754,105.898607,137.81
27817,Tuyên Thạnh,Tuyen Thanh,Xã Tuyên Thạnh,Tuyen Thanh Commune,Xã,80,Tây Ninh,Tay Ninh,10.742331,105.875648,10.687199,10.816152,105.817514,105.935091,108.81
28093,Vàm Cỏ,Vam Co,Xã Vàm Cỏ,Vam Co Commune,Xã,80,Tây Ninh,Tay Ninh,10.507186,106.541043,10.460119,10.553246,106.505079,106.568857,40.73
27748,Vĩnh Châu,Vinh Chau,Xã Vĩnh Châu,Vinh Chau Commune,Xã,80,Tây Ninh,Tay Ninh,10.73122,105.756872,10.653417,10.803991,105.659415,105.819708,144.28
28222,Vĩnh Công,Vinh Cong,Xã Vĩnh Công,Vinh Cong Commune,Xã,80,Tây Ninh,Tay Ninh,10.499686,106.444679,10.46684,10.53151,106.41422,106.472579,24.71
27757,Vĩnh Hưng,Vinh Hung,Xã Vĩnh Hưng,Vinh Hung Commune,Xã,80,Tây Ninh,Tay Ninh,10.89355,105.761921,10.817712,10.961653,105.687358,105.822786,95.26
27736,Vĩnh Thạnh,Vinh Thanh,Xã Vĩnh Thạnh,Vinh Thanh Commune,Xã,80,Tây Ninh,Tay Ninh,10.858251,105.663638,10.771919,10.914983,105.588505,105.759688,118.68
27898,Đông Thành,Dong Thanh,Xã Đông Thành,Dong Thanh Commune,Xã,80,Tây Ninh,Tay Ninh,10.870647,106.246343,10.817941,10.921059,106.163273,106.340476,130.94
27937,Đức Hoà,Duc Hoa,Xã Đức Hoà,Duc Hoa Commune,Xã,80,Tây Ninh,Tay Ninh,10.796679,106.449978,10.74085,10.840137,106.390414,106.505673,63.31
27925,Đức Huệ,Duc Hue,Xã Đức Huệ,Duc Hue Commune,Xã,80,Tây Ninh,Tay Ninh,10.807207,106.312829,10.742738,10.867205,106.222061,106.392881,134.13
27964,Đức Lập,Duc Lap,Xã Đức Lập,Duc Lap Commune,Xã,80,Tây Ninh,Tay Ninh,10.901818,106.472066,10.869895,10.941908,106.408909,106.532907,59.41
29954,An Bình,An Binh,Phường An Bình,An Binh Ward,Phường,82,Đồng Tháp,Dong Thap,10.7881,105.390308,10.751229,10.814195,105.337712,105.449957,50.1
30019,An Hoà,An Hoa,Xã An Hoà,An Hoa Commune,Xã,82,Đồng Tháp,Dong Thap,10.748531,105.430389,10.711983,10.790165,105.356496,105.497288,77.9
28429,An Hữu,An Huu,Xã An Hữu,An Huu Commune,Xã,82,Đồng Tháp,Dong Thap,10.305944,105.914374,10.274157,10.338318,105.852865,105.975803,43.9
30028,An Long,An Long,Xã An Long,An Long Commune,Xã,82,Đồng Tháp,Dong Thap,10.665557,105.413915,10.573554,10.747173,105.36845,105.453613,72.2
29944,An Phước,An Phuoc,Xã An Phước,An Phuoc Commune,Xã,82,Đồng Tháp,Dong Thap,10.823903,105.533796,10.784566,10.88067,105.436974,105.612321,64.9
28633,An Thạnh Thuỷ,An Thanh Thuy,Xã An Thạnh Thuỷ,An Thanh Thuy Commune,Xã,82,Đồng Tháp,Dong Thap,10.36533,106.509221,10.321399,10.413562,106.466671,106.549877,42.7
30085,Ba Sao,Ba Sao,Xã Ba Sao,Ba Sao Commune,Xã,82,Đồng Tháp,Dong Thap,10.548584,105.691486,10.489704,10.621781,105.636171,105.734845,81.1
30118,Bình Hàng Trung,Binh Hang Trung,Xã Bình Hàng Trung,Binh Hang Trung Commune,Xã,82,Đồng Tháp,Dong Thap,10.424691,105.77151,10.355424,10.490259,105.728158,105.824619,78.2
28648,Bình Ninh,Binh Ninh,Xã Bình Ninh,Binh Ninh Commune,Xã,82,Đồng Tháp,Dong Thap,10.323459,106.477148,10.298015,10.348753,106.398558,106.55441,46.6
28471,Bình Phú,Binh Phu,Xã Bình Phú,Binh Phu Commune,Xã,82,Đồng Tháp,Dong Thap,10.390456,106.073589,10.34163,10.452029,106.033794,106.10638,47.3
30163,Bình Thành,Binh Thanh,Xã Bình Thành,Binh Thanh Commune,Xã,82,Đồng Tháp,Dong Thap,10.586636,105.567201,10.516157,10.649588,105.51242,105.6239,72.1
28564,Bình Trưng,Binh Trung,Xã Bình Trưng,Binh Trung Commune,Xã,82,Đồng Tháp,Dong Thap,10.40077,106.209378,10.358494,10.45508,106.17881,106.246551,31.2
28315,Bình Xuân,Binh Xuan,Phường Bình Xuân,Binh Xuan Ward,Phường,82,Đồng Tháp,Dong Thap,10.406627,106.63254,10.35437,10.452149,106.584197,106.669456,34.4
28360,Cái Bè,Cai Be,Xã Cái Bè,Cai Be Commune,Xã,82,Đồng Tháp,Dong Thap,10.350297,106.004823,10.318056,10.407046,105.967346,106.054558,41.1
28439,Cai Lậy,Cai Lay,Phường Cai Lậy,Cai Lay Ward,Phường,82,Đồng Tháp,Dong Thap,10.380448,106.123678,10.350273,10.412679,106.095644,106.150627,25.5
29869,Cao Lãnh,Cao Lanh,Phường Cao Lãnh,Cao Lanh Ward,Phường,82,Đồng Tháp,Dong Thap,10.439859,105.623673,10.406112,10.484787,105.57053,105.691859,73.3
28519,Châu Thành,Chau Thanh,Xã Châu Thành,Chau Thanh Commune,Xã,82,Đồng Tháp,Dong Thap,10.432507,106.336782,10.392872,10.475396,106.307533,106.368164,24.3
28594,Chợ Gạo,Cho Gao,Xã Chợ Gạo,Cho Gao Commune,Xã,82,Đồng Tháp,Dong Thap,10.363397,106.434692,10.3418,10.392994,106.404992,106.481322,25.2
28720,Gia Thuận,Gia Thuan,Xã Gia Thuận,Gia Thuan Commune,Xã,82,Đồng Tháp,Dong Thap,10.416714,106.756839,10.36386,10.473569,106.715706,106.807813,67.4
28306,Gò Công,Go Cong,Phường Gò Công,Go Cong Ward,Phường,82,Đồng Tháp,Dong Thap,10.350138,106.669636,10.334771,10.372862,106.650661,106.692919,10.1
28747,Gò Công Đông,Go Cong Dong,Xã Gò Công Đông,Go Cong Dong Commune,Xã,82,Đồng Tháp,Dong Thap,10.299456,106.747899,10.263185,10.3362,106.712007,106.781917,106.4
28366,Hậu Mỹ,Hau My,Xã Hậu Mỹ,Hau My Commune,Xã,82,Đồng Tháp,Dong Thap,10.47912,105.972574,10.405898,10.536448,105.939691,106.009448,78.6
28501,Hiệp Đức,Hiep Duc,Xã Hiệp Đức,Hiep Duc Commune,Xã,82,Đồng Tháp,Dong Thap,10.318839,106.064753,10.276345,10.376382,106.011807,106.104171,46
30208,Hoà Long,Hoa Long,Xã Hoà Long,Hoa Long Commune,Xã,82,Đồng Tháp,Dong Thap,10.266777,105.662088,10.211162,10.320741,105.593341,105.72479,81.3
28393,Hội Cư,Hoi Cu,Xã Hội Cư,Hoi Cu Commune,Xã,82,Đồng Tháp,Dong Thap,10.401891,106.012844,10.356543,10.459246,105.973064,106.046721,48.7
29955,Hồng Ngự,Hong Ngu,Phường Hồng Ngự,Hong Ngu Ward,Phường,82,Đồng Tháp,Dong Thap,10.841151,105.376958,10.802626,10.897806,105.335741,105.436601,64.2
28336,Hưng Thạnh,Hung Thanh,Xã Hưng Thạnh,Hung Thanh Commune,Xã,82,Đồng Tháp,Dong Thap,10.530039,106.296586,10.485339,10.570795,106.229692,106.349015,65.2
28582,Kim Sơn,Kim Son,Xã Kim Sơn,Kim Son Commune,Xã,82,Đồng Tháp,Dong Thap,10.339017,106.264286,10.317939,10.364434,106.217294,106.313612,29.4
30226,Lai Vung,Lai Vung,Xã Lai Vung,Lai Vung Commune,Xã,82,Đồng Tháp,Dong Thap,10.298312,105.565407,10.239004,10.341799,105.492229,105.630855,71.2
30169,Lấp Vò,Lap Vo,Xã Lấp Vò,Lap Vo Commune,Xã,82,Đồng Tháp,Dong Thap,10.352096,105.577609,10.308091,10.398168,105.48861,105.654,85.2
28687,Long Bình,Long Binh,Xã Long Bình,Long Binh Commune,Xã,82,Đồng Tháp,Dong Thap,10.309188,106.644963,10.27584,10.341056,106.607275,106.68728,36.6
28537,Long Hưng,Long Hung,Xã Long Hưng,Long Hung Commune,Xã,82,Đồng Tháp,Dong Thap,10.395171,106.290423,10.347783,10.443425,106.256447,106.324435,43.3
29983,Long Khánh,Long Khanh,Xã Long Khánh,Long Khanh Commune,Xã,82,Đồng Tháp,Dong Thap,10.799262,105.308565,10.77859,10.822785,105.258271,105.346129,29
29992,Long Phú Thuận,Long Phu Thuan,Xã Long Phú Thuận,Long Phu Thuan Commune,Xã,82,Đồng Tháp,Dong Thap,10.75314,105.313585,10.713362,10.801298,105.25815,105.359846,56.6
28297,Long Thuận,Long Thuan,Phường Long Thuận,Long Thuan Ward,Phường,82,Đồng Tháp,Dong Thap,10.361816,106.693168,10.345701,10.379118,106.670515,106.714837,8.3
28504,Long Tiên,Long Tien,Xã Long Tiên,Long Tien Commune,Xã,82,Đồng Tháp,Dong Thap,10.345056,106.143334,10.305195,10.380099,106.08378,106.196569,44.6
28543,Long Định,Long Dinh,Xã Long Định,Long Dinh Commune,Xã,82,Đồng Tháp,Dong Thap,10.411401,106.246411,10.356902,10.454773,106.207328,106.294562,43.8
28615,Lương Hoà Lạc,Luong Hoa Lac,Xã Lương Hoà Lạc,Luong Hoa Lac Commune,Xã,82,Đồng Tháp,Dong Thap,10.418109,106.383122,10.386553,10.453601,106.344932,106.427664,35.3
30178,Mỹ An Hưng,My An Hung,Xã Mỹ An Hưng,My An Hung Commune,Xã,82,Đồng Tháp,Dong Thap,10.39626,105.603796,10.363517,10.434325,105.523677,105.684207,65.3
30112,Mỹ Hiệp,My Hiep,Xã Mỹ Hiệp,My Hiep Commune,Xã,82,Đồng Tháp,Dong Thap,10.351431,105.795084,10.286754,10.438561,105.748728,105.836526,79.4
28414,Mỹ Lợi,My Loi,Xã Mỹ Lợi,My Loi Commune,Xã,82,Đồng Tháp,Dong Thap,10.375921,105.884917,10.315883,10.430756,105.84563,105.926442,43.8
29884,Mỹ Ngãi,My Ngai,Phường Mỹ Ngãi,My Ngai Ward,Phường,82,Đồng Tháp,Dong Thap,10.509153,105.611062,10.467644,10.561233,105.557988,105.649657,49
28273,Mỹ Phong,My Phong,Phường Mỹ Phong,My Phong Ward,Phường,82,Đồng Tháp,Dong Thap,10.370676,106.391359,10.338407,10.40655,106.364812,106.413535,23
28435,Mỹ Phước Tây,My Phuoc Tay,Phường Mỹ Phước Tây,My Phuoc Tay Ward,Phường,82,Đồng Tháp,Dong Thap,10.460693,106.121762,10.404535,10.500152,106.090245,106.14879,36.1
30055,Mỹ Quí,My Qui,Xã Mỹ Quí,My Qui Commune,Xã,82,Đồng Tháp,Dong Thap,10.530219,105.774024,10.470065,10.599871,105.718999,105.831973,119.9
28456,Mỹ Thành,My Thanh,Xã Mỹ Thành,My Thanh Commune,Xã,82,Đồng Tháp,Dong Thap,10.45424,106.037791,10.395381,10.532335,106.000558,106.092558,52.3
28378,Mỹ Thiện,My Thien,Xã Mỹ Thiện,My Thien Commune,Xã,82,Đồng Tháp,Dong Thap,10.426072,105.927567,10.37979,10.494443,105.880095,105.972358,62.6
28261,Mỹ Tho,My Tho,Phường Mỹ Tho,My Tho Ward,Phường,82,Đồng Tháp,Dong Thap,10.350134,106.374773,10.33568,10.365995,106.357239,106.399957,6.4
30076,Mỹ Thọ,My Tho,Xã Mỹ Thọ,My Tho Commune,Xã,82,Đồng Tháp,Dong Thap,10.442338,105.720785,10.377938,10.503724,105.678299,105.758185,61.5
28603,Mỹ Tịnh An,My Tinh An,Xã Mỹ Tịnh An,My Tinh An Commune,Xã,82,Đồng Tháp,Dong Thap,10.456466,106.403246,10.424509,10.49313,106.345562,106.45402,41.2
29888,Mỹ Trà,My Tra,Phường Mỹ Trà,My Tra Ward,Phường,82,Đồng Tháp,Dong Thap,10.479632,105.675542,10.443464,10.508793,105.628573,105.718999,46.3
28405,Mỹ Đức Tây,My Duc Tay,Xã Mỹ Đức Tây,My Duc Tay Commune,Xã,82,Đồng Tháp,Dong Thap,10.364291,105.940228,10.328173,10.401246,105.893089,105.978734,45.8
28516,Ngũ Hiệp,Ngu Hiep,Xã Ngũ Hiệp,Ngu Hiep Commune,Xã,82,Đồng Tháp,Dong Thap,10.30851,106.142482,10.282492,10.340275,106.059795,106.205641,47.9
28477,Nhị Quý,Nhi Quy,Phường Nhị Quý,Nhi Quy Ward,Phường,82,Đồng Tháp,Dong Thap,10.394264,106.163427,10.366436,10.435051,106.132011,106.196344,21.4
30235,Phong Hoà,Phong Hoa,Xã Phong Hoà,Phong Hoa Commune,Xã,82,Đồng Tháp,Dong Thap,10.198952,105.662679,10.134823,10.265803,105.599892,105.727837,87.9
30088,Phong Mỹ,Phong My,Xã Phong Mỹ,Phong My Commune,Xã,82,Đồng Tháp,Dong Thap,10.579204,105.61256,10.507429,10.665553,105.55349,105.660116,78.6
30025,Phú Cường,Phu Cuong,Xã Phú Cường,Phu Cuong Commune,Xã,82,Đồng Tháp,Dong Thap,10.717625,105.626415,10.632259,10.823373,105.57247,105.682153,89.9
30244,Phú Hựu,Phu Huu,Xã Phú Hựu,Phu Huu Commune,Xã,82,Đồng Tháp,Dong Thap,10.25118,105.863516,10.185567,10.299011,105.776577,105.919516,71.3
28663,Phú Thành,Phu Thanh,Xã Phú Thành,Phu Thanh Commune,Xã,82,Đồng Tháp,Dong Thap,10.378505,106.619825,10.326589,10.42644,106.576181,106.652347,31.9
30034,Phú Thọ,Phu Tho,Xã Phú Thọ,Phu Tho Commune,Xã,82,Đồng Tháp,Dong Thap,10.686926,105.477901,10.648587,10.726063,105.408695,105.556943,84.9
30043,Phương Thịnh,Phuong Thinh,Xã Phương Thịnh,Phuong Thinh Commune,Xã,82,Đồng Tháp,Dong Thap,10.637138,105.684476,10.545727,10.710334,105.635886,105.764412,104.7
29905,Sa Đéc,Sa Dec,Phường Sa Đéc,Sa Dec Ward,Phường,82,Đồng Tháp,Dong Thap,10.329028,105.739061,10.278271,10.382477,105.704636,105.782975,46.9
28729,Sơn Qui,Son Qui,Phường Sơn Qui,Son Qui Ward,Phường,82,Đồng Tháp,Dong Thap,10.423443,106.664094,10.365796,10.483735,106.627769,106.699575,49
30010,Tam Nông,Tam Nong,Xã Tam Nông,Tam Nong Commune,Xã,82,Đồng Tháp,Dong Thap,10.754106,105.532292,10.68747,10.812225,105.470893,105.593519,102.7
30214,Tân Dương,Tan Duong,Xã Tân Dương,Tan Duong Commune,Xã,82,Đồng Tháp,Dong Thap,10.298782,105.713164,10.261417,10.354333,105.661675,105.779129,46.7
29929,Tân Hộ Cơ,Tan Ho Co,Xã Tân Hộ Cơ,Tan Ho Co Commune,Xã,82,Đồng Tháp,Dong Thap,10.904424,105.472905,10.83165,10.973446,105.405675,105.536271,77.5
28702,Tân Hoà,Tan Hoa,Xã Tân Hoà,Tan Hoa Commune,Xã,82,Đồng Tháp,Dong Thap,10.317244,106.701052,10.275727,10.359325,106.660404,106.73886,38
29926,Tân Hồng,Tan Hong,Xã Tân Hồng,Tan Hong Commune,Xã,82,Đồng Tháp,Dong Thap,10.867311,105.439263,10.814189,10.930169,105.371235,105.512983,102.8
28525,Tân Hương,Tan Huong,Xã Tân Hương,Tan Huong Commune,Xã,82,Đồng Tháp,Dong Thap,10.486387,106.34546,10.442037,10.528915,106.298632,106.389713,35.1
30184,Tân Khánh Trung,Tan Khanh Trung,Xã Tân Khánh Trung,Tan Khanh Trung Commune,Xã,82,Đồng Tháp,Dong Thap,10.354937,105.675843,10.298425,10.40959,105.633253,105.722652,60.1
30154,Tân Long,Tan Long,Xã Tân Long,Tan Long Commune,Xã,82,Đồng Tháp,Dong Thap,10.627255,105.37983,10.549764,10.727521,105.337632,105.446388,94.9
30253,Tân Nhuận Đông,Tan Nhuan Dong,Xã Tân Nhuận Đông,Tan Nhuan Dong Commune,Xã,82,Đồng Tháp,Dong Thap,10.202475,105.832519,10.148702,10.281261,105.781013,105.883384,92
28468,Tân Phú,Tan Phu,Xã Tân Phú,Tan Phu Commune,Xã,82,Đồng Tháp,Dong Thap,10.442359,106.167186,10.402985,10.482754,106.138031,106.198482,38.6
30259,Tân Phú Trung,Tan Phu Trung,Xã Tân Phú Trung,Tan Phu Trung Commune,Xã,82,Đồng Tháp,Dong Thap,10.232539,105.76417,10.178925,10.281112,105.705633,105.815474,82.6
28696,Tân Phú Đông,Tan Phu Dong,Xã Tân Phú Đông,Tan Phu Dong Commune,Xã,82,Đồng Tháp,Dong Thap,10.242512,106.718434,10.193338,10.295692,106.637262,106.795032,175.2
28321,Tân Phước 1,Tan Phuoc 1,Xã Tân Phước 1,Commune Tan Phuoc 1,Xã,82,Đồng Tháp,Dong Thap,10.536571,106.22456,10.463764,10.587009,106.174184,106.310382,95.4
28327,Tân Phước 2,Tan Phuoc 2,Xã Tân Phước 2,Commune Tan Phuoc 2,Xã,82,Đồng Tháp,Dong Thap,10.533134,106.142925,10.473839,10.579824,106.089644,106.187081,89.4
28345,Tân Phước 3,Tan Phuoc 3,Xã Tân Phước 3,Commune Tan Phuoc 3,Xã,82,Đồng Tháp,Dong Thap,10.469254,106.262092,10.430916,10.5158,106.179048,106.326456,80.2
29938,Tân Thành,Tan Thanh,Xã Tân Thành,Tan Thanh Commune,Xã,82,Đồng Tháp,Dong Thap,10.896708,105.529172,10.830782,10.96469,105.454483,105.588343,64.8
30157,Tân Thạnh,Tan Thanh,Xã Tân Thạnh,Tan Thanh Commune,Xã,82,Đồng Tháp,Dong Thap,10.610942,105.467464,10.542639,10.664444,105.431546,105.505517,59.5
28693,Tân Thới,Tan Thoi,Xã Tân Thới,Tan Thoi Commune,Xã,82,Đồng Tháp,Dong Thap,10.27286,106.580642,10.231974,10.30841,106.475456,106.676961,65.8
28627,Tân Thuận Bình,Tan Thuan Binh,Xã Tân Thuận Bình,Tan Thuan Binh Commune,Xã,82,Đồng Tháp,Dong Thap,10.393608,106.471447,10.354511,10.429003,106.416662,106.528198,39.9
28738,Tân Điền,Tan Dien,Xã Tân Điền,Tan Dien Commune,Xã,82,Đồng Tháp,Dong Thap,10.352238,106.753781,10.316685,10.376434,106.713366,106.783086,39
28723,Tân Đông,Tan Dong,Xã Tân Đông,Tan Dong Commune,Xã,82,Đồng Tháp,Dong Thap,10.429184,106.715194,10.360637,10.500021,106.685555,106.750006,50.4
30130,Thanh Bình,Thanh Binh,Xã Thanh Bình,Thanh Binh Commune,Xã,82,Đồng Tháp,Dong Thap,10.602738,105.517075,10.53405,10.663385,105.458079,105.589906,86
28436,Thanh Hoà,Thanh Hoa,Phường Thanh Hoà,Thanh Hoa Ward,Phường,82,Đồng Tháp,Dong Thap,10.420218,106.103369,10.374689,10.467909,106.083989,106.120016,19.5
28426,Thanh Hưng,Thanh Hung,Xã Thanh Hưng,Thanh Hung Commune,Xã,82,Đồng Tháp,Dong Thap,10.335562,105.854124,10.29777,10.374041,105.815779,105.909411,51.9
30073,Thanh Mỹ,Thanh My,Xã Thanh Mỹ,Thanh My Commune,Xã,82,Đồng Tháp,Dong Thap,10.444127,105.857357,10.36621,10.507612,105.815764,105.92488,93.1
28444,Thạnh Phú,Thanh Phu,Xã Thạnh Phú,Thanh Phu Commune,Xã,82,Đồng Tháp,Dong Thap,10.496885,106.056958,10.451803,10.532316,106.00149,106.098416,56.6
30037,Tháp Mười,Thap Muoi,Xã Tháp Mười,Thap Muoi Commune,Xã,82,Đồng Tháp,Dong Thap,10.545369,105.834713,10.473328,10.614025,105.780254,105.891861,70.4
28270,Thới Sơn,Thoi Son,Phường Thới Sơn,Thoi Son Ward,Phường,82,Đồng Tháp,Dong Thap,10.337365,106.330412,10.318964,10.36145,106.28596,106.372698,15.2
29978,Thường Lạc,Thuong Lac,Phường Thường Lạc,Thuong Lac Ward,Phường,82,Đồng Tháp,Dong Thap,10.855196,105.302231,10.807689,10.896424,105.248499,105.342472,43.7
29971,Thường Phước,Thuong Phuoc,Xã Thường Phước,Thuong Phuoc Commune,Xã,82,Đồng Tháp,Dong Thap,10.852336,105.240931,10.801646,10.911549,105.187232,105.296657,80.7
30001,Tràm Chim,Tram Chim,Xã Tràm Chim,Tram Chim Commune,Xã,82,Đồng Tháp,Dong Thap,10.73652,105.590697,10.649804,10.817162,105.539471,105.648733,90.2
28285,Trung An,Trung An,Phường Trung An,Trung An Ward,Phường,82,Đồng Tháp,Dong Thap,10.36961,106.324124,10.33733,10.403136,106.305248,106.351068,23.4
30046,Trường Xuân,Truong Xuan,Xã Trường Xuân,Truong Xuan Commune,Xã,82,Đồng Tháp,Dong Thap,10.657773,105.744082,10.596302,10.750692,105.658156,105.834657,113.8
28651,Vĩnh Bình,Vinh Binh,Xã Vĩnh Bình,Vinh Binh Commune,Xã,82,Đồng Tháp,Dong Thap,10.346562,106.573415,10.319749,10.375216,106.514843,106.627643,39.8
28678,Vĩnh Hựu,Vinh Huu,Xã Vĩnh Hựu,Vinh Huu Commune,Xã,82,Đồng Tháp,Dong Thap,10.308711,106.582365,10.28677,10.337508,106.542608,106.61696,31.9
28576,Vĩnh Kim,Vinh Kim,Xã Vĩnh Kim,Vinh Kim Commune,Xã,82,Đồng Tháp,Dong Thap,10.346213,106.21452,10.314117,10.370657,106.182154,106.260965,25.6
28249,Đạo Thạnh,Dao Thanh,Phường Đạo Thạnh,Dao Thanh Ward,Phường,82,Đồng Tháp,Dong Thap,10.381026,106.357572,10.347581,10.404951,106.337971,106.379476,14.3
30061,Đốc Binh Kiều,Doc Binh Kieu,Xã Đốc Binh Kiều,Doc Binh Kieu Commune,Xã,82,Đồng Tháp,Dong Thap,10.550165,105.88282,10.476854,10.638276,105.817486,105.941938,77.8
28660,Đồng Sơn,Dong Son,Xã Đồng Sơn,Dong Son Commune,Xã,82,Đồng Tháp,Dong Thap,10.388276,106.5653,10.356631,10.433556,106.519461,106.609911,44.3
29584,An Bình,An Binh,Xã An Bình,An Binh Commune,Xã,86,Vĩnh Long,Vinh Long,10.290628,105.986077,10.256851,10.331492,105.926637,106.035089,61.84
29158,An Hiệp,An Hiep,Xã An Hiệp,An Hiep Commune,Xã,86,Vĩnh Long,Vinh Long,10.037193,106.521611,9.99738,10.077749,106.470265,106.566881,56.33
28777,An Hội,An Hoi,Phường An Hội,An Hoi Ward,Phường,86,Vĩnh Long,Vinh Long,10.201346,106.377214,10.157641,10.244169,106.347865,106.407914,31.9
29143,An Ngãi Trung,An Ngai Trung,Xã An Ngãi Trung,An Ngai Trung Commune,Xã,86,Vĩnh Long,Vinh Long,10.090753,106.546264,10.057999,10.126294,106.511351,106.582458,33.87
29317,An Phú Tân,An Phu Tan,Xã An Phú Tân,An Phu Tan Commune,Xã,86,Vĩnh Long,Vinh Long,9.863173,106.020023,9.804563,9.922814,105.953199,106.078701,53.91
29224,An Qui,An Qui,Xã An Qui,An Qui Commune,Xã,86,Vĩnh Long,Vinh Long,9.895207,106.560657,9.842614,9.945787,106.510847,106.603984,73.53
29275,An Trường,An Truong,Xã An Trường,An Truong Commune,Xã,86,Vĩnh Long,Vinh Long,9.954556,106.164718,9.910621,10.00492,106.112694,106.21736,72.61
28957,An Định,An Dinh,Xã An Định,An Dinh Commune,Xã,86,Vĩnh Long,Vinh Long,10.067027,106.395244,10.026484,10.101473,106.34013,106.441469,46.59
29110,Ba Tri,Ba Tri,Xã Ba Tri,Ba Tri Commune,Xã,86,Vĩnh Long,Vinh Long,10.038972,106.590011,9.994942,10.079043,106.546575,106.646288,49.47
29125,Bảo Thạnh,Bao Thanh,Xã Bảo Thạnh,Bao Thanh Commune,Xã,86,Vĩnh Long,Vinh Long,10.061493,106.66606,10.001413,10.131884,106.638697,106.699006,62.28
28789,Bến Tre,Ben Tre,Phường Bến Tre,Ben Tre Ward,Phường,86,Vĩnh Long,Vinh Long,10.23764,106.324155,10.196209,10.262248,106.263501,106.366393,31.99
29771,Bình Minh,Binh Minh,Phường Bình Minh,Binh Minh Ward,Phường,86,Vĩnh Long,Vinh Long,10.083236,105.82285,10.04917,10.108864,105.795618,105.861275,23.86
29287,Bình Phú,Binh Phu,Xã Bình Phú,Binh Phu Commune,Xã,86,Vĩnh Long,Vinh Long,9.962668,106.26078,9.914054,10.00246,106.210686,106.309504,59.21
29638,Bình Phước,Binh Phuoc,Xã Bình Phước,Binh Phuoc Commune,Xã,86,Vĩnh Long,Vinh Long,10.194781,106.038111,10.158932,10.229751,105.998647,106.081023,35.67
29050,Bình Đại,Binh Dai,Xã Bình Đại,Binh Dai Commune,Xã,86,Vĩnh Long,Vinh Long,10.194386,106.69291,10.156377,10.232179,106.623179,106.741792,44.7
29728,Cái Ngang,Cai Ngang,Xã Cái Ngang,Cai Ngang Commune,Xã,86,Vĩnh Long,Vinh Long,10.116073,105.962638,10.068908,10.165869,105.91833,106.011297,63.14
29641,Cái Nhum,Cai Nhum,Xã Cái Nhum,Cai Nhum Commune,Xã,86,Vĩnh Long,Vinh Long,10.191445,106.123411,10.156411,10.239242,106.070668,106.176707,52.45
29770,Cái Vồn,Cai Von,Phường Cái Vồn,Cai Von Ward,Phường,86,Vĩnh Long,Vinh Long,10.020038,105.837584,9.9648,10.063806,105.798542,105.917234,26.52
29266,Càng Long,Cang Long,Xã Càng Long,Cang Long Commune,Xã,86,Vĩnh Long,Vinh Long,10.009737,106.20287,9.971714,10.050809,106.134553,106.277982,46.87
29308,Cầu Kè,Cau Ke,Xã Cầu Kè,Cau Ke Commune,Xã,86,Vĩnh Long,Vinh Long,9.87865,106.084652,9.822355,9.920305,106.044261,106.136041,54.12
29416,Cầu Ngang,Cau Ngang,Xã Cầu Ngang,Cau Ngang Commune,Xã,86,Vĩnh Long,Vinh Long,9.792999,106.452085,9.763524,9.831318,106.413475,106.490931,35.32
28996,Châu Hoà,Chau Hoa,Xã Châu Hoà,Chau Hoa Commune,Xã,86,Vĩnh Long,Vinh Long,10.192808,106.52303,10.149141,10.234865,106.456267,106.586775,52.05
29083,Châu Hưng,Chau Hung,Xã Châu Hưng,Chau Hung Commune,Xã,86,Vĩnh Long,Vinh Long,10.239189,106.505201,10.201247,10.282439,106.439908,106.562719,35.22
29374,Châu Thành,Chau Thanh,Xã Châu Thành,Chau Thanh Commune,Xã,86,Vĩnh Long,Vinh Long,9.839499,106.33689,9.792881,9.894248,106.278919,106.382079,87.41
28870,Chợ Lách,Cho Lach,Xã Chợ Lách,Cho Lach Commune,Xã,86,Vĩnh Long,Vinh Long,10.242233,106.161838,10.20155,10.283992,106.117993,106.215752,49.72
29512,Duyên Hải,Duyen Hai,Phường Duyên Hải,Duyen Hai Ward,Phường,86,Vĩnh Long,Vinh Long,9.626256,106.497753,9.571314,9.678031,106.439701,106.543962,69.63
28807,Giao Long,Giao Long,Xã Giao Long,Giao Long Commune,Xã,86,Vĩnh Long,Vinh Long,10.302489,106.408004,10.265385,10.338963,106.357965,106.452628,42.45
28984,Giồng Trôm,Giong Trom,Xã Giồng Trôm,Giong Trom Commune,Xã,86,Vĩnh Long,Vinh Long,10.157799,106.513017,10.115482,10.199792,106.476179,106.551699,42.39
29489,Hàm Giang,Ham Giang,Xã Hàm Giang,Ham Giang Commune,Xã,86,Vĩnh Long,Vinh Long,9.663917,106.260616,9.624071,9.695713,106.185334,106.335064,60.66
29455,Hiệp Mỹ,Hiep My,Xã Hiệp Mỹ,Hiep My Commune,Xã,86,Vĩnh Long,Vinh Long,9.740246,106.461358,9.697781,9.783429,106.403405,106.520156,67.45
29701,Hiếu Phụng,Hieu Phung,Xã Hiếu Phụng,Hieu Phung Commune,Xã,86,Vĩnh Long,Vinh Long,10.057182,106.12311,10.017631,10.101318,106.083938,106.172146,42.46
29713,Hiếu Thành,Hieu Thanh,Xã Hiếu Thành,Hieu Thanh Commune,Xã,86,Vĩnh Long,Vinh Long,9.99055,106.105858,9.938394,10.042023,106.066019,106.134802,53.41
29830,Hoà Bình,Hoa Binh,Xã Hoà Bình,Hoa Binh Commune,Xã,86,Vĩnh Long,Vinh Long,10.038402,106.061271,9.973883,10.093072,106.016184,106.096485,65.61
29734,Hoà Hiệp,Hoa Hiep,Xã Hoà Hiệp,Hoa Hiep Commune,Xã,86,Vĩnh Long,Vinh Long,10.107408,106.0318,10.075594,10.146256,105.986823,106.079254,44.1
29410,Hoà Minh,Hoa Minh,Xã Hoà Minh,Hoa Minh Commune,Xã,86,Vĩnh Long,Vinh Long,9.922606,106.444639,9.889324,9.967106,106.400019,106.492514,35.75
29398,Hoà Thuận,Hoa Thuan,Phường Hoà Thuận,Hoa Thuan Ward,Phường,86,Vĩnh Long,Vinh Long,9.946646,106.362345,9.91784,9.975604,106.343707,106.388849,16.51
29362,Hùng Hoà,Hung Hoa,Xã Hùng Hoà,Hung Hoa Commune,Xã,86,Vĩnh Long,Vinh Long,9.778589,106.23323,9.737058,9.816031,106.166595,106.307739,57.51
28901,Hưng Khánh Trung,Hung Khanh Trung,Xã Hưng Khánh Trung,Hung Khanh Trung Commune,Xã,86,Vĩnh Long,Vinh Long,10.176689,106.240231,10.147629,10.219014,106.203875,106.268862,32.14
29407,Hưng Mỹ,Hung My,Xã Hưng Mỹ,Hung My Commune,Xã,86,Vĩnh Long,Vinh Long,9.902357,106.398667,9.848959,9.979693,106.352358,106.445869,67.02
29044,Hưng Nhượng,Hung Nhuong,Xã Hưng Nhượng,Hung Nhuong Commune,Xã,86,Vĩnh Long,Vinh Long,10.093463,106.487974,10.026935,10.147286,106.447566,106.537428,53.66
28981,Hương Mỹ,Huong My,Xã Hương Mỹ,Huong My Commune,Xã,86,Vĩnh Long,Vinh Long,10.01261,106.379817,9.967572,10.064394,106.337691,106.425213,55.01
29077,Lộc Thuận,Loc Thuan,Xã Lộc Thuận,Loc Thuan Commune,Xã,86,Vĩnh Long,Vinh Long,10.240805,106.560151,10.197935,10.272882,106.503566,106.611752,42.7
29551,Long Châu,Long Chau,Phường Long Châu,Long Chau Ward,Phường,86,Vĩnh Long,Vinh Long,10.254131,105.945768,10.241041,10.27358,105.91815,105.978489,12.63
29506,Long Hiệp,Long Hiep,Xã Long Hiệp,Long Hiep Commune,Xã,86,Vĩnh Long,Vinh Long,9.716583,106.348327,9.675765,9.758458,106.290695,106.417485,65.17
29602,Long Hồ,Long Ho,Xã Long Hồ,Long Ho Commune,Xã,86,Vĩnh Long,Vinh Long,10.180282,105.995016,10.133542,10.231931,105.960492,106.031766,47.64
29413,Long Hoà,Long Hoa,Xã Long Hoà,Long Hoa Commune,Xã,86,Vĩnh Long,Vinh Long,9.868969,106.503675,9.828657,9.912697,106.445869,106.552244,52.67
29518,Long Hữu,Long Huu,Xã Long Hữu,Long Huu Commune,Xã,86,Vĩnh Long,Vinh Long,9.702324,106.522191,9.655877,9.751762,106.456614,106.570738,67.28
29513,Long Thành,Long Thanh,Xã Long Thành,Long Thanh Commune,Xã,86,Vĩnh Long,Vinh Long,9.601531,106.431483,9.564692,9.643796,106.384417,106.484483,51.51
29533,Long Vĩnh,Long Vinh,Xã Long Vĩnh,Long Vinh Commune,Xã,86,Vĩnh Long,Vinh Long,9.590692,106.354977,9.531333,9.631948,106.273296,106.406738,96.37
29263,Long Đức,Long Duc,Phường Long Đức,Long Duc Ward,Phường,86,Vĩnh Long,Vinh Long,9.978105,106.338305,9.936781,10.017004,106.303211,106.390383,40.62
29857,Lục Sĩ Thành,Luc Si Thanh,Xã Lục Sĩ Thành,Luc Si Thanh Commune,Xã,86,Vĩnh Long,Vinh Long,9.953725,105.90119,9.884633,9.99864,105.833619,105.979393,43.52
28987,Lương Hoà,Luong Hoa,Xã Lương Hoà,Luong Hoa Commune,Xã,86,Vĩnh Long,Vinh Long,10.216717,106.456666,10.16257,10.265537,106.429415,106.491919,37.48
28993,Lương Phú,Luong Phu,Xã Lương Phú,Luong Phu Commune,Xã,86,Vĩnh Long,Vinh Long,10.192849,106.423942,10.157553,10.235171,106.394686,106.450648,27.88
29476,Lưu Nghiệp Anh,Luu Nghiep Anh,Xã Lưu Nghiệp Anh,Luu Nghiep Anh Commune,Xã,86,Vĩnh Long,Vinh Long,9.710543,106.191682,9.673688,9.752162,106.132829,106.242314,54.62
28903,Mỏ Cày,Mo Cay,Xã Mỏ Cày,Mo Cay Commune,Xã,86,Vĩnh Long,Vinh Long,10.111411,106.322148,10.072118,10.152591,106.285508,106.359404,38.89
29122,Mỹ Chánh Hoà,My Chanh Hoa,Xã Mỹ Chánh Hoà,My Chanh Hoa Commune,Xã,86,Vĩnh Long,Vinh Long,10.134996,106.584687,10.076701,10.186262,106.542566,106.624924,50.61
29419,Mỹ Long,My Long,Xã Mỹ Long,My Long Commune,Xã,86,Vĩnh Long,Vinh Long,9.790581,106.506285,9.721567,9.853401,106.46628,106.545102,73.61
29788,Mỹ Thuận,My Thuan,Xã Mỹ Thuận,My Thuan Commune,Xã,86,Vĩnh Long,Vinh Long,10.131333,105.818595,10.094129,10.173211,105.773385,105.866831,56.01
29767,Ngãi Tứ,Ngai Tu,Xã Ngãi Tứ,Ngai Tu Commune,Xã,86,Vĩnh Long,Vinh Long,10.019089,105.926935,9.965801,10.059271,105.88244,105.984591,69.12
29530,Ngũ Lạc,Ngu Lac,Xã Ngũ Lạc,Ngu Lac Commune,Xã,86,Vĩnh Long,Vinh Long,9.682542,106.433789,9.629788,9.729715,106.394473,106.480324,60.92
29254,Nguyệt Hoá,Nguyet Hoa,Phường Nguyệt Hoá,Nguyet Hoa Ward,Phường,86,Vĩnh Long,Vinh Long,9.932207,106.311653,9.902904,9.96399,106.279226,106.340063,21.14
29302,Nhị Long,Nhi Long,Xã Nhị Long,Nhi Long Commune,Xã,86,Vĩnh Long,Vinh Long,10.026014,106.267267,9.969843,10.082127,106.216957,106.320842,57.95
29446,Nhị Trường,Nhi Truong,Xã Nhị Trường,Nhi Truong Commune,Xã,86,Vĩnh Long,Vinh Long,9.77504,106.381936,9.728036,9.817631,106.326472,106.432914,72.34
29623,Nhơn Phú,Nhon Phu,Xã Nhơn Phú,Nhon Phu Commune,Xã,86,Vĩnh Long,Vinh Long,10.225657,106.064776,10.184536,10.260431,106.01684,106.106036,38.09
28948,Nhuận Phú Tân,Nhuan Phu Tan,Xã Nhuận Phú Tân,Nhuan Phu Tan Commune,Xã,86,Vĩnh Long,Vinh Long,10.134475,106.265439,10.071932,10.199928,106.218958,106.297567,41.64
29329,Phong Thạnh,Phong Thanh,Xã Phong Thạnh,Phong Thanh Commune,Xã,86,Vĩnh Long,Vinh Long,9.821965,106.104267,9.751495,9.87842,106.049098,106.167855,77.33
28756,Phú Khương,Phu Khuong,Phường Phú Khương,Phu Khuong Ward,Phường,86,Vĩnh Long,Vinh Long,10.233692,106.400259,10.191015,10.264125,106.362667,106.432907,24.97
28879,Phú Phụng,Phu Phung,Xã Phú Phụng,Phu Phung Commune,Xã,86,Vĩnh Long,Vinh Long,10.263724,106.078501,10.228104,10.299096,106.02755,106.133878,47.89
29611,Phú Quới,Phu Quoi,Xã Phú Quới,Phu Quoi Commune,Xã,86,Vĩnh Long,Vinh Long,10.171834,105.921675,10.141193,10.205439,105.870191,105.975389,50.58
28858,Phú Tân,Phu Tan,Phường Phú Tân,Phu Tan Ward,Phường,86,Vĩnh Long,Vinh Long,10.26917,106.394366,10.245547,10.29232,106.353547,106.439908,26.58
29062,Phú Thuận,Phu Thuan,Xã Phú Thuận,Phu Thuan Commune,Xã,86,Vĩnh Long,Vinh Long,10.281583,106.48231,10.252222,10.307678,106.444683,106.533029,29.28
28810,Phú Túc,Phu Tuc,Xã Phú Túc,Phu Tuc Commune,Xã,86,Vĩnh Long,Vinh Long,10.303093,106.314156,10.249486,10.34014,106.242523,106.387277,63.14
29557,Phước Hậu,Phuoc Hau,Phường Phước Hậu,Phuoc Hau Ward,Phường,86,Vĩnh Long,Vinh Long,10.223891,105.96673,10.191931,10.252724,105.942721,105.99268,15.52
29020,Phước Long,Phuoc Long,Xã Phước Long,Phuoc Long Commune,Xã,86,Vĩnh Long,Vinh Long,10.148089,106.416697,10.103069,10.177002,106.363032,106.480067,39.95
28915,Phước Mỹ Trung,Phuoc My Trung,Xã Phước Mỹ Trung,Phuoc My Trung Commune,Xã,86,Vĩnh Long,Vinh Long,10.218408,106.280523,10.176657,10.256699,106.237859,106.322224,38.19
29668,Quới An,Quoi An,Xã Quới An,Quoi An Commune,Xã,86,Vĩnh Long,Vinh Long,10.136854,106.155923,10.097873,10.175854,106.098913,106.216712,44.93
29677,Quới Thiện,Quoi Thien,Xã Quới Thiện,Quoi Thien Commune,Xã,86,Vĩnh Long,Vinh Long,10.119778,106.222823,10.039555,10.176371,106.170687,106.296039,46.95
29191,Quới Điền,Quoi Dien,Xã Quới Điền,Quoi Dien Commune,Xã,86,Vĩnh Long,Vinh Long,9.974253,106.477375,9.919495,10.035519,106.440554,106.523033,49.58
28783,Sơn Đông,Son Dong,Phường Sơn Đông,Son Dong Ward,Phường,86,Vĩnh Long,Vinh Long,10.275221,106.341393,10.238337,10.306094,106.318461,106.371411,23.48
29386,Song Lộc,Song Loc,Xã Song Lộc,Song Loc Commune,Xã,86,Vĩnh Long,Vinh Long,9.88435,106.275318,9.837674,9.937065,106.219791,106.335019,80.1
29740,Song Phú,Song Phu,Xã Song Phú,Song Phu Commune,Xã,86,Vĩnh Long,Vinh Long,10.101942,105.894685,10.049338,10.155793,105.856485,105.939222,76.58
29719,Tam Bình,Tam Binh,Xã Tam Bình,Tam Binh Commune,Xã,86,Vĩnh Long,Vinh Long,10.061055,105.979428,10.023681,10.096084,105.932574,106.020749,34.63
29335,Tam Ngãi,Tam Ngai,Xã Tam Ngãi,Tam Ngai Commune,Xã,86,Vĩnh Long,Vinh Long,9.91817,106.067626,9.876397,9.959623,106.001344,106.140215,61.31
29278,Tân An,Tan An,Xã Tân An,Tan An Commune,Xã,86,Vĩnh Long,Vinh Long,9.905718,106.18963,9.860281,9.949824,106.12831,106.253184,57.25
29593,Tân Hạnh,Tan Hanh,Phường Tân Hạnh,Tan Hanh Ward,Phường,86,Vĩnh Long,Vinh Long,10.22304,105.93676,10.196327,10.246313,105.914742,105.961667,17.84
29029,Tân Hào,Tan Hao,Xã Tân Hào,Tan Hao Commune,Xã,86,Vĩnh Long,Vinh Long,10.114648,106.446103,10.062999,10.156663,106.402575,106.489529,44.45
29371,Tân Hoà,Tan Hoa,Xã Tân Hoà,Tan Hoa Commune,Xã,86,Vĩnh Long,Vinh Long,9.772028,106.144125,9.726522,9.822824,106.099276,106.201927,61.21
29653,Tân Long Hội,Tan Long Hoi,Xã Tân Long Hội,Tan Long Hoi Commune,Xã,86,Vĩnh Long,Vinh Long,10.145748,106.068483,10.105152,10.173443,106.022742,106.104347,36.27
29785,Tân Lược,Tan Luoc,Xã Tân Lược,Tan Luoc Commune,Xã,86,Vĩnh Long,Vinh Long,10.160351,105.733686,10.118647,10.205071,105.681642,105.787267,56.39
29566,Tân Ngãi,Tan Ngai,Phường Tân Ngãi,Tan Ngai Ward,Phường,86,Vĩnh Long,Vinh Long,10.258307,105.909677,10.220591,10.283713,105.877388,105.941494,21.7
28840,Tân Phú,Tan Phu,Xã Tân Phú,Tan Phu Commune,Xã,86,Vĩnh Long,Vinh Long,10.281865,106.199146,10.238813,10.32032,106.141319,106.250369,51.93
29800,Tân Quới,Tan Quoi,Xã Tân Quới,Tan Quoi Commune,Xã,86,Vĩnh Long,Vinh Long,10.106487,105.760238,10.052462,10.156777,105.707311,105.797067,45.66
28921,Tân Thành Bình,Tan Thanh Binh,Xã Tân Thành Bình,Tan Thanh Binh Commune,Xã,86,Vĩnh Long,Vinh Long,10.174634,106.317037,10.121886,10.223486,106.270154,106.361683,52.65
29167,Tân Thuỷ,Tan Thuy,Xã Tân Thuỷ,Tan Thuy Commune,Xã,86,Vĩnh Long,Vinh Long,9.998131,106.620588,9.962249,10.04763,106.561416,106.676859,52.55
29137,Tân Xuân,Tan Xuan,Xã Tân Xuân,Tan Xuan Commune,Xã,86,Vĩnh Long,Vinh Long,10.099637,106.621443,10.049643,10.150506,106.587732,106.654522,50.44
29365,Tập Ngãi,Tap Ngai,Xã Tập Ngãi,Tap Ngai Commune,Xã,86,Vĩnh Long,Vinh Long,9.838097,106.232192,9.792627,9.890494,106.187909,106.285377,58.77
29467,Tập Sơn,Tap Son,Xã Tập Sơn,Tap Son Commune,Xã,86,Vĩnh Long,Vinh Long,9.754367,106.276725,9.714905,9.79873,106.20954,106.344118,67.44
29221,Thạnh Hải,Thanh Hai,Xã Thạnh Hải,Thanh Hai Commune,Xã,86,Vĩnh Long,Vinh Long,9.914586,106.628229,9.813008,9.981785,106.559918,106.684846,100.71
29227,Thạnh Phong,Thanh Phong,Xã Thạnh Phong,Thanh Phong Commune,Xã,86,Vĩnh Long,Vinh Long,9.854587,106.617256,9.792953,9.917315,106.573921,106.652008,77.97
29182,Thạnh Phú,Thanh Phu,Xã Thạnh Phú,Thanh Phu Commune,Xã,86,Vĩnh Long,Vinh Long,9.959607,106.525593,9.892989,10.022909,106.484255,106.582854,70.7
29104,Thạnh Phước,Thanh Phuoc,Xã Thạnh Phước,Thanh Phuoc Commune,Xã,86,Vĩnh Long,Vinh Long,10.130493,106.695769,10.074215,10.199693,106.634792,106.744425,76.99
28969,Thành Thới,Thanh Thoi,Xã Thành Thới,Thanh Thoi Commune,Xã,86,Vĩnh Long,Vinh Long,10.055271,106.320245,10.00468,10.097623,106.277037,106.369279,49.35
29089,Thạnh Trị,Thanh Tri,Xã Thạnh Trị,Thanh Tri Commune,Xã,86,Vĩnh Long,Vinh Long,10.198202,106.627448,10.139973,10.246743,106.563326,106.679004,73.26
29590,Thanh Đức,Thanh Duc,Phường Thanh Đức,Thanh Duc Ward,Phường,86,Vĩnh Long,Vinh Long,10.246514,106.002652,10.223651,10.264662,105.972461,106.028681,16.49
29107,Thới Thuận,Thoi Thuan,Xã Thới Thuận,Thoi Thuan Commune,Xã,86,Vĩnh Long,Vinh Long,10.106678,106.746057,10.032858,10.194934,106.68462,106.791831,116.95
28861,Tiên Thuỷ,Tien Thuy,Xã Tiên Thuỷ,Tien Thuy Commune,Xã,86,Vĩnh Long,Vinh Long,10.275801,106.250576,10.242468,10.304924,106.216646,106.288602,33.81
29341,Tiểu Cần,Tieu Can,Xã Tiểu Cần,Tieu Can Commune,Xã,86,Vĩnh Long,Vinh Long,9.832545,106.178121,9.788126,9.892566,106.138319,106.214714,49.73
29836,Trà Côn,Tra Con,Xã Trà Côn,Tra Con Commune,Xã,86,Vĩnh Long,Vinh Long,10.013018,105.9988,9.962118,10.070069,105.939903,106.044152,59.37
29461,Trà Cú,Tra Cu,Xã Trà Cú,Tra Cu Commune,Xã,86,Vĩnh Long,Vinh Long,9.699609,106.275526,9.662515,9.737254,106.236163,106.311568,37.33
29821,Trà Ôn,Tra On,Xã Trà Ôn,Tra On Commune,Xã,86,Vĩnh Long,Vinh Long,9.944314,105.963882,9.901279,9.988942,105.916204,106.015562,42.78
29242,Trà Vinh,Tra Vinh,Phường Trà Vinh,Tra Vinh Ward,Phường,86,Vĩnh Long,Vinh Long,9.912785,106.342533,9.886636,9.958072,106.319389,106.366882,15.73
29683,Trung Hiệp,Trung Hiep,Xã Trung Hiệp,Trung Hiep Commune,Xã,86,Vĩnh Long,Vinh Long,10.109723,106.123531,10.077654,10.143747,106.069924,106.177141,46.73
29698,Trung Ngãi,Trung Ngai,Xã Trung Ngãi,Trung Ngai Commune,Xã,86,Vĩnh Long,Vinh Long,10.051678,106.20825,10.008451,10.102761,106.16045,106.238324,39.25
29659,Trung Thành,Trung Thanh,Xã Trung Thành,Trung Thanh Commune,Xã,86,Vĩnh Long,Vinh Long,10.069092,106.168526,10.032902,10.102367,106.125656,106.209206,35.88
29516,Trường Long Hoà,Truong Long Hoa,Phường Trường Long Hoà,Truong Long Hoa Ward,Phường,86,Vĩnh Long,Vinh Long,9.658427,106.545542,9.598066,9.698503,106.499104,106.581177,56.49
29431,Vinh Kim,Vinh Kim,Xã Vinh Kim,Vinh Kim Commune,Xã,86,Vĩnh Long,Vinh Long,9.845191,106.432949,9.813898,9.896892,106.378457,106.488338,56.68
28894,Vĩnh Thành,Vinh Thanh,Xã Vĩnh Thành,Vinh Thanh Commune,Xã,86,Vĩnh Long,Vinh Long,10.206146,106.203963,10.165127,10.25061,106.141101,106.255353,52.01
29845,Vĩnh Xuân,Vinh Xuan,Xã Vĩnh Xuân,Vinh Xuan Commune,Xã,86,Vĩnh Long,Vinh Long,9.961167,106.027936,9.923292,10.008831,105.973903,106.086586,57.79
29491,Đại An,Dai An,Xã Đại An,Dai An Commune,Xã,86,Vĩnh Long,Vinh Long,9.629012,106.283841,9.603687,9.652808,106.240046,106.324109,32.32
29194,Đại Điền,Dai Dien,Xã Đại Điền,Dai Dien Commune,Xã,86,Vĩnh Long,Vinh Long,10.005737,106.438441,9.942409,10.06975,106.399229,106.473635,59.26
29497,Đôn Châu,Don Chau,Xã Đôn Châu,Don Chau Commune,Xã,86,Vĩnh Long,Vinh Long,9.654654,106.364651,9.617801,9.699024,106.316657,106.40818,58.93
29536,Đông Hải,Dong Hai,Xã Đông Hải,Dong Hai Commune,Xã,86,Vĩnh Long,Vinh Long,9.560448,106.4485,9.527162,9.601434,106.366783,106.518958,68.91
28945,Đồng Khởi,Dong Khoi,Xã Đồng Khởi,Dong Khoi Commune,Xã,86,Vĩnh Long,Vinh Long,10.126466,106.367318,10.085094,10.17593,106.333687,106.411514,41.12
29812,Đông Thành,Dong Thanh,Phường Đông Thành,Dong Thanh Ward,Phường,86,Vĩnh Long,Vinh Long,10.036471,105.860886,9.990389,10.080916,105.822705,105.897551,44.35
30985,An Biên,An Bien,Xã An Biên,An Bien Commune,Xã,91,An Giang,An Giang,9.787102,105.09742,9.693584,9.863538,105.042244,105.146984,118.27
30589,An Châu,An Chau,Xã An Châu,An Chau Commune,Xã,91,An Giang,An Giang,10.397537,105.35005,10.345869,10.451254,105.284844,105.41049,70.25
30526,An Cư,An Cu,Xã An Cư,An Cu Commune,Xã,91,An Giang,An Giang,10.559007,105.012078,10.485784,10.61087,104.952026,105.08098,94.3
31018,An Minh,An Minh,Xã An Minh,An Minh Commune,Xã,91,An Giang,An Giang,9.601083,104.972389,9.532723,9.68221,104.909305,105.037574,142.3
30337,An Phú,An Phu,Xã An Phú,An Phu Commune,Xã,91,An Giang,An Giang,10.807517,105.07776,10.760816,10.853876,105.049707,105.107801,34.7
30547,Ba Chúc,Ba Chuc,Xã Ba Chúc,Ba Chuc Commune,Xã,91,An Giang,An Giang,10.50265,104.907224,10.456077,10.549374,104.849818,104.964494,70.94
30898,Bình An,Binh An,Xã Bình An,Binh An Commune,Xã,91,An Giang,An Giang,9.888882,105.135168,9.829173,9.949891,105.092882,105.178585,73.43
30826,Bình Giang,Binh Giang,Xã Bình Giang,Binh Giang Commune,Xã,91,An Giang,An Giang,10.309193,104.790518,10.212584,10.42399,104.704344,104.864568,163.7
30607,Bình Hoà,Binh Hoa,Xã Bình Hoà,Binh Hoa Commune,Xã,91,An Giang,An Giang,10.462333,105.333591,10.426063,10.506739,105.295066,105.386012,48.63
30487,Bình Mỹ,Binh My,Xã Bình Mỹ,Binh My Commune,Xã,91,An Giang,An Giang,10.513171,105.271293,10.457623,10.560303,105.18015,105.346791,82.62
30823,Bình Sơn,Binh Son,Xã Bình Sơn,Binh Son Commune,Xã,91,An Giang,An Giang,10.266415,104.859456,10.17488,10.355672,104.77388,104.954381,281.7
30445,Bình Thạnh Đông,Binh Thanh Dong,Xã Bình Thạnh Đông,Binh Thanh Dong Commune,Xã,91,An Giang,An Giang,10.600925,105.258637,10.551858,10.650258,105.212105,105.312068,61.7
30292,Bình Đức,Binh Duc,Phường Bình Đức,Binh Duc Ward,Phường,91,An Giang,An Giang,10.396618,105.398716,10.364263,10.4323,105.360545,105.435761,28.23
30595,Cần Đăng,Can Dang,Xã Cần Đăng,Can Dang Commune,Xã,91,An Giang,An Giang,10.429337,105.292515,10.365995,10.498335,105.259696,105.342026,65.21
30403,Châu Phong,Chau Phong,Xã Châu Phong,Chau Phong Commune,Xã,91,An Giang,An Giang,10.744048,105.166907,10.704727,10.783337,105.124535,105.218901,49.28
30463,Châu Phú,Chau Phu,Xã Châu Phú,Chau Phu Commune,Xã,91,An Giang,An Giang,10.51182,105.198107,10.437019,10.586073,105.115047,105.265872,80.11
30880,Châu Thành,Chau Thanh,Xã Châu Thành,Chau Thanh Commune,Xã,91,An Giang,An Giang,9.912644,105.191126,9.83777,9.988737,105.136374,105.250705,107.64
30316,Châu Đốc,Chau Doc,Phường Châu Đốc,Chau Doc Ward,Phường,91,An Giang,An Giang,10.696726,105.115252,10.649039,10.765393,105.078687,105.156085,41.32
30505,Chi Lăng,Chi Lang,Phường Chi Lăng,Chi Lang Ward,Phường,91,An Giang,An Giang,10.518092,105.050761,10.486162,10.553539,104.999041,105.095478,51.17
30628,Chợ Mới,Cho Moi,Xã Chợ Mới,Cho Moi Commune,Xã,91,An Giang,An Giang,10.530768,105.393004,10.481687,10.576074,105.352417,105.442044,50.43
30409,Chợ Vàm,Cho Vam,Xã Chợ Vàm,Cho Vam Commune,Xã,91,An Giang,An Giang,10.689706,105.286186,10.641557,10.723295,105.227717,105.352352,67.48
30580,Cô Tô,Co To,Xã Cô Tô,Co To Commune,Xã,91,An Giang,An Giang,10.357024,105.068399,10.270828,10.43927,104.992439,105.124808,176.75
30643,Cù Lao Giêng,Cu Lao Gieng,Xã Cù Lao Giêng,Cu Lao Gieng Commune,Xã,91,An Giang,An Giang,10.493236,105.533756,10.428529,10.547367,105.482214,105.57572,68.92
30796,Giang Thành,Giang Thanh,Xã Giang Thành,Giang Thanh Commune,Xã,91,An Giang,An Giang,10.447902,104.599795,10.347695,10.54001,104.526873,104.675553,184.14
30904,Giồng Riềng,Giong Rieng,Xã Giồng Riềng,Giong Rieng Commune,Xã,91,An Giang,An Giang,9.925275,105.273477,9.856991,9.990282,105.201672,105.331094,122.1
30952,Gò Quao,Go Quao,Xã Gò Quao,Go Quao Commune,Xã,91,An Giang,An Giang,9.745767,105.305602,9.674838,9.806534,105.240917,105.34637,83.92
30769,Hà Tiên,Ha Tien,Phường Hà Tiên,Ha Tien Ward,Phường,91,An Giang,An Giang,10.404983,104.49652,10.364296,10.446872,104.439051,104.55757,61.35
30934,Hoà Hưng,Hoa Hung,Xã Hoà Hưng,Hoa Hung Commune,Xã,91,An Giang,An Giang,9.896489,105.479928,9.823678,9.968625,105.415866,105.539398,114.24
30430,Hoà Lạc,Hoa Lac,Xã Hoà Lạc,Hoa Lac Commune,Xã,91,An Giang,An Giang,10.690691,105.208106,10.638432,10.734696,105.148103,105.254504,41.11
30949,Hoà Thuận,Hoa Thuan,Xã Hoà Thuận,Hoa Thuan Commune,Xã,91,An Giang,An Giang,9.849486,105.403986,9.807086,9.898452,105.337119,105.458526,73.85
30790,Hoà Điền,Hoa Dien,Xã Hoà Điền,Hoa Dien Commune,Xã,91,An Giang,An Giang,10.333657,104.676205,10.234394,10.420019,104.562104,104.785655,285.38
30673,Hội An,Hoi An,Xã Hội An,Hoi An Commune,Xã,91,An Giang,An Giang,10.391996,105.498098,10.333683,10.451669,105.449816,105.55485,63.54
30814,Hòn Nghệ,Hon Nghe,Xã Hòn Nghệ,Hon Nghe Commune,Xã,91,An Giang,An Giang,10.025157,104.552566,9.971414,10.040031,104.497812,104.561779,3.46
30817,Hòn Đất,Hon Dat,Xã Hòn Đất,Hon Dat Commune,Xã,91,An Giang,An Giang,10.216078,104.929562,10.086195,10.333585,104.821146,105.040862,281.7
30341,Khánh Bình,Khanh Binh,Xã Khánh Bình,Khanh Binh Commune,Xã,91,An Giang,An Giang,10.938336,105.08766,10.91628,10.961932,105.051016,105.118273,17.93
31108,Kiên Hải,Kien Hai,Đặc khu Kiên Hải,Kien Hai Special administrative region,Đặc khu,91,An Giang,An Giang,9.78865,104.571499,9.630941,9.977862,104.341527,104.858044,24.75
30787,Kiên Lương,Kien Luong,Xã Kiên Lương,Kien Luong Commune,Xã,91,An Giang,An Giang,10.215177,104.637891,10.077713,10.288623,104.571025,104.718448,138.07
30664,Long Kiến,Long Kien,Xã Long Kiến,Long Kien Commune,Xã,91,An Giang,An Giang,10.447687,105.488361,10.398658,10.500646,105.441973,105.535453,59.83
30377,Long Phú,Long Phu,Phường Long Phú,Long Phu Ward,Phường,91,An Giang,An Giang,10.783817,105.222125,10.746046,10.817825,105.206311,105.245808,19.21
30943,Long Thạnh,Long Thanh,Xã Long Thạnh,Long Thanh Commune,Xã,91,An Giang,An Giang,9.839901,105.279894,9.793993,9.889407,105.199958,105.350628,96.37
30307,Long Xuyên,Long Xuyen,Phường Long Xuyên,Long Xuyen Ward,Phường,91,An Giang,An Giang,10.366137,105.422735,10.337979,10.394944,105.375059,105.4621,29.98
30631,Long Điền,Long Dien,Xã Long Điền,Long Dien Commune,Xã,91,An Giang,An Giang,10.517069,105.458355,10.46845,10.552968,105.401487,105.504126,47.25
30313,Mỹ Hoà Hưng,My Hoa Hung,Xã Mỹ Hoà Hưng,My Hoa Hung Commune,Xã,91,An Giang,An Giang,10.418605,105.435624,10.381276,10.439502,105.408013,105.457319,19.65
30301,Mỹ Thới,My Thoi,Phường Mỹ Thới,My Thoi Ward,Phường,91,An Giang,An Giang,10.330469,105.450856,10.303003,10.364376,105.405678,105.49653,37.09
30838,Mỹ Thuận,My Thuan,Xã Mỹ Thuận,My Thuan Commune,Xã,91,An Giang,An Giang,10.172292,105.077508,10.078999,10.272909,104.980501,105.165209,210.5
30469,Mỹ Đức,My Duc,Xã Mỹ Đức,My Duc Commune,Xã,91,An Giang,An Giang,10.658338,105.162791,10.607447,10.702159,105.104847,105.216268,61.59
30928,Ngọc Chúc,Ngoc Chuc,Xã Ngọc Chúc,Ngoc Chuc Commune,Xã,91,An Giang,An Giang,9.916633,105.392418,9.85625,9.968995,105.314576,105.478975,90.25
30346,Nhơn Hội,Nhon Hoi,Xã Nhơn Hội,Nhon Hoi Commune,Xã,91,An Giang,An Giang,10.882557,105.064235,10.839618,10.929448,105.028478,105.102565,43.82
30658,Nhơn Mỹ,Nhon My,Xã Nhơn Mỹ,Nhon My Commune,Xã,91,An Giang,An Giang,10.485583,105.393456,10.438638,10.559032,105.327301,105.460145,78.66
30538,Núi Cấm,Nui Cam,Xã Núi Cấm,Nui Cam Commune,Xã,91,An Giang,An Giang,10.472428,105.038653,10.435517,10.51257,104.964494,105.115045,84.18
30577,Ô Lâm,O Lam,Xã Ô Lâm,O Lam Commune,Xã,91,An Giang,An Giang,10.404537,104.946719,10.323808,10.478693,104.879998,105.001359,99.52
30688,Óc Eo,Oc Eo,Xã Óc Eo,Oc Eo Commune,Xã,91,An Giang,An Giang,10.263129,105.160896,10.218553,10.306059,105.095271,105.215895,68.79
30436,Phú An,Phu An,Xã Phú An,Phu An Commune,Xã,91,An Giang,An Giang,10.640125,105.311093,10.596115,10.694115,105.262217,105.351641,57.35
30685,Phú Hoà,Phu Hoa,Xã Phú Hoà,Phu Hoa Commune,Xã,91,An Giang,An Giang,10.302084,105.393227,10.248136,10.365525,105.353154,105.441437,71.8
30352,Phú Hữu,Phu Huu,Xã Phú Hữu,Phu Huu Commune,Xã,91,An Giang,An Giang,10.863054,105.118052,10.79808,10.921423,105.079278,105.15641,81.4
30421,Phú Lâm,Phu Lam,Xã Phú Lâm,Phu Lam Commune,Xã,91,An Giang,An Giang,10.734264,105.251005,10.694554,10.766645,105.196954,105.304414,43.07
31078,Phú Quốc,Phu Quoc,Đặc khu Phú Quốc,Phu Quoc Special administrative region,Đặc khu,91,An Giang,An Giang,10.270949,103.99137,9.799732,10.452418,103.807747,104.098426,575.29
30406,Phú Tân,Phu Tan,Xã Phú Tân,Phu Tan Commune,Xã,91,An Giang,An Giang,10.580244,105.330704,10.540355,10.612741,105.293764,105.368405,41.88
30742,Rạch Giá,Rach Gia,Phường Rạch Giá,Rach Gia Ward,Phường,91,An Giang,An Giang,9.990976,105.100272,9.936042,10.048719,105.051935,105.146994,45.53
30811,Sơn Hải,Son Hai,Xã Sơn Hải,Son Hai Commune,Xã,91,An Giang,An Giang,10.14051,104.522219,10.071343,10.24643,104.396164,104.555478,4.31
30835,Sơn Kiên,Son Kien,Xã Sơn Kiên,Son Kien Commune,Xã,91,An Giang,An Giang,10.191995,105.001717,10.092826,10.302378,104.920722,105.091365,163.41
30388,Tân An,Tan An,Xã Tân An,Tan An Commune,Xã,91,An Giang,An Giang,10.803244,105.183722,10.753081,10.842963,105.15641,105.225226,40.61
30376,Tân Châu,Tan Chau,Phường Tân Châu,Tan Chau Ward,Phường,91,An Giang,An Giang,10.773732,105.247839,10.741096,10.804189,105.228267,105.267974,17.39
30850,Tân Hiệp,Tan Hiep,Xã Tân Hiệp,Tan Hiep Commune,Xã,91,An Giang,An Giang,10.085734,105.301118,9.992036,10.169899,105.226378,105.364817,146.62
30856,Tân Hội,Tan Hoi,Xã Tân Hội,Tan Hoi Commune,Xã,91,An Giang,An Giang,10.145331,105.180481,10.071881,10.21329,105.107376,105.264335,146.28
31031,Tân Thạnh,Tan Thanh,Xã Tân Thạnh,Tan Thanh Commune,Xã,91,An Giang,An Giang,9.763062,104.908556,9.678375,9.854134,104.858148,104.969908,123.85
30691,Tây Phú,Tay Phu,Xã Tây Phú,Tay Phu Commune,Xã,91,An Giang,An Giang,10.325411,105.171929,10.284341,10.376289,105.119095,105.245447,93.8
30988,Tây Yên,Tay Yen,Xã Tây Yên,Tay Yen Commune,Xã,91,An Giang,An Giang,9.884194,105.052741,9.821477,9.949087,104.979592,105.1144,127.5
30910,Thạnh Hưng,Thanh Hung,Xã Thạnh Hưng,Thanh Hung Commune,Xã,91,An Giang,An Giang,9.988236,105.380987,9.908078,10.072861,105.317547,105.478539,142.54
30886,Thạnh Lộc,Thanh Loc,Xã Thạnh Lộc,Thanh Loc Commune,Xã,91,An Giang,An Giang,10.017795,105.169309,9.962124,10.088905,105.106248,105.22423,104.62
30481,Thạnh Mỹ Tây,Thanh My Tay,Xã Thạnh Mỹ Tây,Thanh My Tay Commune,Xã,91,An Giang,An Giang,10.547127,105.126122,10.437016,10.638292,105.065478,105.200573,162.08
30874,Thạnh Đông,Thanh Dong,Xã Thạnh Đông,Thanh Dong Commune,Xã,91,An Giang,An Giang,10.036282,105.248642,9.956779,10.127888,105.179271,105.325838,130.02
31105,Thổ Châu,Tho Chau,Đặc khu Thổ Châu,Tho Chau Special administrative region,Đặc khu,91,An Giang,An Giang,9.307734,103.490912,9.256305,9.386224,103.457256,103.647385,13.98
30682,Thoại Sơn,Thoai Son,Xã Thoại Sơn,Thoai Son Commune,Xã,91,An Giang,An Giang,10.2409,105.227026,10.183368,10.286769,105.160584,105.288855,68.92
30502,Thới Sơn,Thoi Son,Phường Thới Sơn,Thoi Son Ward,Phường,91,An Giang,An Giang,10.630222,105.017606,10.589052,10.67784,104.978128,105.065478,49.36
30781,Tiên Hải,Tien Hai,Xã Tiên Hải,Tien Hai Commune,Xã,91,An Giang,An Giang,10.300179,104.320972,10.208383,10.323345,104.195899,104.352281,2.54
30520,Tịnh Biên,Tinh Bien,Phường Tịnh Biên,Tinh Bien Ward,Phường,91,An Giang,An Giang,10.584097,104.950535,10.513733,10.650211,104.899151,104.998579,75.57
30766,Tô Châu,To Chau,Phường Tô Châu,To Chau Ward,Phường,91,An Giang,An Giang,10.321467,104.552132,10.255332,10.382801,104.477217,104.616898,79.77
30544,Tri Tôn,Tri Ton,Xã Tri Tôn,Tri Ton Commune,Xã,91,An Giang,An Giang,10.42561,105.003912,10.376812,10.485784,104.946847,105.055289,73.14
31027,U Minh Thượng,U Minh Thuong,Xã U Minh Thượng,U Minh Thuong Commune,Xã,91,An Giang,An Giang,9.591734,105.104745,9.477935,9.710766,105.030585,105.201754,286.47
31042,Vân Khánh,Van Khanh,Xã Vân Khánh,Van Khanh Commune,Xã,91,An Giang,An Giang,9.564215,104.879294,9.494136,9.615024,104.836496,104.933364,90.84
30604,Vĩnh An,Vinh An,Xã Vĩnh An,Vinh An Commune,Xã,91,An Giang,An Giang,10.417621,105.168702,10.370986,10.472854,105.112942,105.225515,93.41
31064,Vĩnh Bình,Vinh Binh,Xã Vĩnh Bình,Vinh Binh Commune,Xã,91,An Giang,An Giang,9.605343,105.247559,9.519454,9.684187,105.166326,105.312855,159.68
30568,Vĩnh Gia,Vinh Gia,Xã Vĩnh Gia,Vinh Gia Commune,Xã,91,An Giang,An Giang,10.431034,104.860291,10.33589,10.520553,104.778411,104.951201,180.37
30619,Vĩnh Hanh,Vinh Hanh,Xã Vĩnh Hanh,Vinh Hanh Commune,Xã,91,An Giang,An Giang,10.414621,105.241562,10.363848,10.486903,105.193884,105.287641,76.81
30367,Vĩnh Hậu,Vinh Hau,Xã Vĩnh Hậu,Vinh Hau Commune,Xã,91,An Giang,An Giang,10.775277,105.126216,10.709668,10.828818,105.094604,105.160214,48.45
31012,Vĩnh Hoà,Vinh Hoa,Xã Vĩnh Hoà,Vinh Hoa Commune,Xã,91,An Giang,An Giang,9.695809,105.169018,9.620808,9.769265,105.091975,105.24773,146.23
30970,Vĩnh Hoà Hưng,Vinh Hoa Hung,Xã Vĩnh Hoà Hưng,Vinh Hoa Hung Commune,Xã,91,An Giang,An Giang,9.777057,105.373095,9.707943,9.839973,105.323263,105.437358,95.94
31051,Vĩnh Phong,Vinh Phong,Xã Vĩnh Phong,Vinh Phong Commune,Xã,91,An Giang,An Giang,9.468986,105.26707,9.383194,9.560438,105.189812,105.329957,139.3
30325,Vĩnh Tế,Vinh Te,Phường Vĩnh Tế,Vinh Te Ward,Phường,91,An Giang,An Giang,10.659892,105.069518,10.61087,10.710276,105.022141,105.115494,64.25
30478,Vĩnh Thạnh Trung,Vinh Thanh Trung,Xã Vĩnh Thạnh Trung,Vinh Thanh Trung Commune,Xã,91,An Giang,An Giang,10.601429,105.189981,10.544749,10.658309,105.140734,105.236184,64.97
30760,Vĩnh Thông,Vinh Thong,Phường Vĩnh Thông,Vinh Thong Ward,Phường,91,An Giang,An Giang,10.068443,105.089971,10.014984,10.114253,105.0098,105.163436,95.89
31069,Vĩnh Thuận,Vinh Thuan,Xã Vĩnh Thuận,Vinh Thuan Commune,Xã,91,An Giang,An Giang,9.506806,105.192777,9.444987,9.581893,105.136973,105.247632,95.46
30697,Vĩnh Trạch,Vinh Trach,Xã Vĩnh Trạch,Vinh Trach Commune,Xã,91,An Giang,An Giang,10.294343,105.343715,10.234495,10.354836,105.304364,105.38112,57.94
30982,Vĩnh Tuy,Vinh Tuy,Xã Vĩnh Tuy,Vinh Tuy Commune,Xã,91,An Giang,An Giang,9.656912,105.323179,9.587627,9.729643,105.235286,105.406934,115.86
30385,Vĩnh Xương,Vinh Xuong,Xã Vĩnh Xương,Vinh Xuong Commune,Xã,91,An Giang,An Giang,10.87371,105.173617,10.815989,10.923926,105.128428,105.222396,50.21
30793,Vĩnh Điều,Vinh Dieu,Xã Vĩnh Điều,Vinh Dieu Commune,Xã,91,An Giang,An Giang,10.457193,104.729123,10.367719,10.539353,104.63954,104.818906,229.35
30958,Định Hoà,Dinh Hoa,Xã Định Hoà,Dinh Hoa Commune,Xã,91,An Giang,An Giang,9.784291,105.213349,9.71855,9.853063,105.136264,105.294379,143.79
30709,Định Mỹ,Dinh My,Xã Định Mỹ,Dinh My Commune,Xã,91,An Giang,An Giang,10.324476,105.265962,10.261993,10.371249,105.185278,105.333268,109.77
31024,Đông Hoà,Dong Hoa,Xã Đông Hoà,Dong Hoa Commune,Xã,91,An Giang,An Giang,9.699899,104.991549,9.622909,9.77564,104.918157,105.066967,151.88
31036,Đông Hưng,Dong Hung,Xã Đông Hưng,Dong Hung Commune,Xã,91,An Giang,An Giang,9.653064,104.881158,9.599763,9.715579,104.843864,104.928947,81.62
31006,Đông Thái,Dong Thai,Xã Đông Thái,Dong Thai Commune,Xã,91,An Giang,An Giang,9.799321,105.000576,9.705416,9.878709,104.914988,105.096399,154.52
31150,An Bình,An Binh,Phường An Bình,An Binh Ward,Phường,92,Cần Thơ,Can Tho,10.004393,105.718162,9.986032,10.032496,105.680829,105.756051,18.39
31531,An Lạc Thôn,An Lac Thon,Xã An Lạc Thôn,An Lac Thon Commune,Xã,92,Cần Thơ,Can Tho,9.873777,105.911731,9.811111,9.938044,105.857815,105.96561,84.99
31594,An Ninh,An Ninh,Xã An Ninh,An Ninh Commune,Xã,92,Cần Thơ,Can Tho,9.631031,105.911172,9.588957,9.672598,105.860736,105.977766,68.81
31615,An Thạnh,An Thanh,Xã An Thạnh,An Thanh Commune,Xã,92,Cần Thơ,Can Tho,9.684592,106.148126,9.599333,9.774423,106.073468,106.249745,94.92
31168,Bình Thuỷ,Binh Thuy,Phường Bình Thuỷ,Binh Thuy Ward,Phường,92,Cần Thơ,Can Tho,10.072009,105.749434,10.045193,10.097899,105.726542,105.779357,15.17
31120,Cái Khế,Cai Khe,Phường Cái Khế,Cai Khe Ward,Phường,92,Cần Thơ,Can Tho,10.054501,105.779563,10.035971,10.076177,105.754798,105.800359,10.04
31186,Cái Răng,Cai Rang,Phường Cái Răng,Cai Rang Ward,Phường,92,Cần Thơ,Can Tho,9.987435,105.761359,9.955427,10.016908,105.723422,105.795004,26.88
31366,Châu Thành,Chau Thanh,Xã Châu Thành,Chau Thanh Commune,Xã,92,Cần Thơ,Can Tho,9.942485,105.83602,9.902446,9.982462,105.785416,105.89675,47.71
31261,Cờ Đỏ,Co Do,Xã Cờ Đỏ,Co Do Commune,Xã,92,Cần Thơ,Can Tho,10.067836,105.415743,10.025211,10.113005,105.36447,105.450647,44.59
31633,Cù Lao Dung,Cu Lao Dung,Xã Cù Lao Dung,Cu Lao Dung Commune,Xã,92,Cần Thơ,Can Tho,9.575043,106.225034,9.489621,9.662061,106.136322,106.298168,150.13
31726,Gia Hoà,Gia Hoa,Xã Gia Hoà,Gia Hoa Commune,Xã,92,Cần Thơ,Can Tho,9.43175,105.800276,9.370137,9.493026,105.753434,105.846608,77.06
31396,Hiệp Hưng,Hiep Hung,Xã Hiệp Hưng,Hiep Hung Commune,Xã,92,Cần Thơ,Can Tho,9.767712,105.741329,9.71462,9.807234,105.682889,105.799195,69.25
31570,Hồ Đắc Kiện,Ho Dac Kien,Xã Hồ Đắc Kiện,Ho Dac Kien Commune,Xã,92,Cần Thơ,Can Tho,9.7071,105.856931,9.652313,9.752934,105.799073,105.903789,72.61
31393,Hoà An,Hoa An,Xã Hoà An,Hoa An Commune,Xã,92,Cần Thơ,Can Tho,9.780918,105.635141,9.739988,9.83383,105.589117,105.694527,61.62
31338,Hoả Lựu,Hoa Luu,Xã Hoả Lựu,Hoa Luu Commune,Xã,92,Cần Thơ,Can Tho,9.71728,105.401171,9.679729,9.757431,105.32789,105.460326,59.68
31717,Hoà Tú,Hoa Tu,Xã Hoà Tú,Hoa Tu Commune,Xã,92,Cần Thơ,Can Tho,9.416399,105.888198,9.352796,9.485226,105.852889,105.932344,67.15
31201,Hưng Phú,Hung Phu,Phường Hưng Phú,Hung Phu Ward,Phường,92,Cần Thơ,Can Tho,9.99405,105.803282,9.954402,10.04684,105.766955,105.84408,40.93
31528,Kế Sách,Ke Sach,Xã Kế Sách,Ke Sach Commune,Xã,92,Cần Thơ,Can Tho,9.770565,105.944112,9.734643,9.816159,105.901537,106.001626,61.58
31789,Khánh Hoà,Khanh Hoa,Phường Khánh Hoà,Khanh Hoa Ward,Phường,92,Cần Thơ,Can Tho,9.400646,106.011066,9.33659,9.453611,105.923215,106.128674,130.48
31810,Lai Hoà,Lai Hoa,Xã Lai Hoà,Lai Hoa Commune,Xã,92,Cần Thơ,Can Tho,9.298033,105.843615,9.245156,9.354116,105.811974,105.881163,55.37
31759,Lâm Tân,Lam Tan,Xã Lâm Tân,Lam Tan Commune,Xã,92,Cần Thơ,Can Tho,9.506917,105.772752,9.452349,9.556448,105.71266,105.848527,90.83
31679,Lịch Hội Thượng,Lich Hoi Thuong,Xã Lịch Hội Thượng,Lich Hoi Thuong Commune,Xã,92,Cần Thơ,Can Tho,9.465204,106.148131,9.401471,9.534123,106.127307,106.17498,48.99
31675,Liêu Tú,Lieu Tu,Xã Liêu Tú,Lieu Tu Commune,Xã,92,Cần Thơ,Can Tho,9.481412,106.09961,9.412811,9.547519,106.04541,106.137359,83.15
31473,Long Bình,Long Binh,Phường Long Bình,Long Binh Ward,Phường,92,Cần Thơ,Can Tho,9.722804,105.584955,9.680012,9.776653,105.554162,105.618901,40.2
31579,Long Hưng,Long Hung,Xã Long Hưng,Long Hung Commune,Xã,92,Cần Thơ,Can Tho,9.674056,105.764957,9.624626,9.721799,105.66887,105.84146,79.71
31471,Long Mỹ,Long My,Phường Long Mỹ,Long My Ward,Phường,92,Cần Thơ,Can Tho,9.686195,105.609116,9.650751,9.727397,105.54694,105.665527,51.4
31639,Long Phú,Long Phu,Xã Long Phú,Long Phu Commune,Xã,92,Cần Thơ,Can Tho,9.59559,106.122955,9.541465,9.656578,106.063203,106.183919,76.77
31480,Long Phú 1,Long Phu 1,Phường Long Phú 1,Ward Long Phu 1,Phường,92,Cần Thơ,Can Tho,9.652198,105.639162,9.609383,9.705252,105.581166,105.690885,57.67
31183,Long Tuyền,Long Tuyen,Phường Long Tuyền,Long Tuyen Ward,Phường,92,Cần Thơ,Can Tho,10.043447,105.725445,10.00628,10.083024,105.702758,105.755813,28.48
31492,Lương Tâm,Luong Tam,Xã Lương Tâm,Luong Tam Commune,Xã,92,Cần Thơ,Can Tho,9.619957,105.427825,9.584348,9.667895,105.373695,105.481859,60.53
31591,Mỹ Hương,My Huong,Xã Mỹ Hương,My Huong Commune,Xã,92,Cần Thơ,Can Tho,9.589797,105.861085,9.52384,9.67146,105.812386,105.945398,104.74
31603,Mỹ Phước,My Phuoc,Xã Mỹ Phước,My Phuoc Commune,Xã,92,Cần Thơ,Can Tho,9.587929,105.721233,9.535578,9.646044,105.674508,105.785409,97.36
31753,Mỹ Quới,My Quoi,Phường Mỹ Quới,My Quoi Ward,Phường,92,Cần Thơ,Can Tho,9.486604,105.579908,9.411393,9.556761,105.543981,105.622888,83.91
31567,Mỹ Tú,My Tu,Xã Mỹ Tú,My Tu Commune,Xã,92,Cần Thơ,Can Tho,9.599594,105.792438,9.522754,9.657175,105.73817,105.849005,86.63
31684,Mỹ Xuyên,My Xuyen,Phường Mỹ Xuyên,My Xuyen Ward,Phường,92,Cần Thơ,Can Tho,9.554763,105.945254,9.515315,9.594861,105.887018,106.00905,48.34
31340,Ngã Bảy,Nga Bay,Phường Ngã Bảy,Nga Bay Ward,Phường,92,Cần Thơ,Can Tho,9.801778,105.820441,9.764061,9.830206,105.782027,105.853438,25.17
31732,Ngã Năm,Nga Nam,Phường Ngã Năm,Nga Nam Ward,Phường,92,Cần Thơ,Can Tho,9.58612,105.612118,9.523333,9.641777,105.545996,105.67848,95.3
31723,Ngọc Tố,Ngoc To,Xã Ngọc Tố,Ngoc To Commune,Xã,92,Cần Thơ,Can Tho,9.476628,105.938862,9.386475,9.562293,105.891616,105.984205,112.53
31315,Nhơn Ái,Nhon Ai,Xã Nhơn Ái,Nhon Ai Commune,Xã,92,Cần Thơ,Can Tho,9.977449,105.681982,9.939618,10.015478,105.630419,105.739601,38.16
31552,Nhơn Mỹ,Nhon My,Xã Nhơn Mỹ,Nhon My Commune,Xã,92,Cần Thơ,Can Tho,9.762104,106.024508,9.710576,9.82025,105.968031,106.080697,79.73
31708,Nhu Gia,Nhu Gia,Xã Nhu Gia,Nhu Gia Commune,Xã,92,Cần Thơ,Can Tho,9.470394,105.854895,9.384433,9.528758,105.816259,105.903479,75.59
31135,Ninh Kiều,Ninh Kieu,Phường Ninh Kiều,Ninh Kieu Ward,Phường,92,Cần Thơ,Can Tho,10.033055,105.77739,10.019942,10.047633,105.762157,105.792177,5.42
31153,Ô Môn,O Mon,Phường Ô Môn,O Mon Ward,Phường,92,Cần Thơ,Can Tho,10.124581,105.624574,10.078493,10.174795,105.578981,105.666343,54.69
31537,Phong Nẫm,Phong Nam,Xã Phong Nẫm,Phong Nam Commune,Xã,92,Cần Thơ,Can Tho,9.896742,105.952546,9.857775,9.932992,105.905902,105.998388,17.3
31299,Phong Điền,Phong Dien,Xã Phong Điền,Phong Dien Commune,Xã,92,Cần Thơ,Can Tho,10.027907,105.668508,9.985894,10.057162,105.624297,105.713199,45.58
31378,Phú Hữu,Phu Huu,Xã Phú Hữu,Phu Huu Commune,Xã,92,Cần Thơ,Can Tho,9.898365,105.827414,9.859589,9.946928,105.767026,105.880742,60.54
31756,Phú Lộc,Phu Loc,Xã Phú Lộc,Phu Loc Commune,Xã,92,Cần Thơ,Can Tho,9.435174,105.710978,9.383557,9.486805,105.665262,105.771706,80.15
31510,Phú Lợi,Phu Loi,Phường Phú Lợi,Phu Loi Ward,Phường,92,Cần Thơ,Can Tho,9.591743,105.985241,9.569659,9.614836,105.94279,106.025397,26.79
31569,Phú Tâm,Phu Tam,Xã Phú Tâm,Phu Tam Commune,Xã,92,Cần Thơ,Can Tho,9.713855,105.94369,9.683999,9.751976,105.886522,105.997419,48.88
31420,Phụng Hiệp,Phung Hiep,Xã Phụng Hiệp,Phung Hiep Commune,Xã,92,Cần Thơ,Can Tho,9.816186,105.714119,9.776876,9.864334,105.649167,105.788932,66.78
31162,Phước Thới,Phuoc Thoi,Phường Phước Thới,Phuoc Thoi Ward,Phường,92,Cần Thơ,Can Tho,10.092029,105.662697,10.042665,10.144723,105.616886,105.70968,53.11
31426,Phương Bình,Phuong Binh,Xã Phương Bình,Phuong Binh Commune,Xã,92,Cần Thơ,Can Tho,9.715644,105.687611,9.653327,9.76436,105.61507,105.75691,85.87
31507,Sóc Trăng,Soc Trang,Phường Sóc Trăng,Soc Trang Ward,Phường,92,Cần Thơ,Can Tho,9.627156,105.990872,9.599037,9.660748,105.939346,106.041094,41.67
31687,Tài Văn,Tai Van,Xã Tài Văn,Tai Van Commune,Xã,92,Cần Thơ,Can Tho,9.542625,106.049429,9.490957,9.587481,105.995609,106.095362,68.07
31147,Tân An,Tan An,Phường Tân An,Tan An Ward,Phường,92,Cần Thơ,Can Tho,10.02583,105.759514,10.006108,10.046238,105.743817,105.774177,8.06
31399,Tân Bình,Tan Binh,Xã Tân Bình,Tan Binh Commune,Xã,92,Cần Thơ,Can Tho,9.861351,105.645339,9.812678,9.907961,105.591646,105.698426,61.85
31342,Tân Hoà,Tan Hoa,Xã Tân Hoà,Tan Hoa Commune,Xã,92,Cần Thơ,Can Tho,9.918597,105.617073,9.865347,9.975922,105.559981,105.673615,58.6
31213,Tân Lộc,Tan Loc,Phường Tân Lộc,Tan Loc Ward,Phường,92,Cần Thơ,Can Tho,10.247261,105.574585,10.186896,10.306097,105.515393,105.626676,33.4
31741,Tân Long,Tan Long,Xã Tân Long,Tan Long Commune,Xã,92,Cần Thơ,Can Tho,9.522488,105.668636,9.476501,9.581985,105.599867,105.738637,102.12
31432,Tân Phước Hưng,Tan Phuoc Hung,Xã Tân Phước Hưng,Tan Phuoc Hung Commune,Xã,92,Cần Thơ,Can Tho,9.746391,105.795207,9.69787,9.79586,105.735889,105.844794,57.77
31666,Tân Thạnh,Tan Thanh,Xã Tân Thạnh,Tan Thanh Commune,Xã,92,Cần Thơ,Can Tho,9.622992,106.063709,9.578528,9.673368,106.014534,106.10785,70.8
31231,Thạnh An,Thanh An,Xã Thạnh An,Thanh An Commune,Xã,92,Cần Thơ,Can Tho,10.185367,105.289645,10.100697,10.25331,105.225759,105.356595,85.97
31408,Thạnh Hoà,Thanh Hoa,Xã Thạnh Hoà,Thanh Hoa Commune,Xã,92,Cần Thơ,Can Tho,9.87692,105.727624,9.824077,9.922772,105.665128,105.790671,81.36
31249,Thạnh Phú,Thanh Phu,Xã Thạnh Phú,Thanh Phu Commune,Xã,92,Cần Thơ,Can Tho,10.129548,105.404688,10.073218,10.186652,105.34588,105.465454,99.07
31246,Thạnh Quới,Thanh Quoi,Xã Thạnh Quới,Thanh Quoi Commune,Xã,92,Cần Thơ,Can Tho,10.207526,105.348009,10.146937,10.277015,105.281816,105.414172,103.86
31699,Thạnh Thới An,Thanh Thoi An,Xã Thạnh Thới An,Thanh Thoi An Commune,Xã,92,Cần Thơ,Can Tho,9.48256,106.006567,9.424385,9.540427,105.964555,106.056498,87.15
31360,Thạnh Xuân,Thanh Xuan,Xã Thạnh Xuân,Thanh Xuan Commune,Xã,92,Cần Thơ,Can Tho,9.931581,105.691843,9.895428,9.97554,105.636348,105.742814,43.95
31540,Thới An Hội,Thoi An Hoi,Xã Thới An Hội,Thoi An Hoi Commune,Xã,92,Cần Thơ,Can Tho,9.825604,105.979375,9.779067,9.885406,105.936113,106.029499,60.32
31174,Thới An Đông,Thoi An Dong,Phường Thới An Đông,Thoi An Dong Ward,Phường,92,Cần Thơ,Can Tho,10.081466,105.700998,10.052734,10.117472,105.665484,105.735385,25.04
31264,Thới Hưng,Thoi Hung,Xã Thới Hưng,Thoi Hung Commune,Xã,92,Cần Thơ,Can Tho,10.123956,105.51857,10.087492,10.171892,105.443329,105.58156,69.92
31258,Thới Lai,Thoi Lai,Xã Thới Lai,Thoi Lai Commune,Xã,92,Cần Thơ,Can Tho,10.041138,105.550555,9.995453,10.0819,105.491236,105.594968,50.78
31157,Thới Long,Thoi Long,Phường Thới Long,Thoi Long Ward,Phường,92,Cần Thơ,Can Tho,10.170149,105.582987,10.122539,10.208765,105.536507,105.636647,54.1
31207,Thốt Nốt,Thot Not,Phường Thốt Nốt,Thot Not Ward,Phường,92,Cần Thơ,Can Tho,10.291728,105.503811,10.262456,10.324991,105.470595,105.536726,23.61
31582,Thuận Hoà,Thuan Hoa,Xã Thuận Hoà,Thuan Hoa Commune,Xã,92,Cần Thơ,Can Tho,9.67649,105.93438,9.642103,9.709237,105.867614,105.987692,45.86
31228,Thuận Hưng,Thuan Hung,Phường Thuận Hưng,Thuan Hung Ward,Phường,92,Cần Thơ,Can Tho,10.22633,105.56233,10.186982,10.272628,105.531178,105.601419,31.13
31673,Trần Đề,Tran De,Xã Trần Đề,Tran De Commune,Xã,92,Cần Thơ,Can Tho,9.514047,106.175914,9.423968,9.57911,106.1098,106.219458,93.92
31255,Trung Hưng,Trung Hung,Xã Trung Hưng,Trung Hung Commune,Xã,92,Cần Thơ,Can Tho,10.17663,105.498785,10.121131,10.225517,105.45403,105.545992,61.07
31217,Trung Nhứt,Trung Nhut,Phường Trung Nhứt,Trung Nhut Ward,Phường,92,Cần Thơ,Can Tho,10.233646,105.509667,10.196295,10.269636,105.476892,105.5394,30.84
31654,Trường Khánh,Truong Khanh,Xã Trường Khánh,Truong Khanh Commune,Xã,92,Cần Thơ,Can Tho,9.687983,106.028583,9.648615,9.734024,105.982723,106.069864,58.33
31309,Trường Long,Truong Long,Xã Trường Long,Truong Long Commune,Xã,92,Cần Thơ,Can Tho,9.980115,105.618015,9.945727,10.006283,105.583085,105.648555,31.01
31348,Trường Long Tây,Truong Long Tay,Xã Trường Long Tây,Truong Long Tay Commune,Xã,92,Cần Thơ,Can Tho,9.943359,105.572354,9.894397,9.994168,105.53235,105.619036,50.59
31288,Trường Thành,Truong Thanh,Xã Trường Thành,Truong Thanh Commune,Xã,92,Cần Thơ,Can Tho,10.056206,105.594621,9.989061,10.128687,105.55505,105.628191,59.09
31294,Trường Xuân,Truong Xuan,Xã Trường Xuân,Truong Xuan Commune,Xã,92,Cần Thơ,Can Tho,9.979161,105.524544,9.919491,10.028884,105.478975,105.573247,67.94
31333,Vị Tân,Vi Tan,Phường Vị Tân,Vi Tan Ward,Phường,92,Cần Thơ,Can Tho,9.791555,105.45368,9.754766,9.825682,105.404852,105.502952,37.07
31321,Vị Thanh,Vi Thanh,Phường Vị Thanh,Vi Thanh Ward,Phường,92,Cần Thơ,Can Tho,9.760226,105.458974,9.737445,9.784004,105.413112,105.489245,22.11
31465,Vị Thanh 1,Vi Thanh 1,Xã Vị Thanh 1,Commune Vi Thanh 1,Xã,92,Cần Thơ,Can Tho,9.849532,105.529959,9.798862,9.913028,105.461608,105.591721,71.12
31441,Vị Thuỷ,Vi Thuy,Xã Vị Thuỷ,Vi Thuy Commune,Xã,92,Cần Thơ,Can Tho,9.760159,105.535829,9.705511,9.817177,105.489245,105.581054,49.84
31783,Vĩnh Châu,Vinh Chau,Phường Vĩnh Châu,Vinh Chau Ward,Phường,92,Cần Thơ,Can Tho,9.347989,106.034445,9.292233,9.408007,105.969518,106.097962,98.26
31795,Vĩnh Hải,Vinh Hai,Xã Vĩnh Hải,Vinh Hai Commune,Xã,92,Cần Thơ,Can Tho,9.373384,106.134009,9.325275,9.420756,106.077223,106.188106,83.75
31777,Vĩnh Lợi,Vinh Loi,Xã Vĩnh Lợi,Vinh Loi Commune,Xã,92,Cần Thơ,Can Tho,9.438098,105.642989,9.37742,9.495658,105.587644,105.706633,76.82
31804,Vĩnh Phước,Vinh Phuoc,Phường Vĩnh Phước,Vinh Phuoc Ward,Phường,92,Cần Thơ,Can Tho,9.320108,105.911659,9.265369,9.375058,105.846555,105.976419,103.15
31232,Vĩnh Thạnh,Vinh Thanh,Xã Vĩnh Thạnh,Vinh Thanh Commune,Xã,92,Cần Thơ,Can Tho,10.218015,105.430154,10.162773,10.265316,105.383713,105.487191,65.9
31453,Vĩnh Thuận Đông,Vinh Thuan Dong,Xã Vĩnh Thuận Đông,Vinh Thuan Dong Commune,Xã,92,Cần Thơ,Can Tho,9.71711,105.50315,9.668416,9.777423,105.450341,105.559011,72.2
31237,Vĩnh Trinh,Vinh Trinh,Xã Vĩnh Trinh,Vinh Trinh Commune,Xã,92,Cần Thơ,Can Tho,10.268762,105.464278,10.229465,10.311301,105.426592,105.498549,51.01
31459,Vĩnh Tường,Vinh Tuong,Xã Vĩnh Tường,Vinh Tuong Commune,Xã,92,Cần Thơ,Can Tho,9.812494,105.576656,9.762714,9.865278,105.525977,105.626011,67.01
31489,Vĩnh Viễn,Vinh Vien,Xã Vĩnh Viễn,Vinh Vien Commune,Xã,92,Cần Thơ,Can Tho,9.67488,105.431979,9.636539,9.71318,105.33799,105.497103,68.86
31495,Xà Phiên,Xa Phien,Xã Xà Phiên,Xa Phien Commune,Xã,92,Cần Thơ,Can Tho,9.6319,105.526762,9.582094,9.687495,105.457751,105.596207,100.48
31561,Đại Hải,Dai Hai,Xã Đại Hải,Dai Hai Commune,Xã,92,Cần Thơ,Can Tho,9.798633,105.880625,9.744686,9.857297,105.843547,105.916771,70.52
31645,Đại Ngãi,Dai Ngai,Xã Đại Ngãi,Dai Ngai Commune,Xã,92,Cần Thơ,Can Tho,9.700438,106.080102,9.65084,9.743025,106.027547,106.121367,37.67
31411,Đại Thành,Dai Thanh,Phường Đại Thành,Dai Thanh Ward,Phường,92,Cần Thơ,Can Tho,9.844808,105.820327,9.801331,9.882829,105.766516,105.867116,53
31273,Đông Hiệp,Dong Hiep,Xã Đông Hiệp,Dong Hiep Commune,Xã,92,Cần Thơ,Can Tho,10.080019,105.499435,10.053449,10.10923,105.441534,105.564267,46.25
31369,Đông Phước,Dong Phuoc,Xã Đông Phước,Dong Phuoc Commune,Xã,92,Cần Thơ,Can Tho,9.934078,105.763326,9.892985,9.967149,105.721454,105.811442,40
31282,Đông Thuận,Dong Thuan,Xã Đông Thuận,Dong Thuan Commune,Xã,92,Cần Thơ,Can Tho,10.023836,105.468704,9.968625,10.065903,105.417943,105.51288,60.89
31988,An Trạch,An Trach,Xã An Trạch,An Trach Commune,Xã,96,Cà Mau,Ca Mau,9.167729,105.359804,9.106256,9.223238,105.299305,105.415935,49.22
32002,An Xuyên,An Xuyen,Phường An Xuyên,An Xuyen Ward,Phường,96,Cà Mau,Ca Mau,9.224606,105.177777,9.177151,9.267392,105.119166,105.255271,69.9
31825,Bạc Liêu,Bac Lieu,Phường Bạc Liêu,Bac Lieu Ward,Phường,96,Cà Mau,Ca Mau,9.289983,105.711813,9.257247,9.321569,105.679301,105.747117,5.98
32069,Biển Bạch,Bien Bach,Xã Biển Bạch,Bien Bach Commune,Xã,96,Cà Mau,Ca Mau,9.465967,105.061362,9.365763,9.558481,104.959883,105.136973,158.2
32128,Cái Nước,Cai Nuoc,Xã Cái Nước,Cai Nuoc Commune,Xã,96,Cà Mau,Ca Mau,8.916406,105.027078,8.851988,8.963853,104.958691,105.103264,118.25
32212,Cái Đôi Vàm,Cai Doi Vam,Xã Cái Đôi Vàm,Cai Doi Vam Commune,Xã,96,Cà Mau,Ca Mau,8.82831,104.83098,8.772244,8.898595,104.780669,104.903287,131.1
31894,Châu Thới,Chau Thoi,Xã Châu Thới,Chau Thoi Commune,Xã,96,Cà Mau,Ca Mau,9.375594,105.627639,9.330875,9.424282,105.549711,105.714232,23.04
31972,Gành Hào,Ganh Hao,Xã Gành Hào,Ganh Hao Commune,Xã,96,Cà Mau,Ca Mau,9.088546,105.428214,9.019991,9.148653,105.393029,105.476928,13.4
31942,Giá Rai,Gia Rai,Phường Giá Rai,Gia Rai Ward,Phường,96,Cà Mau,Ca Mau,9.274766,105.408872,9.209532,9.356934,105.339135,105.489596,11.76
31840,Hiệp Thành,Hiep Thanh,Phường Hiệp Thành,Hiep Thanh Ward,Phường,96,Cà Mau,Ca Mau,9.24406,105.76793,9.197357,9.28824,105.709743,105.827273,29.05
32092,Hồ Thị Kỷ,Ho Thi Ky,Xã Hồ Thị Kỷ,Ho Thi Ky Commune,Xã,96,Cà Mau,Ca Mau,9.261015,105.117787,9.200677,9.304614,105.056559,105.179398,93.6
31891,Hoà Bình,Hoa Binh,Xã Hoà Bình,Hoa Binh Commune,Xã,96,Cà Mau,Ca Mau,9.269998,105.625155,9.199685,9.341751,105.547318,105.708231,26.54
32041,Hoà Thành,Hoa Thanh,Phường Hoà Thành,Hoa Thanh Ward,Phường,96,Cà Mau,Ca Mau,9.130181,105.206684,9.081938,9.175338,105.14824,105.280466,97.29
31843,Hồng Dân,Hong Dan,Xã Hồng Dân,Hong Dan Commune,Xã,96,Cà Mau,Ca Mau,9.537241,105.451518,9.474917,9.600866,105.375812,105.515513,15.62
31906,Hưng Hội,Hung Hoi,Xã Hưng Hội,Hung Hoi Commune,Xã,96,Cà Mau,Ca Mau,9.352354,105.79631,9.300403,9.404668,105.732338,105.860463,28.38
32140,Hưng Mỹ,Hung My,Xã Hưng Mỹ,Hung My Commune,Xã,96,Cà Mau,Ca Mau,9.006005,105.012336,8.941157,9.06235,104.959337,105.070769,98.4
32059,Khánh An,Khanh An,Xã Khánh An,Khanh An Commune,Xã,96,Cà Mau,Ca Mau,9.257083,105.012218,9.186232,9.326924,104.930301,105.087852,177.7
32110,Khánh Bình,Khanh Binh,Xã Khánh Bình,Khanh Binh Commune,Xã,96,Cà Mau,Ca Mau,9.151902,105.017823,9.077556,9.1987,104.959297,105.087802,104.5
32119,Khánh Hưng,Khanh Hung,Xã Khánh Hưng,Khanh Hung Commune,Xã,96,Cà Mau,Ca Mau,9.108616,104.867306,9.046438,9.171187,104.806896,104.922132,129.6
32062,Khánh Lâm,Khanh Lam,Xã Khánh Lâm,Khanh Lam Commune,Xã,96,Cà Mau,Ca Mau,9.335218,104.912945,9.273473,9.397582,104.823463,105.018376,208.2
31951,Láng Tròn,Lang Tron,Phường Láng Tròn,Lang Tron Ward,Phường,96,Cà Mau,Ca Mau,9.296209,105.474905,9.241955,9.352723,105.401902,105.548579,32.18
31985,Long Điền,Long Dien,Xã Long Điền,Long Dien Commune,Xã,96,Cà Mau,Ca Mau,9.161652,105.463071,9.077853,9.237036,105.405195,105.512226,87.72
32134,Lương Thế Trân,Luong The Tran,Xã Lương Thế Trân,Luong The Tran Commune,Xã,96,Cà Mau,Ca Mau,9.098705,105.079689,9.039608,9.170535,104.994192,105.157206,142.42
32014,Lý Văn Lâm,Ly Van Lam,Phường Lý Văn Lâm,Ly Van Lam Ward,Phường,96,Cà Mau,Ca Mau,9.164531,105.125208,9.113563,9.208313,105.086716,105.164598,44.5
32191,Năm Căn,Nam Can,Xã Năm Căn,Nam Can Commune,Xã,96,Cà Mau,Ca Mau,8.80956,105.036095,8.753466,8.872377,104.98866,105.076641,70.06
32044,Nguyễn Phích,Nguyen Phich,Xã Nguyễn Phích,Nguyen Phich Commune,Xã,96,Cà Mau,Ca Mau,9.44872,104.977367,9.316122,9.561564,104.881269,105.066904,245
32227,Nguyễn Việt Khái,Nguyen Viet Khai,Xã Nguyễn Việt Khái,Nguyen Viet Khai Commune,Xã,96,Cà Mau,Ca Mau,8.869139,104.92991,8.812064,8.932089,104.851105,105.01299,129.9
31849,Ninh Quới,Ninh Quoi,Xã Ninh Quới,Ninh Quoi Commune,Xã,96,Cà Mau,Ca Mau,9.525355,105.524948,9.450625,9.597275,105.482457,105.555452,32.42
31864,Ninh Thạnh Lợi,Ninh Thanh Loi,Xã Ninh Thạnh Lợi,Ninh Thanh Loi Commune,Xã,96,Cà Mau,Ca Mau,9.467171,105.344572,9.382208,9.54385,105.290861,105.41969,66.4
32244,Phan Ngọc Hiển,Phan Ngoc Hien,Xã Phan Ngọc Hiển,Phan Ngoc Hien Commune,Xã,96,Cà Mau,Ca Mau,8.647362,104.985857,8.575032,8.74932,104.87855,105.13688,237.7
31885,Phong Hiệp,Phong Hiep,Xã Phong Hiệp,Phong Hiep Commune,Xã,96,Cà Mau,Ca Mau,9.337024,105.318188,9.279595,9.391446,105.248097,105.389712,55.97
31957,Phong Thạnh,Phong Thanh,Xã Phong Thạnh,Phong Thanh Commune,Xã,96,Cà Mau,Ca Mau,9.234348,105.314932,9.174212,9.303196,105.232351,105.408489,27.08
32214,Phú Mỹ,Phu My,Xã Phú Mỹ,Phu My Commune,Xã,96,Cà Mau,Ca Mau,8.963607,104.924576,8.9061,9.01045,104.858866,104.975949,87.81
32218,Phú Tân,Phu Tan,Xã Phú Tân,Phu Tan Commune,Xã,96,Cà Mau,Ca Mau,8.928516,104.845972,8.86812,8.991565,104.798635,104.89608,101.7
31867,Phước Long,Phuoc Long,Xã Phước Long,Phuoc Long Commune,Xã,96,Cà Mau,Ca Mau,9.442528,105.485407,9.379883,9.492737,105.420706,105.543689,49.48
32182,Quách Phẩm,Quach Pham,Xã Quách Phẩm,Quach Pham Commune,Xã,96,Cà Mau,Ca Mau,8.893575,105.107923,8.846474,8.949341,105.048604,105.157919,73.8
32098,Sông Đốc,Song Doc,Xã Sông Đốc,Song Doc Commune,Xã,96,Cà Mau,Ca Mau,9.022387,104.843533,8.881194,9.078204,104.522279,104.896903,83.95
32155,Tạ An Khương,Ta An Khuong,Xã Tạ An Khương,Ta An Khuong Commune,Xã,96,Cà Mau,Ca Mau,9.047486,105.230536,8.975594,9.094561,105.170622,105.318178,104.2
32206,Tam Giang,Tam Giang,Xã Tam Giang,Tam Giang Commune,Xã,96,Cà Mau,Ca Mau,8.808598,105.178176,8.758366,8.84991,105.065934,105.308435,205.2
32236,Tân Ân,Tan An,Xã Tân Ân,Tan An Commune,Xã,96,Cà Mau,Ca Mau,8.727693,105.07839,8.657509,8.796614,104.97922,105.216568,218.3
32137,Tân Hưng,Tan Hung,Xã Tân Hưng,Tan Hung Commune,Xã,96,Cà Mau,Ca Mau,9.01163,105.08803,8.941203,9.079516,105.028429,105.139889,92.41
32083,Tân Lộc,Tan Loc,Xã Tân Lộc,Tan Loc Commune,Xã,96,Cà Mau,Ca Mau,9.292598,105.224916,9.241931,9.349213,105.173878,105.294083,96.8
32025,Tân Thành,Tan Thanh,Phường Tân Thành,Tan Thanh Ward,Phường,96,Cà Mau,Ca Mau,9.186884,105.21649,9.161778,9.225988,105.145826,105.279128,48.42
32167,Tân Thuận,Tan Thuan,Xã Tân Thuận,Tan Thuan Commune,Xã,96,Cà Mau,Ca Mau,9.019319,105.329615,8.956393,9.072375,105.242862,105.419373,169.8
32188,Tân Tiến,Tan Tien,Xã Tân Tiến,Tan Tien Commune,Xã,96,Cà Mau,Ca Mau,8.908831,105.303623,8.8236,8.981382,105.239764,105.386045,207.2
32185,Thanh Tùng,Thanh Tung,Xã Thanh Tùng,Thanh Tung Commune,Xã,96,Cà Mau,Ca Mau,8.880869,105.184637,8.847092,8.928515,105.108964,105.246151,89.9
32065,Thới Bình,Thoi Binh,Xã Thới Bình,Thoi Binh Commune,Xã,96,Cà Mau,Ca Mau,9.34044,105.115543,9.292868,9.403225,105.044113,105.179645,121
32161,Trần Phán,Tran Phan,Xã Trần Phán,Tran Phan Commune,Xã,96,Cà Mau,Ca Mau,9.00809,105.142492,8.935028,9.101225,105.102299,105.178512,74.9
32095,Trần Văn Thời,Tran Van Thoi,Xã Trần Văn Thời,Tran Van Thoi Commune,Xã,96,Cà Mau,Ca Mau,9.079065,104.945534,8.994566,9.177218,104.894245,105.003382,128.72
32071,Trí Phải,Tri Phai,Xã Trí Phải,Tri Phai Commune,Xã,96,Cà Mau,Ca Mau,9.399547,105.192493,9.323022,9.477935,105.096832,105.296783,166.6
32047,U Minh,U Minh,Xã U Minh,U Minh Commune,Xã,96,Cà Mau,Ca Mau,9.43525,104.874719,9.357849,9.531399,104.82965,104.950246,145
31927,Vĩnh Hậu,Vinh Hau,Xã Vĩnh Hậu,Vinh Hau Commune,Xã,96,Cà Mau,Ca Mau,9.204258,105.64861,9.134932,9.279124,105.564012,105.729552,105.94
31858,Vĩnh Lộc,Vinh Loc,Xã Vĩnh Lộc,Vinh Loc Commune,Xã,96,Cà Mau,Ca Mau,9.570584,105.356767,9.516441,9.637433,105.286205,105.427259,48.47
31900,Vĩnh Lợi,Vinh Loi,Xã Vĩnh Lợi,Vinh Loi Commune,Xã,96,Cà Mau,Ca Mau,9.367171,105.737364,9.311179,9.413788,105.687874,105.786398,31.98
31918,Vĩnh Mỹ,Vinh My,Xã Vĩnh Mỹ,Vinh My Commune,Xã,96,Cà Mau,Ca Mau,9.318517,105.576029,9.259522,9.380282,105.507333,105.653515,40.72
31876,Vĩnh Phước,Vinh Phuoc,Xã Vĩnh Phước,Vinh Phuoc Commune,Xã,96,Cà Mau,Ca Mau,9.398907,105.409673,9.341742,9.475882,105.317848,105.476972,75.5
31882,Vĩnh Thanh,Vinh Thanh,Xã Vĩnh Thanh,Vinh Thanh Commune,Xã,96,Cà Mau,Ca Mau,9.379613,105.517133,9.324763,9.452315,105.460213,105.578659,37.37
31834,Vĩnh Trạch,Vinh Trach,Phường Vĩnh Trạch,Vinh Trach Ward,Phường,96,Cà Mau,Ca Mau,9.295364,105.777513,9.257339,9.339288,105.724787,105.82355,10.22
32104,Đá Bạc,Da Bac,Xã Đá Bạc,Da Bac Commune,Xã,96,Cà Mau,Ca Mau,9.213023,104.89056,9.137764,9.277316,104.798961,104.994559,211.9
32152,Đầm Dơi,Dam Doi,Xã Đầm Dơi,Dam Doi Commune,Xã,96,Cà Mau,Ca Mau,8.963004,105.19842,8.88469,9.037851,105.152841,105.248505,96.2
32201,Đất Mới,Dat Moi,Xã Đất Mới,Dat Moi Commune,Xã,96,Cà Mau,Ca Mau,8.760125,104.924642,8.691028,8.85345,104.80397,105.017288,222.94
32248,Đất Mũi,Dat Mui,Xã Đất Mũi,Dat Mui Commune,Xã,96,Cà Mau,Ca Mau,8.63268,104.819859,8.380348,8.727018,104.712295,104.9153,271.2
31993,Định Thành,Dinh Thanh,Xã Định Thành,Dinh Thanh Commune,Xã,96,Cà Mau,Ca Mau,9.111589,105.323862,9.057143,9.18473,105.244991,105.403953,31.58
31975,Đông Hải,Dong Hai,Xã Đông Hải,Dong Hai Commune,Xã,96,Cà Mau,Ca Mau,9.1817,105.531894,9.101908,9.259125,105.486077,105.582489,100.16
